scenario,label,output_ratio,s1,s2,metric,variable,t1,t4,t8,t12
scale_development_y100,Y1/Y2 = 1.0,1,0.5,0.5,Policy rate,r,0.00293857547676302,0.000474422732200885,-0.000232785064057328,0.00011141203736087
scale_development_y100,Y1/Y2 = 1.0,1,0.5,0.5,Debt service pressure,ds2,0.0179010405257084,0.00590123817837604,0.000106054173346873,-2.10086203538754e-05
scale_development_y100,Y1/Y2 = 1.0,1,0.5,0.5,Fiscal space,fs2,-0.0191349941292703,-0.0066460091951496,-0.000408609468143847,-0.000153579662708236
scale_development_y100,Y1/Y2 = 1.0,1,0.5,0.5,Public investment,ig2,-0.00112335259524786,-0.00288946920994014,-0.00348475163481504,-0.00318780507494548
scale_development_y100,Y1/Y2 = 1.0,1,0.5,0.5,Public capital,kg2,-0.00112335259524787,-0.00818747523055841,-0.0203543630288081,-0.0312733946260613
scale_development_y100,Y1/Y2 = 1.0,1,0.5,0.5,Final output,y2,-0.0176533824787033,-0.0106549610781188,-0.00432846447758684,-0.00249772254669778
scale_development_y100,Y1/Y2 = 1.0,1,0.5,0.5,Consumption,c2,-0.0109321305760233,-0.00185097821913083,-6.20256899839244e-05,-0.000293233126035464
scale_development_y100,Y1/Y2 = 1.0,1,0.5,0.5,Inflation,pinf2,-0.0175454962956644,-0.00398584712472883,5.69066591142864e-05,0.000368789365315703
scale_development_y150,Y1/Y2 = 1.5,1.5,0.6,0.4,Policy rate,r,0.00292265675135206,0.000450902173378953,-0.000248391085559962,0.000101329503772618
scale_development_y150,Y1/Y2 = 1.5,1.5,0.6,0.4,Debt service pressure,ds2,0.0179627463502025,0.00591095727406184,0.000106666963657362,-2.10069648694036e-05
scale_development_y150,Y1/Y2 = 1.5,1.5,0.6,0.4,Fiscal space,fs2,-0.0191993816510852,-0.00665787828916663,-0.000410634790384098,-0.00015450577553891
scale_development_y150,Y1/Y2 = 1.5,1.5,0.6,0.4,Public investment,ig2,-0.0011260183755666,-0.00289658946960131,-0.00349362813028499,-0.00319608032504519
scale_development_y150,Y1/Y2 = 1.5,1.5,0.6,0.4,Public capital,kg2,-0.00112601837556703,-0.00820735938936412,-0.0204050156472162,-0.0313523697593876
scale_development_y150,Y1/Y2 = 1.5,1.5,0.6,0.4,Final output,y2,-0.0176917478016448,-0.0106857197247652,-0.00434867266559935,-0.00251094816480091
scale_development_y150,Y1/Y2 = 1.5,1.5,0.6,0.4,Consumption,c2,-0.0109544713595615,-0.00185611183969958,-6.42648212070274e-05,-0.000295464704167414
scale_development_y150,Y1/Y2 = 1.5,1.5,0.6,0.4,Inflation,pinf2,-0.0176062014086841,-0.00401806288825923,4.01508815843776e-05,0.00035860698780632
scale_development_y200,Y1/Y2 = 2.0,2,0.66666667,0.33333333,Policy rate,r,0.00291200073314513,0.000435157538106967,-0.000258837762740605,9.45801296730053e-05
scale_development_y200,Y1/Y2 = 2.0,2,0.66666667,0.33333333,Debt service pressure,ds2,0.0180040526977552,0.00591746337730217,0.000107077187621955,-2.10058384056914e-05
scale_development_y200,Y1/Y2 = 2.0,2,0.66666667,0.33333333,Fiscal space,fs2,-0.0192424831565373,-0.00666582362016695,-0.000411990563117248,-0.000155125723300981
scale_development_y200,Y1/Y2 = 2.0,2,0.66666667,0.33333333,Public investment,ig2,-0.00112780287979393,-0.00290135585334636,-0.00349957015280947,-0.0032016198584513
scale_development_y200,Y1/Y2 = 2.0,2,0.66666667,0.33333333,Public capital,kg2,-0.00112780287979408,-0.00822067007535754,-0.0204389230813549,-0.0314052365698023
scale_development_y200,Y1/Y2 = 2.0,2,0.66666667,0.33333333,Final output,y2,-0.0177174299739065,-0.0107063098328921,-0.00436220002514931,-0.00251980124406936
scale_development_y200,Y1/Y2 = 2.0,2,0.66666667,0.33333333,Consumption,c2,-0.0109694265462846,-0.00185954835976421,-6.5763690168974e-05,-0.000296958488675059
scale_development_y200,Y1/Y2 = 2.0,2,0.66666667,0.33333333,Inflation,pinf2,-0.0176468378710385,-0.00403962822988368,2.8934560172722e-05,0.000351790804199004
