scenario,label,output_ratio,s1,s2,metric,developed_var,less_developed_var,diff_t1,diff_t4,diff_t8,diff_t12
scale_development_y100,Y1/Y2 = 1.0,1,0.5,0.5,Debt service pressure,ds1,ds2,0.00501480229000189,0.00168090507745765,-7.51828603109354e-06,3.06758328857785e-06
scale_development_y100,Y1/Y2 = 1.0,1,0.5,0.5,Fiscal space,fs1,fs2,-0.00497830982748279,-0.00171664704980197,-5.00650447259887e-05,-5.42105992535902e-05
scale_development_y100,Y1/Y2 = 1.0,1,0.5,0.5,Public investment,ig1,ig2,-0.00027605114377853,-0.000832872540784471,-0.00107907702993147,-0.000995893882123525
scale_development_y100,Y1/Y2 = 1.0,1,0.5,0.5,Public capital,kg1,kg2,-0.000276051143779377,-0.00224178747227288,-0.0059687548329963,-0.00941317421356214
scale_development_y100,Y1/Y2 = 1.0,1,0.5,0.5,Private investment,inv1,inv2,-4.95793573769832e-05,-2.48230834773433e-05,0.000122633374921743,0.000191077892270797
scale_development_y100,Y1/Y2 = 1.0,1,0.5,0.5,Final output,y1,y2,-0.000319735130002052,-0.000821668490785021,-0.000907662971227352,-0.000769883175458674
scale_development_y100,Y1/Y2 = 1.0,1,0.5,0.5,Consumption,c1,c2,5.89537115358585e-06,3.60271334767237e-05,4.87806837823346e-05,3.49328143938177e-05
scale_development_y100,Y1/Y2 = 1.0,1,0.5,0.5,Inflation,pinf1,pinf2,-9.50402751076496e-05,-4.61521568437817e-05,9.27720913668217e-06,2.68415406632361e-05
scale_development_y150,Y1/Y2 = 1.5,1.5,0.6,0.4,Debt service pressure,ds1,ds2,0.00503573833220238,0.00168423112769594,-7.33510358674142e-06,3.02545858109522e-06
scale_development_y150,Y1/Y2 = 1.5,1.5,0.6,0.4,Fiscal space,fs1,fs2,-0.00499917490835119,-0.00172002174517456,-5.03488623787851e-05,-5.42670628038561e-05
scale_development_y150,Y1/Y2 = 1.5,1.5,0.6,0.4,Public investment,ig1,ig2,-0.000276734142752769,-0.000834923594802667,-0.00108172908627996,-0.00099833533899793
scale_development_y150,Y1/Y2 = 1.5,1.5,0.6,0.4,Public capital,kg1,kg2,-0.000276734142752311,-0.00224731518882848,-0.00598344721352895,-0.00943631472358586
scale_development_y150,Y1/Y2 = 1.5,1.5,0.6,0.4,Private investment,inv1,inv2,-4.97013849211081e-05,-2.48848890703202e-05,0.000122931548618643,0.000191540395476864
scale_development_y150,Y1/Y2 = 1.5,1.5,0.6,0.4,Final output,y1,y2,-0.000320525815025507,-0.000823692652154095,-0.000909896902497542,-0.000771776384384859
scale_development_y150,Y1/Y2 = 1.5,1.5,0.6,0.4,Consumption,c1,c2,5.90971264835538e-06,3.61158317189192e-05,4.89006351639398e-05,3.50185591363461e-05
scale_development_y150,Y1/Y2 = 1.5,1.5,0.6,0.4,Inflation,pinf1,pinf2,-9.52746439630836e-05,-4.62655968066494e-05,9.30028782408776e-06,2.69077670493889e-05
scale_development_y200,Y1/Y2 = 2.0,2,0.66666667,0.33333333,Debt service pressure,ds1,ds2,0.00504975310164243,0.00168645762317675,-7.21247212462708e-06,2.99726931107542e-06
scale_development_y200,Y1/Y2 = 2.0,2,0.66666667,0.33333333,Fiscal space,fs1,fs2,-0.00501314217574751,-0.00172228080486765,-5.0538861201585e-05,-5.43048708832178e-05
scale_development_y200,Y1/Y2 = 2.0,2,0.66666667,0.33333333,Public investment,ig1,ig2,-0.000277191349568898,-0.000836296592738733,-0.00108350440266504,-0.000999969678600082
scale_development_y200,Y1/Y2 = 2.0,2,0.66666667,0.33333333,Public capital,kg1,kg2,-0.000277191349568717,-0.00225101550214823,-0.00599328245510833,-0.00945180524075351
scale_development_y200,Y1/Y2 = 2.0,2,0.66666667,0.33333333,Private investment,inv1,inv2,-4.9783071494891e-05,-2.49262622935564e-05,0.000123131149931899,0.00019185000135441
scale_development_y200,Y1/Y2 = 2.0,2,0.66666667,0.33333333,Final output,y1,y2,-0.000321055108055357,-0.000825047647730726,-0.000911392320778082,-0.000773043719601296
scale_development_y200,Y1/Y2 = 2.0,2,0.66666667,0.33333333,Consumption,c1,c2,5.91931300841786e-06,3.6175207301925e-05,4.8980931955489e-05,3.50759576447368e-05
scale_development_y200,Y1/Y2 = 2.0,2,0.66666667,0.33333333,Inflation,pinf1,pinf2,-9.54315330140565e-05,-4.6341534778005e-05,9.31573690632348e-06,2.69520997056016e-05
