quantity,value
central_steady_balance,-0.0482828282828285
household_net_outflow,0.22
scheme_A_denominator,0.0331000000000001
baseline_ds_peak_ratio,2.56283036705416
baseline_fs_trough_ratio,2.51663558897691
baseline_ig_trough_ratio,2.4803238203598
baseline_ds1_minimum,-3.750033415479e-05
baseline_ds1_minimum_quarter,10
baseline_ds1_maximum,0.00446976012677124
baseline_ds1_maximum_quarter,2
baseline_ds1_quarter40,-4.29282862868946e-06
baseline_ds1_post_trough_crossing_quarter,NaN
baseline_ds2_minimum,-0.00014940869362965
baseline_ds2_minimum_quarter,11
baseline_ds2_maximum,0.0114552369863372
baseline_ds2_maximum_quarter,2
baseline_ds2_quarter40,-1.20778474807307e-05
baseline_ds2_post_trough_crossing_quarter,NaN
baseline_fs1_minimum,-0.00458542078083335
baseline_fs1_minimum_quarter,2
baseline_fs1_maximum,1.13539185730566e-05
baseline_fs1_maximum_quarter,10
baseline_fs1_quarter40,-4.92873445050168e-06
baseline_fs1_post_trough_crossing_quarter,9
baseline_fs2_minimum,-0.0115398331274795
baseline_fs2_minimum_quarter,2
baseline_fs2_maximum,0.000115759799697482
baseline_fs2_maximum_quarter,11
baseline_fs2_quarter40,1.47541586945077e-06
baseline_fs2_post_trough_crossing_quarter,9
baseline_ig1_minimum,-0.000694397917307715
baseline_ig1_minimum_quarter,8
baseline_ig1_maximum,1.01877348533813e-05
baseline_ig1_maximum_quarter,40
baseline_ig1_quarter40,1.01877348533813e-05
baseline_ig1_post_trough_crossing_quarter,37
baseline_ig2_minimum,-0.00172233169510656
baseline_ig2_minimum_quarter,8
baseline_ig2_maximum,4.79070723981151e-05
baseline_ig2_maximum_quarter,40
baseline_ig2_quarter40,4.79070723981151e-05
baseline_ig2_post_trough_crossing_quarter,34
baseline_kg1_minimum,-0.0085443633379656
baseline_kg1_minimum_quarter,23
baseline_kg1_maximum,-0.000213923797003801
baseline_kg1_maximum_quarter,1
baseline_kg1_quarter40,-0.00621493878311874
baseline_kg1_post_trough_crossing_quarter,NaN
baseline_kg2_minimum,-0.0207173236391807
baseline_kg2_minimum_quarter,22
baseline_kg2_maximum,-0.000482517832889329
baseline_kg2_maximum_quarter,1
baseline_kg2_quarter40,-0.0145982497632815
baseline_kg2_post_trough_crossing_quarter,NaN
symmetric_debt_max_gap,2.04281036531029e-14
debt160_NetRealDebt_serviceBurden_minimum,-0.000353551336867035
debt160_NetRealDebt_serviceBurden_minimum_quarter,12
debt160_NetRealDebt_serviceBurden_maximum,0.0141015609065443
debt160_NetRealDebt_serviceBurden_maximum_quarter,2
debt160_NetRealDebt_serviceBurden_quarter40,-2.62536582397374e-05
debt160_NetRealDebt_serviceBurden_post_trough_crossing_quarter,NaN
debt160_PublicInvestment_minimum,-0.00201071020098892
debt160_PublicInvestment_minimum_quarter,8
debt160_PublicInvestment_maximum,0.000102065671437043
debt160_PublicInvestment_maximum_quarter,39
debt160_PublicInvestment_quarter40,0.000100106626349544
debt160_PublicInvestment_post_trough_crossing_quarter,32
debt160_PublicCapital_minimum,-0.0233575519420945
debt160_PublicCapital_minimum_quarter,22
debt160_PublicCapital_maximum,-0.000532233366836721
debt160_PublicCapital_maximum_quarter,1
debt160_PublicCapital_quarter40,-0.0154203651045819
debt160_PublicCapital_post_trough_crossing_quarter,NaN
demand_inflation_sd_reduction_pct,53.0532508122795
scale_development_y100_NetRealDebt_serviceBurden_impact_pct,17.5234679092437
scale_development_y100_PublicInvestment_impact_pct,-0.402098194074498
scale_development_y100_LocalProductionGDP_impact_pct,-0.235809765349249
scale_development_y150_NetRealDebt_serviceBurden_impact_pct,17.6836792819223
scale_development_y150_PublicInvestment_impact_pct,-0.404580566990539
scale_development_y150_LocalProductionGDP_impact_pct,-0.237248608249338
scale_development_y200_NetRealDebt_serviceBurden_impact_pct,17.7615582735215
scale_development_y200_PublicInvestment_impact_pct,-0.405807414929271
scale_development_y200_LocalProductionGDP_impact_pct,-0.237875811016474
transfer_ig2_trough_improvement_pct,21.7849283101376
transfer_ig2_minimum,-0.00134712297006481
transfer_ig2_minimum_quarter,8
transfer_ig2_maximum,3.00987177994233e-05
transfer_ig2_maximum_quarter,40
transfer_ig2_quarter40,3.00987177994233e-05
transfer_ig2_post_trough_crossing_quarter,35
transfer_kg2_trough_improvement_pct,21.9335444832704
transfer_kg2_minimum,-0.0161732802430379
transfer_kg2_minimum_quarter,22
transfer_kg2_maximum,-0.000393284710283659
transfer_kg2_maximum_quarter,1
transfer_kg2_quarter40,-0.0114781578514789
transfer_kg2_post_trough_crossing_quarter,NaN
transfer_z2_minimum,-5.58330234548543e-06
transfer_z2_minimum_quarter,26
transfer_z2_maximum,0.00119852856518105
transfer_z2_maximum_quarter,3
transfer_z2_quarter40,-8.93758669212597e-07
transfer_z2_post_trough_crossing_quarter,NaN
cap_minus_baseline_ig2_minimum,-0.00938087364791882
cap_minus_baseline_ig2_minimum_quarter,2
cap_minus_baseline_ig2_maximum,0.00293132883207947
cap_minus_baseline_ig2_maximum_quarter,17
cap_minus_baseline_ig2_quarter40,3.96028378741031e-05
cap_minus_baseline_ig2_post_trough_crossing_quarter,9
cap_minus_baseline_kg2_minimum,-0.0336959740542948
cap_minus_baseline_kg2_minimum_quarter,7
cap_minus_baseline_kg2_maximum,0.017161740695622
cap_minus_baseline_kg2_maximum_quarter,34
cap_minus_baseline_kg2_quarter40,0.0158744456919857
cap_minus_baseline_kg2_post_trough_crossing_quarter,20
cap_minus_baseline_xloc2_minimum,-0.00591566271944422
cap_minus_baseline_xloc2_minimum_quarter,2
cap_minus_baseline_xloc2_maximum,0.0011948580993536
cap_minus_baseline_xloc2_maximum_quarter,13
cap_minus_baseline_xloc2_quarter40,0.000140488464236421
cap_minus_baseline_xloc2_post_trough_crossing_quarter,7
stackelberg_max_effective_ratio,0.0206337954982484
stackelberg_gap_max_effective_ratio,0.011998193238292
