variable,variable_label,scope,statistic,window_start,window_end,scheme_A,scheme_B,B_minus_A,expected_direction,economic_classification,ratio_to_abs_A,denominator_status,A_signed_absolute_peak,A_peak_period,B_signed_absolute_peak,B_peak_period,contribution_signed_absolute_peak,contribution_peak_period
ig,public_investment,low_debt,cumulative_normalized_response,1,12,-0.0580035274955849,-0.0585621021093921,-0.00055857461380715,none_used_for_structural_gate,DESCRIPTIVE_REGION_PATH,-0.00963001110319829,OK,-0.00578664931089763,8,-0.0058287591233875,8,-8.38108289040462e-05,4
ig,public_investment,high_debt,cumulative_normalized_response,1,12,-0.141940831046148,-0.142935545847746,-0.000994714801598684,none_used_for_structural_gate,DESCRIPTIVE_REGION_PATH,-0.00700795390774683,OK,-0.014352764125888,8,-0.0144359130384297,8,-0.000140963720433873,4
ig,public_investment,high_minus_low,cumulative_normalized_response,1,12,-0.0839373035505628,-0.0843734437383544,-0.000436140187791534,none_used_for_structural_gate,AMPLIFIES_ASYMMETRY,-0.00519602333340156,OK,-0.0085661148149904,8,-0.00860715391504223,8,6.08678376801813e-05,22
kg,public_capital,low_debt,cumulative_normalized_response,1,12,-0.00779430975642148,-0.00790077706520361,-0.000106467308782127,none_used_for_structural_gate,DESCRIPTIVE_REGION_PATH,-0.013659619916236,OK,-0.0017800756954095,23,-0.00177647216178375,23,1.25455323468637e-05,36
kg,public_capital,high_debt,cumulative_normalized_response,1,12,-0.0189254498044953,-0.0191074887189076,-0.000182038914412298,none_used_for_structural_gate,DESCRIPTIVE_REGION_PATH,-0.00961873647880533,OK,-0.00431610909149597,22,-0.00431113908512396,22,2.61471432368618e-05,36
kg,public_capital,high_minus_low,cumulative_normalized_response,1,12,-0.0111311400480738,-0.011206711653704,-7.55716056301727e-05,none_used_for_structural_gate,AMPLIFIES_ASYMMETRY,-0.00678920625414733,OK,-0.00253778138822177,22,-0.00253497764820587,22,1.36016108899979e-05,36
xloc,local_production_gdp,low_debt,cumulative_normalized_response,1,12,-0.0111403615615683,-0.011152029395346,-1.16678337777065e-05,none_used_for_structural_gate,DESCRIPTIVE_REGION_PATH,-0.00104734785430644,OK,-0.00217106368639097,1,-0.00217360736241301,1,-3.7904911253106e-06,3
xloc,local_production_gdp,high_debt,cumulative_normalized_response,1,12,-0.0166920652691072,-0.0167174638163866,-2.53985472794538e-05,none_used_for_structural_gate,DESCRIPTIVE_REGION_PATH,-0.00152159405501847,OK,-0.00235809765349249,1,-0.00236198558915357,1,-6.364569372308e-06,3
xloc,local_production_gdp,high_minus_low,cumulative_normalized_response,1,12,-0.00555170370753888,-0.00556543442104063,-1.37307135017473e-05,none_used_for_structural_gate,AMPLIFIES_ASYMMETRY,-0.00247324321056647,OK,-0.00054742769633831,7,-0.000548970835614782,7,3.17093228818788e-06,20
