variable,region,steady_state,impact_raw,t4_raw,t8_raw,t12_raw,cumulative_1_12_raw,cumulative_1_40_raw,cumulative_1_12_normalized,signed_absolute_peak_raw,peak_period
mp,national,0,0.0025,8.94094374533467e-20,2.07655413862072e-19,2.34738100464158e-19,0.0025,0.00250000000000001,NaN,0.0025,1
r,national,1.01010101010101,0.00181313239084901,0.000184674166380683,-2.86477078321745e-05,-2.05280299225841e-06,0.00331776925339078,0.00411233206814154,0.00328459156085687,0.00181313239084901,1
pinfagg,national,1,-0.00169128209899672,-0.000270958919646902,4.21567571939896e-05,5.89142048321722e-05,-0.00332131905807553,-0.00202572390624456,-0.00332131905807553,-0.00169128209899672,1
pinf1,low_debt,1,-0.00165379838360391,-0.000252242660666369,3.77845500729723e-05,4.66269815013742e-05,-0.00323485934692547,-0.0021019575849538,-0.00323485934692547,-0.00165379838360391,1
pinf2,high_debt,1,-0.00172876581438941,-0.000289675178627435,4.65289643150069e-05,7.12014281629703e-05,-0.00340777876922571,-0.00194949022753388,-0.00340777876922571,-0.00172876581438941,1
rb1,low_debt,1.01010101010101,0.00181313239084901,0.000184674166380683,-2.86477078321745e-05,-2.05280299225841e-06,0.00331776925339078,0.00411233206814177,0.00328459156085687,0.00181313239084901,1
rb2,high_debt,1.01010101010101,0.00181313239084901,0.000184674166380683,-2.86477078321745e-05,-2.05280299225841e-06,0.00331776925339078,0.00411233206814154,0.00328459156085687,0.00181313239084901,1
dann1,low_debt,0.4,0.00152656716614608,0.00287304096659402,0.0022165651864271,0.0014606360391215,0.026609541719011,0.0363957285288379,0.0665238542975276,0.00287304096659402,4
dann2,high_debt,1,0.00403085824368299,0.00778580107499205,0.00620552572577604,0.00416536580005755,0.0732297320535715,0.102545634735137,0.0732297320535715,0.00778580107499205,4
ds1,low_debt,0.0161616161616163,0.00270789336641262,0.00122552545179527,-5.20391895469929e-06,-2.41350119159038e-05,0.0115612471673722,0.0113792703292779,0.71535216848115,0.00446976012677124,2
ds2,high_debt,0.0404040404040407,0.00708018905423994,0.00323847428347733,-2.11222509203732e-05,-0.000138101174993147,0.0298705193161591,0.0283006568756005,0.739295353074933,0.0114552369863372,2
fs1,low_debt,0.12,-0.00284649056336203,-0.00130128912833467,-2.94535376237914e-05,2.96709712907517e-06,-0.012272429844838,-0.0124188055374246,-0.102270248706983,-0.00458542078083335,2
fs2,high_debt,0.12,-0.00717356019365095,-0.00330470132464354,-2.17889877410782e-05,0.000106791607697346,-0.0305314576581278,-0.0294074787423531,-0.254428813817732,-0.0115398331274795,2
lamg1,low_debt,0.62311178247734,0.00693777814652152,0.00334502133492909,0.00201012548416979,0.0013093565378568,0.0353238576723899,0.0505005692689253,0.0566894394645385,0.00693777814652152,1
lamg2,high_debt,0.62311178247734,0.0129335909533362,0.00836383303513966,0.00521529919755692,0.00321414242085294,0.0824615226826868,0.117169072932135,0.132338249735609,0.0129335909533362,1
qg1,low_debt,0.62311178247734,0.000704645443285856,0.000757370788986744,0.000809830872388284,0.000827962420814843,0.00939031489554898,0.0284496371730638,0.015070032632372,0.000827962420814843,12
qg2,high_debt,0.62311178247734,0.00169971104945943,0.00182466644775847,0.00194565115029477,0.00198383092491017,0.0225802817378893,0.0676142147086031,0.0362379309345036,0.00198383092491017,12
ig1,low_debt,0.12,-0.000213923797003399,-0.000566171407322874,-0.000694397917307715,-0.000631086905983042,-0.00696042329947019,-0.012365469577386,-0.0580035274955849,-0.000694397917307715,8
ig2,high_debt,0.12,-0.000482517832889398,-0.00137250994859449,-0.00172233169510656,-0.00155441838057081,-0.0170328997255377,-0.0294314523457504,-0.141940831046148,-0.00172233169510656,8
kg1,low_debt,4.8,-0.000213923797003801,-0.00158681685367679,-0.00400680734884773,-0.00617959602943774,-0.0374126868308231,-0.252236170553889,-0.00779430975642148,-0.0085443633379656,23
kg2,high_debt,4.8,-0.000482517832889329,-0.00376178775562064,-0.00975296956839067,-0.0151403546143571,-0.0908421590615776,-0.607926353062033,-0.0189254498044953,-0.0207173236391807,22
xloc1,low_debt,1,-0.00217106368639097,-0.00118680442680397,-0.00054289370273275,-0.000331586006945495,-0.0111403615615683,-0.0162838584820449,-0.0111403615615683,-0.00217106368639097,1
xloc2,high_debt,1,-0.00235809765349249,-0.00167257068251381,-0.00108372771109277,-0.000790726316909129,-0.0166920652691072,-0.0279528991858436,-0.0166920652691072,-0.00235809765349249,1
k1,low_debt,10.6834532374101,-0.000711658623368194,-0.00272691491266919,-0.00259705131057331,-0.001063233786887,-0.0253166645746248,-0.00177441551692326,-0.00236970799722078,-0.00298968062029026,6
k2,high_debt,10.6834532374101,-0.00075380804536529,-0.00288352972680705,-0.00250527958315061,-0.000391390890953858,-0.0241356646111708,0.0196382129269637,-0.0022591632194968,-0.00310505956143459,5
inv1,low_debt,0.267086330935251,-0.000711658623368805,-0.000529383366394465,0.000184859115218872,0.000370831842877006,-0.00166956955657949,6.2293708609551e-05,-0.0062510483061158,-0.000857108116177785,2
inv2,high_debt,0.267086330935251,-0.00075380804536479,-0.000551063153286679,0.000291943333077194,0.000537791633220763,-0.0009849977339626,-4.95330840533104e-06,-0.00368793764365796,-0.000911605622453238,2
qk1,low_debt,1,-0.00531348444059465,-0.00010751912339324,0.000349476265202098,0.000135907246010314,-0.00653683328753285,-0.00660806112713186,-0.00653683328753285,-0.00531348444059465,1
qk2,high_debt,1,-0.00559358880286609,-0.000178450018670895,0.000401173600700355,0.000191608774347651,-0.0069062474291427,-0.00704295909813313,-0.0069062474291427,-0.00559358880286609,1
n1,low_debt,0.108259193121186,-0.000430503140434954,-0.000220358817930741,-8.00348619269253e-05,-3.7030325406362e-05,-0.00196942653418551,-0.00221437520996819,-0.0181917717785031,-0.000430503140434954,1
n2,high_debt,0.108259193121186,-0.000460993863513143,-0.00028960338448647,-0.000144991341057971,-8.33069316691082e-05,-0.00267251016824509,-0.00320243734493539,-0.0246862191671192,-0.000460993863513143,1
w1,low_debt,4.23366663023501,-0.0281161486719324,-0.00347864369536666,0.000481006906489334,0.000185730131306627,-0.0535948907549484,-0.0655982801300681,-0.0126592137350156,-0.0281161486719324,1
w2,high_debt,4.23366663023501,-0.0283949583055563,-0.00385559509255806,0.00029111552174399,1.29491776741375e-05,-0.0567253543579644,-0.0815428583977829,-0.0133986351104871,-0.0283949583055563,1
rk1,low_debt,0.0351010101010102,-0.000372691421751496,-9.28831515592185e-05,-1.25873439927038e-05,-5.63400737322445e-06,-0.00100321491659394,-0.00125565062437287,-0.0285807990626763,-0.000372691421751496,1
rk2,high_debt,0.0351010101010102,-0.00038488905565176,-0.000118004974060282,-3.51710375554315e-05,-2.37721936710497e-05,-0.00125880387769357,-0.00178058926208343,-0.0358623262997593,-0.00038488905565176,1
