period,shock_col,variable,variable_label,region,steady_A,steady_B,raw_irf_A,raw_irf_B,raw_B_minus_A,normalized_irf_A,normalized_irf_B,B_minus_A,transformation,scale_factor
1,emp,ig,public_investment,low_debt,0.12,0.12,-0.000213923797003399,-0.000219356481882274,-5.43268487887549e-06,-0.00178269830836165,-0.00182797068235228,-4.52723739906291e-05,fraction_of_own_steady_state,1
2,emp,ig,public_investment,low_debt,0.12,0.12,-0.00036938278241308,-0.000377902318074622,-8.5195356615414e-06,-0.00307818985344234,-0.00314918598395518,-7.09961305128447e-05,fraction_of_own_steady_state,1
3,emp,ig,public_investment,low_debt,0.12,0.12,-0.000483306320034474,-0.000493199301387706,-9.89298135323224e-06,-0.00402755266695395,-0.00410999417823089,-8.24415112769357e-05,fraction_of_own_steady_state,1
4,emp,ig,public_investment,low_debt,0.12,0.12,-0.000566171407322874,-0.00057622870679136,-1.00572994684855e-05,-0.00471809506102395,-0.004801905889928,-8.38108289040462e-05,fraction_of_own_steady_state,1
5,emp,ig,public_investment,low_debt,0.12,0.12,-0.000624705109283016,-0.000634105631017359,-9.40052173434291e-06,-0.0052058759106918,-0.00528421359181133,-7.8337681119524e-05,fraction_of_own_steady_state,1
6,emp,ig,public_investment,low_debt,0.12,0.12,-0.000663479446558632,-0.000671693482986846,-8.21403642821406e-06,-0.0055289953879886,-0.00559744569155705,-6.84503035684502e-05,fraction_of_own_steady_state,1
7,emp,ig,public_investment,low_debt,0.12,0.12,-0.000685834174561972,-0.00069254697813935,-6.71280357737725e-06,-0.00571528478801644,-0.00577122481782791,-5.59400298114771e-05,fraction_of_own_steady_state,1
8,emp,ig,public_investment,low_debt,0.12,0.12,-0.000694397917307715,-0.0006994510948065,-5.05317749878442e-06,-0.00578664931089763,-0.0058287591233875,-4.21098124898699e-05,fraction_of_own_steady_state,1
9,emp,ig,public_investment,low_debt,0.12,0.12,-0.000691373671662457,-0.000694721092320605,-3.34742065814797e-06,-0.00576144726385381,-0.00578934243600504,-2.78951721512325e-05,fraction_of_own_steady_state,1
10,emp,ig,public_investment,low_debt,0.12,0.12,-0.000678689236172689,-0.000680364214556056,-1.6749783833675e-06,-0.00565574363477241,-0.00566970178796714,-1.39581531947292e-05,fraction_of_own_steady_state,1
11,emp,ig,public_investment,low_debt,0.12,0.12,-0.000658072531166842,-0.000658163511460544,-9.09802937015813e-08,-0.00548393775972369,-0.00548469592883787,-7.58169114179266e-07,fraction_of_own_steady_state,1
12,emp,ig,public_investment,low_debt,0.12,0.12,-0.000631086905983042,-0.00062971943970383,1.3674662792118e-06,-0.00525905754985868,-0.00524766199753191,1.1395552326765e-05,fraction_of_own_steady_state,1
13,emp,ig,public_investment,low_debt,0.12,0.12,-0.000599146488912461,-0.000596469826749574,2.67666216288709e-06,-0.00499288740760384,-0.00497058188957978,2.23055180240588e-05,fraction_of_own_steady_state,1
14,emp,ig,public_investment,low_debt,0.12,0.12,-0.000563522678328932,-0.000559699737910022,3.82294041890996e-06,-0.00469602231940776,-0.00466416448258351,3.18578368242502e-05,fraction_of_own_steady_state,1
15,emp,ig,public_investment,low_debt,0.12,0.12,-0.000525347636739795,-0.00052054745251813,4.80018422166495e-06,-0.00437789697283163,-0.00433789543765109,4.0001535180541e-05,fraction_of_own_steady_state,1
16,emp,ig,public_investment,low_debt,0.12,0.12,-0.00048561765846504,-0.000480009677166229,5.60798129881079e-06,-0.004046813820542,-0.00400008064305191,4.67331774900897e-05,fraction_of_own_steady_state,1
17,emp,ig,public_investment,low_debt,0.12,0.12,-0.000445197625836072,-0.000438947396905059,6.25022893101235e-06,-0.0037099802153006,-0.00365789497420883,5.20852410917693e-05,fraction_of_own_steady_state,1
18,emp,ig,public_investment,low_debt,0.12,0.12,-0.000404826892618435,-0.000398092834271613,6.73405834682173e-06,-0.00337355743848695,-0.00331744028559677,5.6117152890181e-05,fraction_of_own_steady_state,1
19,emp,ig,public_investment,low_debt,0.12,0.12,-0.000365126502230931,-0.000358057514403334,7.06898782759646e-06,-0.00304272085192442,-0.00298381262002779,5.89082318966372e-05,fraction_of_own_steady_state,1
20,emp,ig,public_investment,low_debt,0.12,0.12,-0.000326607463794371,-0.000319341221036079,7.26624275829146e-06,-0.00272172886495309,-0.00266117684196733,6.05520229857619e-05,fraction_of_own_steady_state,1
21,emp,ig,public_investment,low_debt,0.12,0.12,-0.000289679755480082,-0.000282341554510707,7.33820096937565e-06,-0.00241399796233402,-0.00235284628758922,6.11516747447971e-05,fraction_of_own_steady_state,1
22,emp,ig,public_investment,low_debt,0.12,0.12,-0.000254661736171044,-0.00024736380080953,7.2979353615138e-06,-0.0021221811347587,-0.00206136500674609,6.08161280126153e-05,fraction_of_own_steady_state,1
23,emp,ig,public_investment,low_debt,0.12,0.12,-0.000221789686642049,-0.00021463085178583,7.15883485621904e-06,-0.00184824738868374,-0.00178859043154858,5.96569571351588e-05,fraction_of_own_steady_state,1
24,emp,ig,public_investment,low_debt,0.12,0.12,-0.000191227250935927,-0.000184292960350982,6.9342905849451e-06,-0.00159356042446606,-0.00153577466959152,5.77857548745425e-05,fraction_of_own_steady_state,1
25,emp,ig,public_investment,low_debt,0.12,0.12,-0.000163074597681043,-0.00015643715972874,6.6374379523032e-06,-0.00135895498067536,-0.0013036429977395,5.531198293586e-05,fraction_of_own_steady_state,1
26,emp,ig,public_investment,low_debt,0.12,0.12,-0.000137377165423017,-0.000131096217905691,6.28094751732589e-06,-0.00114480971185847,-0.00109246848254742,5.23412293110489e-05,fraction_of_own_steady_state,1
27,emp,ig,public_investment,low_debt,0.12,0.12,-0.000114133894123888,-0.000108257035081022,5.8768590428665e-06,-0.000951115784365737,-0.000902141959008516,4.89738253572208e-05,fraction_of_own_steady_state,1
28,emp,ig,public_investment,low_debt,0.12,0.12,-9.33048767121081e-05,-8.78684228046017e-05,5.43645390750636e-06,-0.000777540639267567,-0.000732236856705014,4.5303782562553e-05,fraction_of_own_steady_state,1
29,emp,ig,public_investment,low_debt,0.12,0.12,-7.48183904776961e-05,-6.98482288891827e-05,4.97016158851338e-06,-0.000623486587314134,-0.000582068574076523,4.14180132376114e-05,fraction_of_own_steady_state,1
30,emp,ig,public_investment,low_debt,0.12,0.12,-5.85772889498265e-05,-5.40897926967765e-05,4.48749625305001e-06,-0.000488144074581888,-0.000450748272473137,3.739580210875e-05,fraction_of_own_steady_state,1
31,emp,ig,public_investment,low_debt,0.12,0.12,-4.44647514415697e-05,-4.04677317114438e-05,3.99701973012589e-06,-0.000370539595346414,-0.000337231097595365,3.33084977510491e-05,fraction_of_own_steady_state,1
32,emp,ig,public_investment,low_debt,0.12,0.12,-3.2349400406903e-05,-2.88430730744499e-05,3.50632733245315e-06,-0.000269578336724192,-0.000240358942287082,2.92193944371096e-05,fraction_of_own_steady_state,1
33,emp,ig,public_investment,low_debt,0.12,0.12,-2.2089806737971e-05,-1.9067753551899e-05,3.02205318607196e-06,-0.000184081722816425,-0.000158897946265825,2.51837765505997e-05,fraction_of_own_steady_state,1
34,emp,ig,public_investment,low_debt,0.12,0.12,-1.35384106509095e-05,-1.09885187287301e-05,2.54989192217947e-06,-0.00011282008875758,-9.1570989406084e-05,2.12490993514956e-05,fraction_of_own_steady_state,1
35,emp,ig,public_investment,low_debt,0.12,0.12,-6.54489129049696e-06,-4.45025749641614e-06,2.09463379408081e-06,-5.45407607541413e-05,-3.70854791368012e-05,1.74552816173401e-05,fraction_of_own_steady_state,1
36,emp,ig,public_investment,low_debt,0.12,0.12,-9.59021983507058e-07,7.01188523036245e-07,1.6602105065433e-06,-7.99184986255882e-06,5.84323769196871e-06,1.38350875545275e-05,fraction_of_own_steady_state,1
37,emp,ig,public_investment,low_debt,0.12,0.12,3.36694952103589e-06,4.61669879885107e-06,1.24974927781518e-06,2.80579126752991e-05,3.84724899904256e-05,1.04145773151265e-05,fraction_of_own_steady_state,1
38,emp,ig,public_investment,low_debt,0.12,0.12,6.5763552226511e-06,7.44198811870878e-06,8.65632896057678e-07,5.48029601887592e-05,6.20165676559065e-05,7.21360746714731e-06,fraction_of_own_steady_state,1
39,emp,ig,public_investment,low_debt,0.12,0.12,8.80655452119294e-06,9.31611829649293e-06,5.09563775299982e-07,7.33879543432745e-05,7.76343191374411e-05,4.24636479416651e-06,fraction_of_own_steady_state,1
40,emp,ig,public_investment,low_debt,0.12,0.12,1.01877348533813e-05,1.0370365110382e-05,1.82630257000715e-07,8.48977904448443e-05,8.64197092531836e-05,1.5219188083393e-06,fraction_of_own_steady_state,1
1,emp,ig,public_investment,high_debt,0.12,0.12,-0.000482517832889398,-0.000490769900277396,-8.25206738799822e-06,-0.00402098194074498,-0.0040897491689783,-6.87672282333185e-05,fraction_of_own_steady_state,1
2,emp,ig,public_investment,high_debt,0.12,0.12,-0.000860644885448181,-0.000874030608934595,-1.33857234864143e-05,-0.00717204071206817,-0.00728358840778829,-0.00011154769572012,fraction_of_own_steady_state,1
3,emp,ig,public_investment,high_debt,0.12,0.12,-0.00115271906233742,-0.00116879938788168,-1.60803255442599e-05,-0.0096059921861452,-0.00973999489901403,-0.000134002712868833,fraction_of_own_steady_state,1
4,emp,ig,public_investment,high_debt,0.12,0.12,-0.00137250994859449,-0.00138942559504655,-1.69156464520648e-05,-0.0114375829049541,-0.0115785466253879,-0.000140963720433873,fraction_of_own_steady_state,1
5,emp,ig,public_investment,high_debt,0.12,0.12,-0.00153091869275357,-0.00154728974536375,-1.63710526101812e-05,-0.0127576557729464,-0.0128940812113646,-0.000136425438418178,fraction_of_own_steady_state,1
6,emp,ig,public_investment,high_debt,0.12,0.12,-0.00163699058617156,-0.00165182622051191,-1.48356343403488e-05,-0.0136415882180963,-0.0137652185042659,-0.000123630286169574,fraction_of_own_steady_state,1
7,emp,ig,public_investment,high_debt,0.12,0.12,-0.00169850801303309,-0.00171112968353664,-1.26216705035459e-05,-0.0141542334419424,-0.014259414029472,-0.000105180587529549,fraction_of_own_steady_state,1
8,emp,ig,public_investment,high_debt,0.12,0.12,-0.00172233169510656,-0.00173230956461157,-9.97786950500401e-06,-0.014352764125888,-0.0144359130384297,-8.31489125417001e-05,fraction_of_own_steady_state,1
9,emp,ig,public_investment,high_debt,0.12,0.12,-0.001714594264587,-0.00172169523566525,-7.10097107824159e-06,-0.014288285538225,-0.0143474602972104,-5.91747589853454e-05,fraction_of_own_steady_state,1
10,emp,ig,public_investment,high_debt,0.12,0.12,-0.00168080969027534,-0.00168495504793786,-4.14535766252166e-06,-0.0140067474189612,-0.0140412920661489,-3.45446471876811e-05,fraction_of_own_steady_state,1
11,emp,ig,public_investment,high_debt,0.12,0.12,-0.0016259366737703,-0.00162716747625298,-1.23080248268237e-06,-0.0135494722814192,-0.0135597289687748,-1.02566873556864e-05,fraction_of_own_steady_state,1
12,emp,ig,public_investment,high_debt,0.12,0.12,-0.00155441838057081,-0.00155286703570939,1.55134486141961e-06,-0.0129534865047568,-0.0129405586309116,1.2927873845164e-05,fraction_of_own_steady_state,1
13,emp,ig,public_investment,high_debt,0.12,0.12,-0.00147021123467141,-0.00146607802623067,4.13320844074028e-06,-0.0122517602889284,-0.0122173168852556,3.44434036728351e-05,fraction_of_own_steady_state,1
14,emp,ig,public_investment,high_debt,0.12,0.12,-0.00137680970220477,-0.00137034332020877,6.46638199600091e-06,-0.0114734141850398,-0.0114195276684064,5.38865166333398e-05,fraction_of_own_steady_state,1
15,emp,ig,public_investment,high_debt,0.12,0.12,-0.00127727056318586,-0.00126875192475545,8.51863843040479e-06,-0.0106439213598821,-0.0105729327062954,7.09886535867066e-05,fraction_of_own_steady_state,1
16,emp,ig,public_investment,high_debt,0.12,0.12,-0.00117423819951656,-0.00116396702225793,1.02711772586306e-05,-0.0097853183293047,-0.00969972518548278,8.55931438219215e-05,fraction_of_own_steady_state,1
17,emp,ig,public_investment,high_debt,0.12,0.12,-0.00106997133573673,-0.00105825505286179,1.17162828749406e-05,-0.00891642779780611,-0.0088187921071816,9.76356906245059e-05,fraction_of_own_steady_state,1
18,emp,ig,public_investment,high_debt,0.12,0.12,-0.000966371099604069,-0.000953515795343488,1.28553042605811e-05,-0.00805309249670057,-0.00794596496119573,0.000107127535504842,fraction_of_own_steady_state,1
19,emp,ig,public_investment,high_debt,0.12,0.12,-0.00086501000391434,-0.000851313109385854,1.36968945284865e-05,-0.00720841669928617,-0.00709427591154878,0.000114140787737388,fraction_of_own_steady_state,1
20,emp,ig,public_investment,high_debt,0.12,0.12,-0.000767161356929238,-0.000752905888717195,1.42554682120433e-05,-0.00639301130774365,-0.00627421573930996,0.000118795568433694,fraction_of_own_steady_state,1
21,emp,ig,public_investment,high_debt,0.12,0.12,-0.000673828607671789,-0.000659278760324858,1.45498473469313e-05,-0.00561523839726491,-0.00549398966937382,0.000121248727891094,fraction_of_own_steady_state,1
22,emp,ig,public_investment,high_debt,0.12,0.12,-0.00058577417812275,-0.000571172102239614,1.46020758831356e-05,-0.00488145148435625,-0.00475976751866345,0.000121683965692797,fraction_of_own_steady_state,1
23,emp,ig,public_investment,high_debt,0.12,0.12,-0.000503547400647342,-0.000489111013450366,1.44363871969755e-05,-0.00419622833872785,-0.00407592511208639,0.000120303226641462,fraction_of_own_steady_state,1
24,emp,ig,public_investment,high_debt,0.12,0.12,-0.000427511251162582,-0.000413432938644751,1.40783125178318e-05,-0.00356259375968819,-0.00344527448870625,0.000117319270981932,fraction_of_own_steady_state,1
25,emp,ig,public_investment,high_debt,0.12,0.12,-0.000357867638852177,-0.000344313719125883,1.35539197262946e-05,-0.00298223032376814,-0.00286928099271569,0.000112949331052455,fraction_of_own_steady_state,1
26,emp,ig,public_investment,high_debt,0.12,0.12,-0.000294681077822559,-0.000281791905051079,1.28891727714797e-05,-0.00245567564852132,-0.00234826587542566,0.000107409773095664,fraction_of_own_steady_state,1
27,emp,ig,public_investment,high_debt,0.12,0.12,-0.000237900623358933,-0.000225791221087082,1.2109402271851e-05,-0.00198250519465778,-0.00188159350905902,0.000100911685598758,fraction_of_own_steady_state,1
28,emp,ig,public_investment,high_debt,0.12,0.12,-0.00018738000497498,-0.00017614112701958,1.12388779553996e-05,-0.00156150004145816,-0.00146784272516317,9.36573162949963e-05,fraction_of_own_steady_state,1
29,emp,ig,public_investment,high_debt,0.12,0.12,-0.000142895930468179,-0.000132595456852971,1.03004736152074e-05,-0.00119079942056816,-0.00110496214044143,8.58372801267279e-05,fraction_of_own_steady_state,1
30,emp,ig,public_investment,high_debt,0.12,0.12,-0.000104164570208981,-9.48491549085384e-05,9.31541530044266e-06,-0.000868038085074842,-0.00079040962423782,7.76284608370222e-05,fraction_of_own_steady_state,1
31,emp,ig,public_investment,high_debt,0.12,0.12,-7.08562595434364e-05,-6.25531559657055e-05,8.3031035777309e-06,-0.000590468829528637,-0.000521276299714213,6.91925298144241e-05,fraction_of_own_steady_state,1
32,emp,ig,public_investment,high_debt,0.12,0.12,-4.2608480144285e-05,-3.53274792379843e-05,7.28100090630068e-06,-0.000355070667869042,-0.000294395660316536,6.06750075525057e-05,fraction_of_own_steady_state,1
33,emp,ig,public_investment,high_debt,0.12,0.12,-1.90371990576033e-05,-1.27726235819997e-05,6.26457547560355e-06,-0.000158643325480027,-0.000106438529849998,5.22047956300296e-05,fraction_of_own_steady_state,1
34,emp,ig,public_investment,high_debt,0.12,0.12,2.53342320316596e-07,5.5206355691062e-06,5.26729324878961e-06,2.1111860026383e-06,4.60052964092184e-05,4.38941104065801e-05,fraction_of_own_steady_state,1
35,emp,ig,public_investment,high_debt,0.12,0.12,1.56622874662032e-05,1.99629378927618e-05,4.30065042655858e-06,0.00013051906221836,0.000166357815773015,3.58387535546549e-05,fraction_of_own_steady_state,1
36,emp,ig,public_investment,high_debt,0.12,0.12,2.75851639720548e-05,3.09594030496047e-05,3.37423907754986e-06,0.00022987636643379,0.000257995025413372,2.81186589795822e-05,fraction_of_own_steady_state,1
37,emp,ig,public_investment,high_debt,0.12,0.12,3.64081111566966e-05,3.89039504136712e-05,2.49583925697461e-06,0.000303400926305805,0.000324199586780594,2.07986604747884e-05,fraction_of_own_steady_state,1
38,emp,ig,public_investment,high_debt,0.12,0.12,4.25032233311584e-05,4.41747548695359e-05,1.67153153837751e-06,0.000354193527759653,0.000368122957246133,1.39294294864793e-05,fraction_of_own_steady_state,1
39,emp,ig,public_investment,high_debt,0.12,0.12,4.62248969414075e-05,4.71307214417044e-05,9.05824500296859e-07,0.000385207474511729,0.000392756012014203,7.54853750247381e-06,fraction_of_own_steady_state,1
40,emp,ig,public_investment,high_debt,0.12,0.12,4.79070723981151e-05,4.81088647231176e-05,2.01792325002503e-07,0.000399225603317626,0.00040090720602598,1.68160270835416e-06,fraction_of_own_steady_state,1
1,emp,kg,public_capital,low_debt,4.8,4.8,-0.000213923797003801,-0.000219356481882649,-5.43268487884774e-06,-4.45674577091252e-05,-4.56992670588852e-05,-1.13180934975994e-06,fraction_of_own_steady_state,1
2,emp,kg,public_capital,low_debt,4.8,4.8,-0.000577958484491603,-0.000591774887911178,-1.38164034195754e-05,-0.000120408017602417,-0.000123286434981495,-2.87841737907819e-06,fraction_of_own_steady_state,1
3,emp,kg,public_capital,low_debt,4.8,4.8,-0.00104681584241373,-0.00107017981710289,-2.33639746891612e-05,-0.000218086633836193,-0.000222954128563102,-4.86749472690856e-06,fraction_of_own_steady_state,1
4,emp,kg,public_capital,low_debt,4.8,4.8,-0.00158681685367679,-0.00161965402846853,-3.28371747917444e-05,-0.000330586844515997,-0.000337427922597611,-6.84107808161338e-06,fraction_of_own_steady_state,1
5,emp,kg,public_capital,low_debt,4.8,4.8,-0.00217185154161825,-0.00221326830877544,-4.14167671571875e-05,-0.000452469071170469,-0.000461097564328217,-8.62849315774739e-06,fraction_of_own_steady_state,1
6,emp,kg,public_capital,low_debt,4.8,4.8,-0.00278103469963664,-0.0028296300840438,-4.85953844071574e-05,-0.000579382229090967,-0.000589506267509125,-1.01240384181578e-05,fraction_of_own_steady_state,1
7,emp,kg,public_capital,low_debt,4.8,4.8,-0.00339734300670802,-0.00345143631008327,-5.40933033752466e-05,-0.000707779793064171,-0.000719049231267347,-1.12694382031764e-05,fraction_of_own_steady_state,1
8,emp,kg,public_capital,low_debt,4.8,4.8,-0.00400680734884773,-0.00406460149713794,-5.77941482902133e-05,-0.000834751531009944,-0.000846791978570405,-1.20404475604611e-05,fraction_of_own_steady_state,1
9,emp,kg,public_capital,low_debt,4.8,4.8,-0.0045980108367889,-0.0046577075520311,-5.96967152421968e-05,-0.000957918924331021,-0.000970355740006479,-1.24368156754576e-05,fraction_of_own_steady_state,1
10,emp,kg,public_capital,low_debt,4.8,4.8,-0.00516174980204198,-0.00522162907778689,-5.98792757449118e-05,-0.00107536454209208,-0.0010878393912056,-1.24748491135231e-05,fraction_of_own_steady_state,1
11,emp,kg,public_capital,low_debt,4.8,4.8,-0.00569077858815792,-0.00574925186230324,-5.84732741453209e-05,-0.0011855788725329,-0.00119776080464651,-1.21819321136085e-05,fraction_of_own_steady_state,1
12,emp,kg,public_capital,low_debt,4.8,4.8,-0.00617959602943774,-0.00623524000545039,-5.56439760126537e-05,-0.0012874158394662,-0.00129900833446883,-1.1592495002636e-05,fraction_of_own_steady_state,1
13,emp,kg,public_capital,low_debt,4.8,4.8,-0.00662425261761435,-0.00667582883206386,-5.15762144495113e-05,-0.00138005262866966,-0.00139079767334664,-1.07450446769815e-05,fraction_of_own_steady_state,1
14,emp,kg,public_capital,low_debt,4.8,4.8,-0.00702216898050256,-0.00706863284917247,-4.64638686699104e-05,-0.00146295187093803,-0.0014726318435776,-9.67997263956466e-06,fraction_of_own_steady_state,1
15,emp,kg,public_capital,low_debt,4.8,4.8,-0.00737196239272997,-0.00741246448046073,-4.05020877307649e-05,-0.00153582549848541,-0.00154426343342932,-8.43793494390943e-06,fraction_of_own_steady_state,1
16,emp,kg,public_capital,low_debt,4.8,4.8,-0.00767328099137643,-0.00770716254561599,-3.38815542395565e-05,-0.00159860020653676,-0.00160565886367,-7.05865713324094e-06,fraction_of_own_steady_state,1
17,emp,kg,public_capital,low_debt,4.8,4.8,-0.00792664659242881,-0.00795343087888067,-2.67842864518641e-05,-0.001651384706756,-0.00165696476643347,-5.58005967747177e-06,fraction_of_own_steady_state,1
18,emp,kg,public_capital,low_debt,4.8,4.8,-0.00813330732023587,-0.0081526879411804,-1.93806209445313e-05,-0.00169443902504914,-0.00169847665441258,-4.03762936344388e-06,fraction_of_own_steady_state,1
19,emp,kg,public_capital,low_debt,4.8,4.8,-0.00829510113946164,-0.00830692825705359,-1.1827117591956e-05,-0.00172814607072117,-0.00173061005355283,-2.4639828316575e-06,fraction_of_own_steady_state,1
20,emp,kg,public_capital,low_debt,4.8,4.8,-0.00841433107476952,-0.00841859627166297,-4.26519689344929e-06,-0.00175298564057698,-0.00175387422326312,-8.88582686135123e-07,fraction_of_own_steady_state,1
21,emp,kg,public_capital,low_debt,4.8,4.8,-0.00849365255337986,-0.00849047291938199,3.17963399787402e-06,-0.0017695109486208,-0.00176884852487125,6.6242374955716e-07,fraction_of_own_steady_state,1
22,emp,kg,public_capital,low_debt,4.8,4.8,-0.00853597297571618,-0.00852557489720684,1.03980785093327e-05,-0.0017783277032742,-0.00177616143691809,2.16626635611106e-06,fraction_of_own_steady_state,1
23,emp,kg,public_capital,low_debt,4.8,4.8,-0.0085443633379656,-0.00852706637656198,1.72969614036234e-05,-0.0017800756954095,-0.00177647216178375,3.60353362575472e-06,fraction_of_own_steady_state,1
24,emp,kg,public_capital,low_debt,4.8,4.8,-0.00852198150545203,-0.00849818267749836,2.37988279536694e-05,-0.00177541281363584,-0.00177045472447882,4.95808915701446e-06,fraction_of_own_steady_state,1
25,emp,kg,public_capital,low_debt,4.8,4.8,-0.00847200656549685,-0.00844216527028951,2.98412952073335e-05,-0.00176500136781184,-0.00175878443131032,6.21693650152788e-06,fraction_of_own_steady_state,1
26,emp,kg,public_capital,low_debt,4.8,4.8,-0.00839758356678288,-0.00836220735643778,3.53762103451061e-05,-0.0017494965764131,-0.0017421265325912,7.3700438218971e-06,fraction_of_own_steady_state,1
27,emp,kg,public_capital,low_debt,4.8,4.8,-0.00830177787173714,-0.00826140920760743,4.03686641297085e-05,-0.0017295370566119,-0.00172112691825155,8.41013836035609e-06,fraction_of_own_steady_state,1
28,emp,kg,public_capital,low_debt,4.8,4.8,-0.0081875383016552,-0.00814274240022161,4.47959014335808e-05,-0.00170573714617817,-0.00169640466671284,9.33247946532934e-06,fraction_of_own_steady_state,1
29,emp,kg,public_capital,low_debt,4.8,4.8,-0.00805766823459209,-0.00800902206910514,4.8646165486943e-05,-0.00167868088220668,-0.0016685462643969,1.01346178097796e-05,fraction_of_own_steady_state,1
30,emp,kg,public_capital,low_debt,4.8,4.8,-0.00791480381767684,-0.00786288631007359,5.19175076032496e-05,-0.00164891746201601,-0.00163810131459866,1.08161474173436e-05,fraction_of_own_steady_state,1
31,emp,kg,public_capital,low_debt,4.8,4.8,-0.00776139847367663,-0.00770678188403284,5.46165896437856e-05,-0.0016169580153493,-0.00160557955917351,1.13784561757888e-05,fraction_of_own_steady_state,1
32,emp,kg,public_capital,low_debt,4.8,4.8,-0.00759971291224115,-0.00754295541000616,5.67575022349942e-05,-0.00158327352338357,-0.00157144904375128,1.18244796322906e-05,fraction_of_own_steady_state,1
33,emp,kg,public_capital,low_debt,4.8,4.8,-0.00743180989617365,-0.00737344927830819,5.83606178654605e-05,-0.00154829372836951,-0.00153613526631421,1.21584620553041e-05,fraction_of_own_steady_state,1
34,emp,kg,public_capital,low_debt,4.8,4.8,-0.00725955305941994,-0.00720010156507822,5.94514943417224e-05,-0.00151240688737915,-0.0015000211593913,1.2385727987859e-05,fraction_of_own_steady_state,1
35,emp,kg,public_capital,low_debt,4.8,4.8,-0.00708460912422471,-0.00702454928344753,6.00598407771713e-05,-0.00147596023421348,-0.0014634477673849,1.25124668285772e-05,fraction_of_own_steady_state,1
36,emp,kg,public_capital,low_debt,4.8,4.8,-0.00690845291810316,-0.00684823436283821,6.02185552649459e-05,-0.00143926102460482,-0.00142671549225796,1.25455323468637e-05,fraction_of_own_steady_state,1
37,emp,kg,public_capital,low_debt,4.8,4.8,-0.00673237464562959,-0.00667241180496791,5.99628406616759e-05,-0.00140257805117283,-0.00139008579270165,1.24922584711824e-05,fraction_of_own_steady_state,1
38,emp,kg,public_capital,low_debt,4.8,4.8,-0.00655748892426633,-0.00649815952172528,5.93294025410529e-05,-0.00136614352588882,-0.00135378323369277,1.23602921960526e-05,fraction_of_own_steady_state,1
39,emp,kg,public_capital,low_debt,4.8,4.8,-0.00638474514663834,-0.00632638941538488,5.83557312534566e-05,-0.00133015523888299,-0.00131799779487185,1.21574440111369e-05,fraction_of_own_steady_state,1
40,emp,kg,public_capital,low_debt,4.8,4.8,-0.00621493878311874,-0.00615785931488944,5.70794682293041e-05,-0.00129477891314974,-0.00128288735726863,1.1891555881105e-05,fraction_of_own_steady_state,1
1,emp,kg,public_capital,high_debt,4.8,4.8,-0.000482517832889329,-0.000490769900276966,-8.2520673876374e-06,-0.00010052454851861,-0.000102243729224368,-1.7191807057578e-06,fraction_of_own_steady_state,1
2,emp,kg,public_capital,high_debt,4.8,4.8,-0.00133109977251511,-0.00135253126170465,-2.14314891895384e-05,-0.000277312452607315,-0.000281777346188468,-4.46489358115387e-06,fraction_of_own_steady_state,1
3,emp,kg,public_capital,high_debt,4.8,4.8,-0.00245054134054001,-0.00248751736804298,-3.69760275029662e-05,-0.000510529445945836,-0.000518232785008954,-7.70333906311793e-06,fraction_of_own_steady_state,1
4,emp,kg,public_capital,high_debt,4.8,4.8,-0.00376178775562064,-0.00381475502888762,-5.29672732669795e-05,-0.000783705782420966,-0.000794740631018254,-1.10348485972873e-05,fraction_of_own_steady_state,1
5,emp,kg,public_capital,high_debt,4.8,4.8,-0.00519866175448414,-0.00526667589852803,-6.80141440438931e-05,-0.00108305453218419,-0.00109722414552667,-1.41696133424778e-05,fraction_of_own_steady_state,1
6,emp,kg,public_capital,high_debt,4.8,4.8,-0.00670568579679287,-0.0067868352215763,-8.11494247834332e-05,-0.00139701787433185,-0.00141392400449506,-1.69061301632152e-05,fraction_of_own_steady_state,1
7,emp,kg,public_capital,high_debt,4.8,4.8,-0.00823655166490678,-0.00832829402457236,-9.17423596655809e-05,-0.00171594826352225,-0.00173506125511924,-1.91129915969959e-05,fraction_of_own_steady_state,1
8,emp,kg,public_capital,high_debt,4.8,4.8,-0.00975296956839067,-0.00985239623856948,-9.94266701788149e-05,-0.00203186866008139,-0.00205258254970198,-2.07138896205863e-05,fraction_of_own_steady_state,1
9,emp,kg,public_capital,high_debt,4.8,4.8,-0.0112237395937678,-0.0113277815682693,-0.000104041974501534,-0.00233827908203495,-0.00235995449338944,-2.16754113544861e-05,fraction_of_own_steady_state,1
10,emp,kg,public_capital,high_debt,4.8,4.8,-0.0126239557941989,-0.0127295420769995,-0.000105586282800552,-0.00262999079045811,-0.00265198793270823,-2.19971422501151e-05,fraction_of_own_steady_state,1
11,emp,kg,public_capital,high_debt,4.8,4.8,-0.0139342935731142,-0.014038471001327,-0.000104177428212893,-0.00290297782773212,-0.0029246814586098,-2.17036308776857e-05,fraction_of_own_steady_state,1
12,emp,kg,public_capital,high_debt,4.8,4.8,-0.0151403546143571,-0.0152403762620024,-0.000100021647645221,-0.00315424054465774,-0.00317507838791716,-2.08378432594212e-05,fraction_of_own_steady_state,1
13,emp,kg,public_capital,high_debt,4.8,4.8,-0.0162320569836689,-0.0163254448816819,-9.33878980129421e-05,-0.00338167853826436,-0.00340113435035039,-1.94558120860293e-05,fraction_of_own_steady_state,1
14,emp,kg,public_capital,high_debt,4.8,4.8,-0.017203065261282,-0.0172876520798475,-8.45868185654908e-05,-0.00358397192943375,-0.00360159418330156,-1.76222538678106e-05,fraction_of_own_steady_state,1
15,emp,kg,public_capital,high_debt,4.8,4.8,-0.0180502591929361,-0.018124212702606,-7.39535096698773e-05,-0.00376047066519503,-0.00377587764637625,-1.54069811812247e-05,fraction_of_own_steady_state,1
16,emp,kg,public_capital,high_debt,4.8,4.8,-0.0187732409126298,-0.0188350744072974,-6.18334946675958e-05,-0.00391109185679787,-0.00392397383485362,-1.28819780557494e-05,fraction_of_own_steady_state,1
17,emp,kg,public_capital,high_debt,4.8,4.8,-0.0193738812255502,-0.0194224525999758,-4.85713744255989e-05,-0.00403622525532295,-0.00404634429166162,-1.01190363386659e-05,fraction_of_own_steady_state,1
18,emp,kg,public_capital,high_debt,4.8,4.8,-0.0198559052945155,-0.019890407080319,-3.45017858034424e-05,-0.0041366469363574,-0.00414383480839979,-7.18787204238413e-06,fraction_of_own_steady_state,1
19,emp,kg,public_capital,high_debt,4.8,4.8,-0.0202245176660671,-0.0202444600126954,-1.99423466282767e-05,-0.00421344118043065,-0.00421759583597821,-4.15465554755821e-06,fraction_of_own_steady_state,1
20,emp,kg,public_capital,high_debt,4.8,4.8,-0.0204860660813448,-0.0204912544010947,-5.18831974982703e-06,-0.00426793043361351,-0.00426901133356139,-1.08089994788063e-06,fraction_of_own_steady_state,1
21,emp,kg,public_capital,high_debt,4.8,4.8,-0.0206477430369825,-0.0206382518013912,9.49123559124132e-06,-0.00430161313270468,-0.00429963579195651,1.97734074817556e-06,fraction_of_own_steady_state,1
22,emp,kg,public_capital,high_debt,4.8,4.8,-0.0207173236391807,-0.020693467608595,2.38560305856339e-05,-0.00431610909149597,-0.00431113908512396,4.97000637200706e-06,fraction_of_own_steady_state,1
23,emp,kg,public_capital,high_debt,4.8,4.8,-0.0207029379488493,-0.0206652419318294,3.76960170198615e-05,-0.00431311207267693,-0.00430525873579779,7.85333687913781e-06,fraction_of_own_steady_state,1
24,emp,kg,public_capital,high_debt,4.8,4.8,-0.02061287575129,-0.020562043822177,5.08319291130377e-05,-0.00429434911485208,-0.0042837591296202,1.05899852318831e-05,fraction_of_own_steady_state,1
25,emp,kg,public_capital,high_debt,4.8,4.8,-0.0204554214963606,-0.0203923064457472,6.31150506134048e-05,-0.00426154614507512,-0.00424839717619733,1.31489688777924e-05,fraction_of_own_steady_state,1
26,emp,kg,public_capital,high_debt,4.8,4.8,-0.0202387170367739,-0.020164290689654,7.44263471199602e-05,-0.00421639938266124,-0.00420089389367791,1.5505488983325e-05,fraction_of_own_steady_state,1
27,emp,kg,public_capital,high_debt,4.8,4.8,-0.0199706497342129,-0.0198859746434987,8.46750907141924e-05,-0.00416055202796103,-0.00414291138406224,1.76406438987904e-05,fraction_of_own_steady_state,1
28,emp,kg,public_capital,high_debt,4.8,4.8,-0.0196587634958334,-0.0195649664044293,9.37970914041131e-05,-0.00409557572829863,-0.00407603466758943,1.95410607091908e-05,fraction_of_own_steady_state,1
29,emp,kg,public_capital,high_debt,4.8,4.8,-0.0193101903389055,-0.0192084377011712,0.000101752637734265,-0.00402295632060531,-0.00400175785441067,2.11984661946385e-05,fraction_of_own_steady_state,1
30,emp,kg,public_capital,high_debt,4.8,4.8,-0.0189316001506414,-0.0188230759135495,0.000108524237091956,-0.00394408336471697,-0.00392147414865614,2.26092160608236e-05,fraction_of_own_steady_state,1
31,emp,kg,public_capital,high_debt,4.8,4.8,-0.0185291664064193,-0.0184150521716751,0.000114114234744278,-0.00386024300133736,-0.0038364692024323,2.37737989050579e-05,fraction_of_own_steady_state,1
32,emp,kg,public_capital,high_debt,4.8,4.8,-0.0181085457264034,-0.01799000334662,0.000118542379783371,-0.00377261369300071,-0.00374791736387918,2.46963291215354e-05,fraction_of_own_steady_state,1
33,emp,kg,public_capital,high_debt,4.8,4.8,-0.0176748692823008,-0.017553025886536,0.00012184339576482,-0.00368226443381266,-0.00365688039302832,2.53840407843375e-05,fraction_of_own_steady_state,1
34,emp,kg,public_capital,high_debt,4.8,4.8,-0.0172327442079228,-0.0171086796038029,0.000124064604119845,-0.00359015504331724,-0.00356430825079227,2.58467925249675e-05,fraction_of_own_steady_state,1
35,emp,kg,public_capital,high_debt,4.8,4.8,-0.0167862633152582,-0.016660999675814,0.000125263639444206,-0.0034971381906788,-0.00347104159912792,2.60965915508766e-05,fraction_of_own_steady_state,1
36,emp,kg,public_capital,high_debt,4.8,4.8,-0.0163390215684052,-0.0162135152808682,0.000125506287536936,-0.00340396282675108,-0.00337781568351421,2.61471432368618e-05,fraction_of_own_steady_state,1
37,emp,kg,public_capital,high_debt,4.8,4.8,-0.0158941379180382,-0.0157692734484325,0.00012486446960569,-0.00331127873292462,-0.00328526530175677,2.60134311678524e-05,fraction_of_own_steady_state,1
38,emp,kg,public_capital,high_debt,4.8,4.8,-0.0154542812467557,-0.0153308668573509,0.000123414389404886,-0.00321964192640745,-0.00319393059528143,2.57113311260175e-05,fraction_of_own_steady_state,1
39,emp,kg,public_capital,high_debt,4.8,4.8,-0.0150216993186456,-0.0149004644644748,0.000121234854170815,-0.0031295206913845,-0.00310426343009892,2.52572612855864e-05,fraction_of_own_steady_state,1
40,emp,kg,public_capital,high_debt,4.8,4.8,-0.0145982497632815,-0.0144798439881386,0.000118405775142882,-0.00304130203401698,-0.00301663416419555,2.46678698214335e-05,fraction_of_own_steady_state,1
1,emp,xloc,local_production_gdp,low_debt,1,1,-0.00217106368639097,-0.00217360736241301,-2.54367602203764e-06,-0.00217106368639097,-0.00217360736241301,-2.54367602203764e-06,fraction_of_own_steady_state,1
2,emp,xloc,local_production_gdp,low_debt,1,1,-0.00181177290382095,-0.0018155044030902,-3.73149926924388e-06,-0.00181177290382095,-0.0018155044030902,-3.73149926924388e-06,fraction_of_own_steady_state,1
3,emp,xloc,local_production_gdp,low_debt,1,1,-0.00147363785074373,-0.00147742834186904,-3.7904911253106e-06,-0.00147363785074373,-0.00147742834186904,-3.7904911253106e-06,fraction_of_own_steady_state,1
4,emp,xloc,local_production_gdp,low_debt,1,1,-0.00118680442680397,-0.00119004205860174,-3.23763179777004e-06,-0.00118680442680397,-0.00119004205860174,-3.23763179777004e-06,fraction_of_own_steady_state,1
5,emp,xloc,local_production_gdp,low_debt,1,1,-0.000957019638828105,-0.000959424954867227,-2.40531603912242e-06,-0.000957019638828105,-0.000959424954867227,-2.40531603912242e-06,fraction_of_own_steady_state,1
6,emp,xloc,local_production_gdp,low_debt,1,1,-0.000779146157931176,-0.000780641756997658,-1.49559906648111e-06,-0.000779146157931176,-0.000780641756997658,-1.49559906648111e-06,fraction_of_own_steady_state,1
7,emp,xloc,local_production_gdp,low_debt,1,1,-0.000644220688923336,-0.000644843636298464,-6.22947375128469e-07,-0.000644220688923336,-0.000644843636298464,-6.22947375128469e-07,fraction_of_own_steady_state,1
8,emp,xloc,local_production_gdp,low_debt,1,1,-0.00054289370273275,-0.000542739313990515,1.54388742235056e-07,-0.00054289370273275,-0.000542739313990515,1.54388742235056e-07,fraction_of_own_steady_state,1
9,emp,xloc,local_production_gdp,low_debt,1,1,-0.00046690899333568,-0.000466096451730458,8.12541605221817e-07,-0.00046690899333568,-0.000466096451730458,8.12541605221817e-07,fraction_of_own_steady_state,1
10,emp,xloc,local_production_gdp,low_debt,1,1,-0.000409572016232818,-0.000408224518356426,1.34749787639166e-06,-0.000409572016232818,-0.000408224518356426,1.34749787639166e-06,fraction_of_own_steady_state,1
11,emp,xloc,local_production_gdp,low_debt,1,1,-0.000365735488879304,-0.00036396965524832,1.76583363098448e-06,-0.000365735488879304,-0.00036396965524832,1.76583363098448e-06,fraction_of_own_steady_state,1
12,emp,xloc,local_production_gdp,low_debt,1,1,-0.000331586006945495,-0.00032950694188294,2.07906506255462e-06,-0.000331586006945495,-0.00032950694188294,2.07906506255462e-06,fraction_of_own_steady_state,1
13,emp,xloc,local_production_gdp,low_debt,1,1,-0.000304376126098127,-0.000302075744902486,2.30038119564124e-06,-0.000304376126098127,-0.000302075744902486,2.30038119564124e-06,fraction_of_own_steady_state,1
14,emp,xloc,local_production_gdp,low_debt,1,1,-0.000282169303680524,-0.000279726420502668,2.44288317785557e-06,-0.000282169303680524,-0.000279726420502668,2.44288317785557e-06,fraction_of_own_steady_state,1
15,emp,xloc,local_production_gdp,low_debt,1,1,-0.000263624111154437,-0.000261105375743198,2.51873541123881e-06,-0.000263624111154437,-0.000261105375743198,2.51873541123881e-06,fraction_of_own_steady_state,1
16,emp,xloc,local_production_gdp,low_debt,1,1,-0.000247823565467709,-0.000245284725320372,2.53884014733696e-06,-0.000247823565467709,-0.000245284725320372,2.53884014733696e-06,fraction_of_own_steady_state,1
17,emp,xloc,local_production_gdp,low_debt,1,1,-0.000234146079241104,-0.000231633287434807,2.51279180629727e-06,-0.000234146079241104,-0.000231633287434807,2.51279180629727e-06,fraction_of_own_steady_state,1
18,emp,xloc,local_production_gdp,low_debt,1,1,-0.000222171085375256,-0.000219722120732513,2.4489646427428e-06,-0.000222171085375256,-0.000219722120732513,2.4489646427428e-06,fraction_of_own_steady_state,1
19,emp,xloc,local_production_gdp,low_debt,1,1,-0.000211611862417804,-0.000209257211902569,2.35465051523498e-06,-0.000211611862417804,-0.000209257211902569,2.35465051523498e-06,fraction_of_own_steady_state,1
20,emp,xloc,local_production_gdp,low_debt,1,1,-0.000202268844005316,-0.000200032641111458,2.23620289385718e-06,-0.000202268844005316,-0.000200032641111458,2.23620289385718e-06,fraction_of_own_steady_state,1
21,emp,xloc,local_production_gdp,low_debt,1,1,-0.00019399789092156,-0.000191898724171358,2.09916675020239e-06,-0.00019399789092156,-0.000191898724171358,2.09916675020239e-06,fraction_of_own_steady_state,1
22,emp,xloc,local_production_gdp,low_debt,1,1,-0.000186689226570058,-0.000184740839319075,1.9483872509829e-06,-0.000186689226570058,-0.000184740839319075,1.9483872509829e-06,fraction_of_own_steady_state,1
23,emp,xloc,local_production_gdp,low_debt,1,1,-0.000180253810757036,-0.000178465713658316,1.78809709872052e-06,-0.000180253810757036,-0.000178465713658316,1.78809709872052e-06,fraction_of_own_steady_state,1
24,emp,xloc,local_production_gdp,low_debt,1,1,-0.00017461479882086,-0.000172992813323725,1.62198549713555e-06,-0.00017461479882086,-0.000172992813323725,1.62198549713555e-06,fraction_of_own_steady_state,1
25,emp,xloc,local_production_gdp,low_debt,1,1,-0.000169702407216255,-0.000168249154478661,1.45325273759322e-06,-0.000169702407216255,-0.000168249154478661,1.45325273759322e-06,fraction_of_own_steady_state,1
26,emp,xloc,local_production_gdp,low_debt,1,1,-0.000165451010094908,-0.00016416635579386,1.28465430104807e-06,-0.000165451010094908,-0.00016416635579386,1.28465430104807e-06,fraction_of_own_steady_state,1
27,emp,xloc,local_production_gdp,low_debt,1,1,-0.000161797657908802,-0.000160679120126739,1.11853778206328e-06,-0.000161797657908802,-0.000160679120126739,1.11853778206328e-06,fraction_of_own_steady_state,1
28,emp,xloc,local_production_gdp,low_debt,1,1,-0.000158681470495692,-0.000157724595299502,9.56875196189699e-07,-0.000158681470495692,-0.000157724595299502,9.56875196189699e-07,fraction_of_own_steady_state,1
29,emp,xloc,local_production_gdp,low_debt,1,1,-0.000156043540470496,-0.000155242247965925,8.01292504570839e-07,-0.000156043540470496,-0.000155242247965925,8.01292504570839e-07,fraction_of_own_steady_state,1
30,emp,xloc,local_production_gdp,low_debt,1,1,-0.000153827109470317,-0.000153174011892854,6.53097577463235e-07,-0.000153827109470317,-0.000153174011892854,6.53097577463235e-07,fraction_of_own_steady_state,1
31,emp,xloc,local_production_gdp,low_debt,1,1,-0.000151977866190478,-0.00015146455886994,5.1330732053767e-07,-0.000151977866190478,-0.00015146455886994,5.1330732053767e-07,fraction_of_own_steady_state,1
32,emp,xloc,local_production_gdp,low_debt,1,1,-0.000150444273268491,-0.000150061598937046,3.8267433144501e-07,-0.000150444273268491,-0.000150061598937046,3.8267433144501e-07,fraction_of_own_steady_state,1
33,emp,xloc,local_production_gdp,low_debt,1,1,-0.000149177868617234,-0.000148916155424561,2.61713192672985e-07,-0.000149177868617234,-0.000148916155424561,2.61713192672985e-07,fraction_of_own_steady_state,1
34,emp,xloc,local_production_gdp,low_debt,1,1,-0.000148133511985837,-0.000147982785637324,1.5072634851343e-07,-0.000148133511985837,-0.000147982785637324,1.5072634851343e-07,fraction_of_own_steady_state,1
35,emp,xloc,local_production_gdp,low_debt,1,1,-0.000147269563635866,-0.000147219734225823,4.98294100426122e-08,-0.000147269563635866,-0.000147219734225823,4.98294100426122e-08,fraction_of_own_steady_state,1
36,emp,xloc,local_production_gdp,low_debt,1,1,-0.000146547992075363,-0.0001465890163862,-4.1024310837301e-08,-0.000146547992075363,-0.0001465890163862,-4.1024310837301e-08,fraction_of_own_steady_state,1
37,emp,xloc,local_production_gdp,low_debt,1,1,-0.000145934413827931,-0.000146056434075947,-1.22020248016774e-07,-0.000145934413827931,-0.000146056434075947,-1.22020248016774e-07,fraction_of_own_steady_state,1
38,emp,xloc,local_production_gdp,low_debt,1,1,-0.000145398071606961,-0.000145591531818368,-1.93460211406205e-07,-0.000145398071606961,-0.000145591531818368,-1.93460211406205e-07,fraction_of_own_steady_state,1
39,emp,xloc,local_production_gdp,low_debt,1,1,-0.000144911758969246,-0.000145167500340326,-2.55741371080198e-07,-0.000144911758969246,-0.000145167500340326,-2.55741371080198e-07,fraction_of_own_steady_state,1
40,emp,xloc,local_production_gdp,low_debt,1,1,-0.000144451700132997,-0.000144761036868779,-3.0933673578204e-07,-0.000144451700132997,-0.000144761036868779,-3.0933673578204e-07,fraction_of_own_steady_state,1
1,emp,xloc,local_production_gdp,high_debt,1,1,-0.00235809765349249,-0.00236198558915357,-3.88793566108436e-06,-0.00235809765349249,-0.00236198558915357,-3.88793566108436e-06,fraction_of_own_steady_state,1
2,emp,xloc,local_production_gdp,high_debt,1,1,-0.00213648417680845,-0.00214238924634624,-5.90506953779268e-06,-0.00213648417680845,-0.00214238924634624,-5.90506953779268e-06,fraction_of_own_steady_state,1
3,emp,xloc,local_production_gdp,high_debt,1,1,-0.00189523667876268,-0.00190160124813499,-6.364569372308e-06,-0.00189523667876268,-0.00190160124813499,-6.364569372308e-06,fraction_of_own_steady_state,1
4,emp,xloc,local_production_gdp,high_debt,1,1,-0.00167257068251381,-0.00167844166306064,-5.87098054682933e-06,-0.00167257068251381,-0.00167844166306064,-5.87098054682933e-06,fraction_of_own_steady_state,1
5,emp,xloc,local_production_gdp,high_debt,1,1,-0.00148133430023767,-0.00148617349049784,-4.83919026017521e-06,-0.00148133430023767,-0.00148617349049784,-4.83919026017521e-06,fraction_of_own_steady_state,1
6,emp,xloc,local_production_gdp,high_debt,1,1,-0.00132237916507283,-0.00132592414718025,-3.54498210741738e-06,-0.00132237916507283,-0.00132592414718025,-3.54498210741738e-06,fraction_of_own_steady_state,1
7,emp,xloc,local_production_gdp,high_debt,1,1,-0.00119164838526165,-0.00119381447191325,-2.16608665160045e-06,-0.00119164838526165,-0.00119381447191325,-2.16608665160045e-06,fraction_of_own_steady_state,1
8,emp,xloc,local_production_gdp,high_debt,1,1,-0.00108372771109277,-0.00108454089979759,-8.13188704817946e-07,-0.00108372771109277,-0.00108454089979759,-8.13188704817946e-07,fraction_of_own_steady_state,1
9,emp,xloc,local_production_gdp,high_debt,1,1,-0.000993466267624865,-0.000993018498727016,4.4776889784881e-07,-0.000993466267624865,-0.000993018498727016,4.4776889784881e-07,fraction_of_own_steady_state,1
10,emp,xloc,local_production_gdp,high_debt,1,1,-0.000916587681513259,-0.000915007568615733,1.58011289752569e-06,-0.000916587681513259,-0.000915007568615733,1.58011289752569e-06,fraction_of_own_steady_state,1
11,emp,xloc,local_production_gdp,high_debt,1,1,-0.000849806249817564,-0.000847240243830538,2.56600598702583e-06,-0.000849806249817564,-0.000847240243830538,2.56600598702583e-06,fraction_of_own_steady_state,1
12,emp,xloc,local_production_gdp,high_debt,1,1,-0.000790726316909129,-0.000787326749128958,3.39956778017125e-06,-0.000790726316909129,-0.000787326749128958,3.39956778017125e-06,fraction_of_own_steady_state,1
13,emp,xloc,local_production_gdp,high_debt,1,1,-0.00073766825076127,-0.000733585833283534,4.08241747773541e-06,-0.00073766825076127,-0.000733585833283534,4.08241747773541e-06,fraction_of_own_steady_state,1
14,emp,xloc,local_production_gdp,high_debt,1,1,-0.000689489653296071,-0.000684868833832342,4.62081946372983e-06,-0.000689489653296071,-0.000684868833832342,4.62081946372983e-06,fraction_of_own_steady_state,1
15,emp,xloc,local_production_gdp,high_debt,1,1,-0.000645430455081697,-0.000640406590967646,5.02386411405098e-06,-0.000645430455081697,-0.000640406590967646,5.02386411405098e-06,fraction_of_own_steady_state,1
16,emp,xloc,local_production_gdp,high_debt,1,1,-0.000604990255921756,-0.000599687952485328,5.30230343642746e-06,-0.000604990255921756,-0.000599687952485328,5.30230343642746e-06,fraction_of_own_steady_state,1
17,emp,xloc,local_production_gdp,high_debt,1,1,-0.000567836820539847,-0.000562369026232634,5.46779430721234e-06,-0.000567836820539847,-0.000562369026232634,5.46779430721234e-06,fraction_of_own_steady_state,1
18,emp,xloc,local_production_gdp,high_debt,1,1,-0.000533740916387582,-0.000528208523290941,5.53239309664111e-06,-0.000533740916387582,-0.000528208523290941,5.53239309664111e-06,fraction_of_own_steady_state,1
19,emp,xloc,local_production_gdp,high_debt,1,1,-0.00050253181525628,-0.000497023609600356,5.50820565592414e-06,-0.00050253181525628,-0.000497023609600356,5.50820565592414e-06,fraction_of_own_steady_state,1
20,emp,xloc,local_production_gdp,high_debt,1,1,-0.00047406820476581,-0.000468661069583765,5.40713518204505e-06,-0.00047406820476581,-0.000468661069583765,5.40713518204505e-06,fraction_of_own_steady_state,1
21,emp,xloc,local_production_gdp,high_debt,1,1,-0.00044822015167334,-0.000442979457268122,5.24069440521746e-06,-0.00044822015167334,-0.000442979457268122,5.24069440521746e-06,fraction_of_own_steady_state,1
22,emp,xloc,local_production_gdp,high_debt,1,1,-0.000424858726424393,-0.000419838863534139,5.01986289025425e-06,-0.000424858726424393,-0.000419838863534139,5.01986289025425e-06,fraction_of_own_steady_state,1
23,emp,xloc,local_production_gdp,high_debt,1,1,-0.000403850763628144,-0.00039909578509234,4.75497853580364e-06,-0.000403850763628144,-0.00039909578509234,4.75497853580364e-06,fraction_of_own_steady_state,1
24,emp,xloc,local_production_gdp,high_debt,1,1,-0.000385056938703721,-0.000380601281790072,4.45565691364891e-06,-0.000385056938703721,-0.000380601281790072,4.45565691364891e-06,fraction_of_own_steady_state,1
25,emp,xloc,local_production_gdp,high_debt,1,1,-0.000368331884924689,-0.000364201150463539,4.13073446114964e-06,-0.000368331884924689,-0.000364201150463539,4.13073446114964e-06,fraction_of_own_steady_state,1
26,emp,xloc,local_production_gdp,high_debt,1,1,-0.000353525478642425,-0.000349737245974646,3.7882326677785e-06,-0.000353525478642425,-0.000349737245974646,3.7882326677785e-06,fraction_of_own_steady_state,1
27,emp,xloc,local_production_gdp,high_debt,1,1,-0.00034048471134418,-0.000337049370470743,3.43534087343667e-06,-0.00034048471134418,-0.000337049370470743,3.43534087343667e-06,fraction_of_own_steady_state,1
28,emp,xloc,local_production_gdp,high_debt,1,1,-0.000329055772073983,-0.000325977356613993,3.07841545998944e-06,-0.000329055772073983,-0.000325977356613993,3.07841545998944e-06,fraction_of_own_steady_state,1
29,emp,xloc,local_production_gdp,high_debt,1,1,-0.000319086105226907,-0.000316363111966145,2.72299326076197e-06,-0.000319086105226907,-0.000316363111966145,2.72299326076197e-06,fraction_of_own_steady_state,1
30,emp,xloc,local_production_gdp,high_debt,1,1,-0.00031042630468503,-0.000308052487652422,2.37381703260819e-06,-0.00031042630468503,-0.000308052487652422,2.37381703260819e-06,fraction_of_own_steady_state,1
31,emp,xloc,local_production_gdp,high_debt,1,1,-0.000302931769193049,-0.000300896898314806,2.0348708782425e-06,-0.000302931769193049,-0.000300896898314806,2.0348708782425e-06,fraction_of_own_steady_state,1
32,emp,xloc,local_production_gdp,high_debt,1,1,-0.00029646408564421,-0.000294754662057528,1.70942358668214e-06,-0.00029646408564421,-0.000294754662057528,1.70942358668214e-06,fraction_of_own_steady_state,1
33,emp,xloc,local_production_gdp,high_debt,1,1,-0.000290892133599674,-0.000289492055622342,1.40007797733155e-06,-0.000290892133599674,-0.000289492055622342,1.40007797733155e-06,fraction_of_own_steady_state,1
34,emp,xloc,local_production_gdp,high_debt,1,1,-0.000286092920841363,-0.000284984096356578,1.10882448478566e-06,-0.000286092920841363,-0.000284984096356578,1.10882448478566e-06,fraction_of_own_steady_state,1
35,emp,xloc,local_production_gdp,high_debt,1,1,-0.000281952169437716,-0.000281115072049976,8.37097387740293e-07,-0.000281952169437716,-0.000281115072049976,8.37097387740293e-07,fraction_of_own_steady_state,1
36,emp,xloc,local_production_gdp,high_debt,1,1,-0.000278364677022913,-0.000277778844748333,5.85832274579978e-07,-0.000278364677022913,-0.000277778844748333,5.85832274579978e-07,fraction_of_own_steady_state,1
37,emp,xloc,local_production_gdp,high_debt,1,1,-0.000275234480287878,-0.000274878956766367,3.55523521511358e-07,-0.000275234480287878,-0.000274878956766367,3.55523521511358e-07,fraction_of_own_steady_state,1
38,emp,xloc,local_production_gdp,high_debt,1,1,-0.000272474848114546,-0.000272328567365809,1.46280748736238e-07,-0.000272474848114546,-0.000272328567365809,1.46280748736238e-07,fraction_of_own_steady_state,1
39,emp,xloc,local_production_gdp,high_debt,1,1,-0.000270008131034172,-0.000270050247639264,-4.2116605092346e-08,-0.000270008131034172,-0.000270050247639264,-4.2116605092346e-08,fraction_of_own_steady_state,1
40,emp,xloc,local_production_gdp,high_debt,1,1,-0.000267765492223848,-0.000267975659497655,-2.10167273806405e-07,-0.000267765492223848,-0.000267975659497655,-2.10167273806405e-07,fraction_of_own_steady_state,1
