endogenous,scheme_A,scheme_B,B_minus_A
a1,1,1,0
a2,1,1,0
b1,1.6,1.6,0
b2,4,4,0
c1,0.512913669064749,0.512913669064749,0
c2,0.512913669064749,0.512913669064749,0
d,0,0,0
dann1,0.4,0.4,0
dann2,1,1,0
ds1,0.0161616161616163,0.0161616161616163,0
ds2,0.0404040404040407,0.0404040404040407,0
fs1,0.12,0.12,0
fs2,0.12,0.12,0
g1,0.1,0.1,0
g2,0.1,0.1,0
ig1,0.12,0.12,0
ig2,0.12,0.12,0
inv1,0.267086330935251,0.267086330935251,0
inv2,0.267086330935251,0.267086330935251,0
k1,10.6834532374101,10.6834532374101,0
k2,10.6834532374101,10.6834532374101,0
kg1,4.8,4.8,0
kg2,4.8,4.8,0
lam1,3.80111889252538,3.80111889252538,0
lam2,3.80111889252538,3.80111889252538,0
m11,0.85,0.85,0
m12,0.15,0.15,0
m21,0.15,0.15,0
m22,0.85,0.85,0
mc1,0.833333333333333,0.833333333333333,0
mc2,0.833333333333333,0.833333333333333,0
mp,0,0,0
n1,0.108259193121186,0.108259193121186,0
n2,0.108259193121186,0.108259193121186,0
phib1,0,0,0
phib2,0,0,0
phiig1,0,0,0
phiig2,0,0,0
pim1,1,1,0
pim2,1,1,0
pinf1,1,1,0
pinf2,1,1,0
pinfagg,1,1,0
pstar1,1,1,0
pstar2,1,1,0
q11,1,1,0
q12,1,1,0
q21,1,1,0
q22,1,1,0
qk1,1,1,0
qk2,1,1,0
r,1.01010101010101,1.01010101010101,0
rb1,1.01010101010101,1.01010101010101,0
rb2,1.01010101010101,1.01010101010101,0
rk1,0.0351010101010102,0.0351010101010102,0
rk2,0.0351010101010102,0.0351010101010102,0
v1,1,1,0
v2,1,1,0
w1,4.23366663023501,4.23366663023501,0
w2,4.23366663023501,4.23366663023501,0
xagg,1,1,0
xloc1,1,1,0
xloc2,1,1,0
xone1,12.3013556392407,12.3013556392407,0
xone2,12.3013556392407,12.3013556392407,0
xtwo1,14.7616267670889,14.7616267670889,0
xtwo2,14.7616267670889,14.7616267670889,0
y1,1,1,0
y2,1,1,0
yagg,1,1,0
ym1,1,1,0
ym2,1,1,0
z1,0.156161616161616,0.156161616161616,0
z2,0.180404040404041,0.180404040404041,0
