period,shock_col,variable,variable_label,gap_definition,raw_gap_A,raw_gap_B,raw_gap_B_minus_A,gap_A,gap_B,gap_B_minus_A,regional_DID,identity_error,transformation,scale_factor
1,emp,ig,public_investment,high_debt_minus_low_debt,-0.000268594035886,-0.000271413418395122,-2.81938250912273e-06,-0.00223828363238333,-0.00226177848662602,-2.34948542426894e-05,-2.34948542426894e-05,0,fraction_of_own_steady_state,1
2,emp,ig,public_investment,high_debt_minus_low_debt,-0.000491262103035101,-0.000496128290859973,-4.86618782487291e-06,-0.00409385085862584,-0.00413440242383311,-4.05515652072749e-05,-4.05515652072749e-05,0,fraction_of_own_steady_state,1
3,emp,ig,public_investment,high_debt_minus_low_debt,-0.000669412742302949,-0.000675600086493977,-6.18734419102762e-06,-0.00557843951919125,-0.00563000072078314,-5.15612015918971e-05,-5.15612015918971e-05,0,fraction_of_own_steady_state,1
4,emp,ig,public_investment,high_debt_minus_low_debt,-0.000806338541271615,-0.000813196888255194,-6.85834698357923e-06,-0.00671948784393012,-0.00677664073545995,-5.71528915298269e-05,-5.71528915298269e-05,0,fraction_of_own_steady_state,1
5,emp,ig,public_investment,high_debt_minus_low_debt,-0.000906213583470553,-0.000913184114346391,-6.97053087583832e-06,-0.0075517798622546,-0.00760986761955326,-5.80877572986535e-05,-5.80877572986535e-05,0,fraction_of_own_steady_state,1
6,emp,ig,public_investment,high_debt_minus_low_debt,-0.000973511139612929,-0.000980132737525063,-6.62159791213479e-06,-0.00811259283010774,-0.00816777281270886,-5.51799826011227e-05,-5.51799826011235e-05,8.67361737988404e-19,fraction_of_own_steady_state,1
7,emp,ig,public_investment,high_debt_minus_low_debt,-0.00101267383847112,-0.00101858270539729,-5.90886692616865e-06,-0.00843894865392598,-0.00848818921164405,-4.92405577180721e-05,-4.92405577180721e-05,0,fraction_of_own_steady_state,1
8,emp,ig,public_investment,high_debt_minus_low_debt,-0.00102793377779885,-0.00103285846980507,-4.92469200621959e-06,-0.0085661148149904,-0.00860715391504223,-4.10391000518311e-05,-4.10391000518302e-05,-8.67361737988404e-19,fraction_of_own_steady_state,1
9,emp,ig,public_investment,high_debt_minus_low_debt,-0.00102322059292455,-0.00102697414334464,-3.75355042009362e-06,-0.00852683827437123,-0.00855811786120535,-3.12795868341129e-05,-3.12795868341129e-05,0,fraction_of_own_steady_state,1
10,emp,ig,public_investment,high_debt_minus_low_debt,-0.00100212045410265,-0.00100459083338181,-2.47037927915417e-06,-0.00835100378418878,-0.00837159027818173,-2.0586493992952e-05,-2.0586493992952e-05,0,fraction_of_own_steady_state,1
11,emp,ig,public_investment,high_debt_minus_low_debt,-0.000967864142603456,-0.000969003964792436,-1.13982218898079e-06,-0.00806553452169546,-0.00807503303993697,-9.49851824150715e-06,-9.49851824150715e-06,0,fraction_of_own_steady_state,1
12,emp,ig,public_investment,high_debt_minus_low_debt,-0.000923331474587771,-0.000923147596005564,1.83878582207808e-07,-0.0076944289548981,-0.0076928966333797,1.53232151839898e-06,1.53232151839898e-06,0,fraction_of_own_steady_state,1
13,emp,ig,public_investment,high_debt_minus_low_debt,-0.000871064745758945,-0.000869608199481092,1.45654627785319e-06,-0.00725887288132455,-0.00724673499567577,1.21378856487763e-05,1.21378856487763e-05,0,fraction_of_own_steady_state,1
14,emp,ig,public_investment,high_debt_minus_low_debt,-0.000813287023875842,-0.000810643582298751,2.64344157709095e-06,-0.00677739186563201,-0.00675536318582292,2.20286798090896e-05,2.20286798090896e-05,0,fraction_of_own_steady_state,1
15,emp,ig,public_investment,high_debt_minus_low_debt,-0.000751922926446061,-0.000748204472237321,3.71845420873984e-06,-0.00626602438705051,-0.00623503726864434,3.09871184061656e-05,3.09871184061656e-05,0,fraction_of_own_steady_state,1
16,emp,ig,public_investment,high_debt_minus_low_debt,-0.000688620541051524,-0.000683957345091704,4.66319595981979e-06,-0.0057385045087627,-0.00569964454243087,3.88599663318319e-05,3.88599663318319e-05,0,fraction_of_own_steady_state,1
17,emp,ig,public_investment,high_debt_minus_low_debt,-0.000624773709900661,-0.000619307655956733,5.4660539439283e-06,-0.00520644758250551,-0.00516089713297277,4.55504495327367e-05,4.55504495327367e-05,0,fraction_of_own_steady_state,1
18,emp,ig,public_investment,high_debt_minus_low_debt,-0.000561544206985634,-0.000555422961071875,6.1212459137594e-06,-0.00467953505821362,-0.00462852467559896,5.10103826146611e-05,5.10103826146611e-05,0,fraction_of_own_steady_state,1
19,emp,ig,public_investment,high_debt_minus_low_debt,-0.00049988350168341,-0.00049325559498252,6.62790670089008e-06,-0.00416569584736175,-0.004110463291521,5.52325558407507e-05,5.52325558407507e-05,0,fraction_of_own_steady_state,1
20,emp,ig,public_investment,high_debt_minus_low_debt,-0.000440553893134868,-0.000433564667681116,6.9892254537518e-06,-0.00367128244279057,-0.00361303889734263,5.8243545447932e-05,5.8243545447932e-05,0,fraction_of_own_steady_state,1
21,emp,ig,public_investment,high_debt_minus_low_debt,-0.000384148852191707,-0.000376937205814151,7.21164637755567e-06,-0.00320124043493089,-0.00314114338178459,6.00970531462967e-05,6.00970531462967e-05,0,fraction_of_own_steady_state,1
22,emp,ig,public_investment,high_debt_minus_low_debt,-0.000331112441951706,-0.000323808301430084,7.30414052162176e-06,-0.00275927034959755,-0.00269840251191737,6.08678376801813e-05,6.08678376801813e-05,0,fraction_of_own_steady_state,1
23,emp,ig,public_investment,high_debt_minus_low_debt,-0.000281757714005293,-0.000274480161664536,7.27755234075644e-06,-0.00234798095004411,-0.0022873346805378,6.06462695063033e-05,6.06462695063033e-05,0,fraction_of_own_steady_state,1
24,emp,ig,public_investment,high_debt_minus_low_debt,-0.000236284000226655,-0.000229139978293769,7.14402193288666e-06,-0.00196903333522213,-0.00190949981911474,5.95335161073891e-05,5.95335161073891e-05,0,fraction_of_own_steady_state,1
25,emp,ig,public_investment,high_debt_minus_low_debt,-0.000194793041171135,-0.000187876559397143,6.9164817739914e-06,-0.00162327534309279,-0.00156563799497619,5.76373481165952e-05,5.76373481165952e-05,0,fraction_of_own_steady_state,1
26,emp,ig,public_investment,high_debt_minus_low_debt,-0.000157303912399542,-0.000150695687145389,6.60822525415383e-06,-0.00131086593666285,-0.00125579739287824,5.50685437846151e-05,5.50685437846151e-05,0,fraction_of_own_steady_state,1
27,emp,ig,public_investment,high_debt_minus_low_debt,-0.000123766729235045,-0.00011753418600606,6.23254322898448e-06,-0.00103138941029204,-0.000979451550050502,5.19378602415375e-05,5.19378602415375e-05,0,fraction_of_own_steady_state,1
28,emp,ig,public_investment,high_debt_minus_low_debt,-9.40751282628716e-05,-8.82727042149783e-05,5.80242404789322e-06,-0.000783959402190596,-0.000735605868458153,4.83535337324433e-05,4.83535337324433e-05,0,fraction_of_own_steady_state,1
29,emp,ig,public_investment,high_debt_minus_low_debt,-6.80775399904826e-05,-6.27472279637886e-05,5.33031202669398e-06,-0.000567312833254022,-0.000522893566364905,4.44192668891165e-05,4.44192668891165e-05,0,fraction_of_own_steady_state,1
30,emp,ig,public_investment,high_debt_minus_low_debt,-4.55872812591546e-05,-4.07593622117619e-05,4.82791904739266e-06,-0.000379894010492955,-0.000339661351764683,4.02326587282722e-05,4.02326587282722e-05,0,fraction_of_own_steady_state,1
31,emp,ig,public_investment,high_debt_minus_low_debt,-2.63915081018667e-05,-2.20854242542617e-05,4.306083847605e-06,-0.000219929234182223,-0.000184045202118848,3.5884032063375e-05,3.5884032063375e-05,0,fraction_of_own_steady_state,1
32,emp,ig,public_investment,high_debt_minus_low_debt,-1.02590797373819e-05,-6.48440616353441e-06,3.77467357384753e-06,-8.54923311448495e-05,-5.40367180294534e-05,3.14556131153961e-05,3.14556131153961e-05,0,fraction_of_own_steady_state,1
33,emp,ig,public_investment,high_debt_minus_low_debt,3.05260768036775e-06,6.29512996989934e-06,3.24252228953159e-06,2.54383973363979e-05,5.24594164158278e-05,2.70210190794299e-05,2.70210190794299e-05,0,fraction_of_own_steady_state,1
34,emp,ig,public_investment,high_debt_minus_low_debt,1.37917529712261e-05,1.65091542978363e-05,2.71740132661014e-06,0.000114931274760218,0.000137576285815302,2.26450110550845e-05,2.26450110550845e-05,-6.7762635780344e-21,fraction_of_own_steady_state,1
35,emp,ig,public_investment,high_debt_minus_low_debt,2.22071787567002e-05,2.4413195389178e-05,2.20601663247777e-06,0.000185059822972502,0.000203443294909816,1.83834719373147e-05,1.83834719373147e-05,-2.71050543121376e-20,fraction_of_own_steady_state,1
36,emp,ig,public_investment,high_debt_minus_low_debt,2.85441859555619e-05,3.02582145265684e-05,1.71402857100655e-06,0.000237868216296349,0.000252151787721403,1.42835714250546e-05,1.42835714250546e-05,-8.470329472543e-21,fraction_of_own_steady_state,1
37,emp,ig,public_investment,high_debt_minus_low_debt,3.30411616356607e-05,3.42872516148202e-05,1.24608997915943e-06,0.000275343013630506,0.000285727096790168,1.03840831596619e-05,1.03840831596619e-05,0,fraction_of_own_steady_state,1
38,emp,ig,public_investment,high_debt_minus_low_debt,3.59268681085073e-05,3.67327667508272e-05,8.05898642319836e-07,0.000299390567570894,0.000306106389590226,6.71582201933196e-06,6.71582201933198e-06,-2.03287907341032e-20,fraction_of_own_steady_state,1
39,emp,ig,public_investment,high_debt_minus_low_debt,3.74183424202146e-05,3.78146031452115e-05,3.96260724996877e-07,0.000311819520168455,0.000315121692876762,3.30217270830729e-06,3.30217270830729e-06,0,fraction_of_own_steady_state,1
40,emp,ig,public_investment,high_debt_minus_low_debt,3.77193375447338e-05,3.77384996127356e-05,1.91620680017879e-08,0.000314327812872781,0.000314487496772796,1.59683900014863e-07,1.59683900014863e-07,0,fraction_of_own_steady_state,1
1,emp,kg,public_capital,high_debt_minus_low_debt,-0.000268594035885528,-0.000271413418394317,-2.81938250878966e-06,-5.59570908094849e-05,-5.65444621654828e-05,-5.87371355997859e-07,-5.87371355997859e-07,0,fraction_of_own_steady_state,1
2,emp,kg,public_capital,high_debt_minus_low_debt,-0.000753141288023507,-0.00076075637379347,-7.61508576996306e-06,-0.000156904435004897,-0.000158490911206973,-1.58647620207569e-06,-1.58647620207568e-06,-1.35525271560688e-20,fraction_of_own_steady_state,1
3,emp,kg,public_capital,high_debt_minus_low_debt,-0.00140372549812628,-0.00141733755094009,-1.36120528138051e-05,-0.000292442812109643,-0.000295278656445852,-2.83584433620937e-06,-2.83584433620937e-06,0,fraction_of_own_steady_state,1
4,emp,kg,public_capital,high_debt_minus_low_debt,-0.00217497090194385,-0.00219510100041909,-2.01300984752351e-05,-0.000453118937904969,-0.000457312708420643,-4.19377051567393e-06,-4.19377051567393e-06,0,fraction_of_own_steady_state,1
5,emp,kg,public_capital,high_debt_minus_low_debt,-0.00302681021286588,-0.00305340758975259,-2.65973768867056e-05,-0.000630585461013726,-0.000636126581198456,-5.54112018473041e-06,-5.54112018473041e-06,0,fraction_of_own_steady_state,1
6,emp,kg,public_capital,high_debt_minus_low_debt,-0.00392465109715623,-0.0039572051375325,-3.25540403762759e-05,-0.000817635645240881,-0.000824417736985938,-6.7820917450574e-06,-6.7820917450574e-06,0,fraction_of_own_steady_state,1
7,emp,kg,public_capital,high_debt_minus_low_debt,-0.00483920865819876,-0.00487685771448909,-3.76490562903342e-05,-0.00100816847045807,-0.00101601202385189,-7.84355339381948e-06,-7.84355339381948e-06,0,fraction_of_own_steady_state,1
8,emp,kg,public_capital,high_debt_minus_low_debt,-0.00574616221954294,-0.00578779474143154,-4.16325218886016e-05,-0.00119711712907145,-0.00120579057113157,-8.67344206012532e-06,-8.67344206012522e-06,-1.0842021724855e-19,fraction_of_own_steady_state,1
9,emp,kg,public_capital,high_debt_minus_low_debt,-0.00662572875697887,-0.0066700740162382,-4.43452592593374e-05,-0.00138036015770393,-0.00138959875338296,-9.23859567902863e-06,-9.23859567902852e-06,-1.0842021724855e-19,fraction_of_own_steady_state,1
10,emp,kg,public_capital,high_debt_minus_low_debt,-0.00746220599215697,-0.00750791299921261,-4.57070070556398e-05,-0.00155462624836603,-0.00156414854150263,-9.52229313659191e-06,-9.52229313659191e-06,0,fraction_of_own_steady_state,1
11,emp,kg,public_capital,high_debt_minus_low_debt,-0.00824351498495624,-0.00828921913902381,-4.57041540675718e-05,-0.00171739895519922,-0.00172692065396329,-9.52169876407716e-06,-9.52169876407716e-06,0,fraction_of_own_steady_state,1
12,emp,kg,public_capital,high_debt_minus_low_debt,-0.0089607585849194,-0.00900513625655197,-4.43776716325672e-05,-0.00186682470519154,-0.00187607005344833,-9.24534825678513e-06,-9.24534825678513e-06,0,fraction_of_own_steady_state,1
13,emp,kg,public_capital,high_debt_minus_low_debt,-0.00960780436605457,-0.009649616049618,-4.18116835634308e-05,-0.0020016259095947,-0.00201033667700375,-8.71076740904765e-06,-8.71076740904786e-06,2.16840434497101e-19,fraction_of_own_steady_state,1
14,emp,kg,public_capital,high_debt_minus_low_debt,-0.0101808962807795,-0.010219019230675,-3.81229498955804e-05,-0.00212102005849572,-0.00212896233972396,-7.94228122824592e-06,-7.94228122824592e-06,0,fraction_of_own_steady_state,1
15,emp,kg,public_capital,high_debt_minus_low_debt,-0.0106782968002062,-0.0107117482221453,-3.34514219391124e-05,-0.00222464516670962,-0.00223161421294693,-6.96904623731509e-06,-6.96904623731531e-06,2.16840434497101e-19,fraction_of_own_steady_state,1
16,emp,kg,public_capital,high_debt_minus_low_debt,-0.0110999599212533,-0.0111279118616814,-2.79519404280393e-05,-0.00231249165026111,-0.00231831497118362,-5.82332092250847e-06,-5.82332092250847e-06,0,fraction_of_own_steady_state,1
17,emp,kg,public_capital,high_debt_minus_low_debt,-0.0114472346331214,-0.0114690217210951,-2.17870879737347e-05,-0.00238484054856695,-0.00238937952522814,-4.5389766611943e-06,-4.53897666119409e-06,-2.16840434497101e-19,fraction_of_own_steady_state,1
18,emp,kg,public_capital,high_debt_minus_low_debt,-0.0117225979742797,-0.0117377191391386,-1.51211648589111e-05,-0.00244220791130826,-0.0024453581539872,-3.15024267894025e-06,-3.15024267894025e-06,0,fraction_of_own_steady_state,1
19,emp,kg,public_capital,high_debt_minus_low_debt,-0.0119294165266055,-0.0119375317556418,-8.11522903632067e-06,-0.00248529510970948,-0.00248698578242538,-1.69067271590072e-06,-1.69067271590072e-06,0,fraction_of_own_steady_state,1
20,emp,kg,public_capital,high_debt_minus_low_debt,-0.0120717350065753,-0.0120726581294317,-9.23122856377745e-07,-0.00251494479303653,-0.00251513711029827,-1.92317261745508e-07,-1.92317261745508e-07,0,fraction_of_own_steady_state,1
21,emp,kg,public_capital,high_debt_minus_low_debt,-0.0121540904836026,-0.0121477788820092,6.3116015933673e-06,-0.00253210218408388,-0.00253078726708526,1.31491699861819e-06,1.3149169986184e-06,-2.16840434497101e-19,fraction_of_own_steady_state,1
22,emp,kg,public_capital,high_debt_minus_low_debt,-0.0121813506634645,-0.0121678927113882,1.34579520763012e-05,-0.00253778138822177,-0.00253497764820587,2.80374001589622e-06,2.80374001589601e-06,2.16840434497101e-19,fraction_of_own_steady_state,1
23,emp,kg,public_capital,high_debt_minus_low_debt,-0.0121585746108837,-0.0121381755552674,2.03990556162381e-05,-0.00253303637726743,-0.00252878657401404,4.24980325338309e-06,4.24980325338309e-06,0,fraction_of_own_steady_state,1
24,emp,kg,public_capital,high_debt_minus_low_debt,-0.012090894245838,-0.0120638611446786,2.70331011593683e-05,-0.00251893630121625,-0.00251330440514138,5.63189607486868e-06,5.63189607486868e-06,0,fraction_of_own_steady_state,1
25,emp,kg,public_capital,high_debt_minus_low_debt,-0.0119834149308637,-0.0119501411754577,3.32737554060714e-05,-0.00249654477726328,-0.00248961274488702,6.93203237626472e-06,6.93203237626451e-06,2.16840434497101e-19,fraction_of_own_steady_state,1
26,emp,kg,public_capital,high_debt_minus_low_debt,-0.011841133469991,-0.0118020833332162,3.90501367748541e-05,-0.00246690280624814,-0.00245876736108671,8.13544516142795e-06,8.13544516142795e-06,0,fraction_of_own_steady_state,1
27,emp,kg,public_capital,high_debt_minus_low_debt,-0.0116688718624758,-0.0116245654358913,4.43064265844839e-05,-0.00243101497134912,-0.00242178446581069,9.23050553843429e-06,9.23050553843429e-06,0,fraction_of_own_steady_state,1
28,emp,kg,public_capital,high_debt_minus_low_debt,-0.0114712251941782,-0.0114222240042077,4.90011899705323e-05,-0.00238983858212046,-0.0023796300008766,1.02085812438615e-05,1.02085812438615e-05,0,fraction_of_own_steady_state,1
29,emp,kg,public_capital,high_debt_minus_low_debt,-0.0112525221043134,-0.0111994156320661,5.31064722473218e-05,-0.00234427543839862,-0.00233321159001376,1.10638483848589e-05,1.10638483848589e-05,0,fraction_of_own_steady_state,1
30,emp,kg,public_capital,high_debt_minus_low_debt,-0.0110167963329646,-0.0109601896034759,5.66067294887063e-05,-0.00229516590270096,-0.00228337283405748,1.17930686434802e-05,1.179306864348e-05,2.16840434497101e-19,fraction_of_own_steady_state,1
31,emp,kg,public_capital,high_debt_minus_low_debt,-0.0107677679327427,-0.0107082702876422,5.94976451004925e-05,-0.00224328498598806,-0.00223088964325879,1.23953427292691e-05,1.23953427292691e-05,0,fraction_of_own_steady_state,1
32,emp,kg,public_capital,high_debt_minus_low_debt,-0.0105088328141623,-0.0104470479366139,6.17848775483765e-05,-0.00218934016961714,-0.00217646832012789,1.28718494892448e-05,1.28718494892448e-05,0,fraction_of_own_steady_state,1
33,emp,kg,public_capital,high_debt_minus_low_debt,-0.0102430593861271,-0.0101795766082278,6.34827778993596e-05,-0.00213397070544315,-0.00212074512671412,1.32255787290334e-05,1.32255787290334e-05,0,fraction_of_own_steady_state,1
34,emp,kg,public_capital,high_debt_minus_low_debt,-0.00997319114850281,-0.00990857803872469,6.46131097781222e-05,-0.00207774815593809,-0.00206428709140098,1.34610645371085e-05,1.34610645371085e-05,0,fraction_of_own_steady_state,1
35,emp,kg,public_capital,high_debt_minus_low_debt,-0.00970165419103353,-0.00963645039236649,6.52037986670351e-05,-0.00202117795646532,-0.00200759383174302,1.35841247222994e-05,1.35841247222994e-05,0,fraction_of_own_steady_state,1
36,emp,kg,public_capital,high_debt_minus_low_debt,-0.00943056865030201,-0.00936528091803002,6.52877322719903e-05,-0.00196470180214625,-0.00195110019125625,1.36016108899979e-05,1.36016108899981e-05,-2.16840434497101e-19,fraction_of_own_steady_state,1
37,emp,kg,public_capital,high_debt_minus_low_debt,-0.00916176327240859,-0.00909686164346457,6.49016289440141e-05,-0.00190870068175179,-0.00189517950905512,1.352117269667e-05,1.352117269667e-05,0,fraction_of_own_steady_state,1
38,emp,kg,public_capital,high_debt_minus_low_debt,-0.00889679232248941,-0.00883270733562558,6.40849868638327e-05,-0.00185349840051863,-0.00184014736158866,1.33510389299649e-05,1.33510389299649e-05,0,fraction_of_own_steady_state,1
39,emp,kg,public_capital,high_debt_minus_low_debt,-0.00863695417200727,-0.00857407504908991,6.28791229173586e-05,-0.00179936545250151,-0.00178626563522707,1.30998172744494e-05,1.30998172744494e-05,0,fraction_of_own_steady_state,1
40,emp,kg,public_capital,high_debt_minus_low_debt,-0.00838331098016276,-0.00832198467324918,6.13263069135783e-05,-0.00174652312086724,-0.00173374680692691,1.27763139403285e-05,1.27763139403285e-05,0,fraction_of_own_steady_state,1
1,emp,xloc,local_production_gdp,high_debt_minus_low_debt,-0.000187033967101513,-0.00018837822674056,-1.34425963904672e-06,-0.000187033967101513,-0.00018837822674056,-1.34425963904672e-06,-1.34425963904672e-06,0,fraction_of_own_steady_state,1
2,emp,xloc,local_production_gdp,high_debt_minus_low_debt,-0.000324711272987499,-0.000326884843256048,-2.17357026854881e-06,-0.000324711272987499,-0.000326884843256048,-2.17357026854881e-06,-2.17357026854881e-06,0,fraction_of_own_steady_state,1
3,emp,xloc,local_production_gdp,high_debt_minus_low_debt,-0.000421598828018954,-0.000424172906265952,-2.5740782469974e-06,-0.000421598828018954,-0.000424172906265952,-2.5740782469974e-06,-2.5740782469974e-06,0,fraction_of_own_steady_state,1
4,emp,xloc,local_production_gdp,high_debt_minus_low_debt,-0.000485766255709841,-0.0004883996044589,-2.63334874905929e-06,-0.000485766255709841,-0.0004883996044589,-2.63334874905929e-06,-2.63334874905929e-06,0,fraction_of_own_steady_state,1
5,emp,xloc,local_production_gdp,high_debt_minus_low_debt,-0.000524314661409564,-0.000526748535630617,-2.43387422105279e-06,-0.000524314661409564,-0.000526748535630617,-2.43387422105279e-06,-2.43387422105279e-06,0,fraction_of_own_steady_state,1
6,emp,xloc,local_production_gdp,high_debt_minus_low_debt,-0.000543233007141652,-0.000545282390182589,-2.04938304093627e-06,-0.000543233007141652,-0.000545282390182589,-2.04938304093627e-06,-2.04938304093627e-06,0,fraction_of_own_steady_state,1
7,emp,xloc,local_production_gdp,high_debt_minus_low_debt,-0.00054742769633831,-0.000548970835614782,-1.54313927647198e-06,-0.00054742769633831,-0.000548970835614782,-1.54313927647198e-06,-1.54313927647198e-06,0,fraction_of_own_steady_state,1
8,emp,xloc,local_production_gdp,high_debt_minus_low_debt,-0.000540834008360025,-0.000541801585807078,-9.67577447053003e-07,-0.000540834008360025,-0.000541801585807078,-9.67577447053003e-07,-9.67577447053003e-07,0,fraction_of_own_steady_state,1
9,emp,xloc,local_production_gdp,high_debt_minus_low_debt,-0.000526557274289186,-0.000526922046996559,-3.64772707373007e-07,-0.000526557274289186,-0.000526922046996559,-3.64772707373007e-07,-3.64772707373007e-07,0,fraction_of_own_steady_state,1
10,emp,xloc,local_production_gdp,high_debt_minus_low_debt,-0.000507015665280441,-0.000506783050259307,2.32615021134031e-07,-0.000507015665280441,-0.000506783050259307,2.32615021134031e-07,2.32615021134031e-07,0,fraction_of_own_steady_state,1
11,emp,xloc,local_production_gdp,high_debt_minus_low_debt,-0.00048407076093826,-0.000483270588582219,8.00172356041351e-07,-0.00048407076093826,-0.000483270588582219,8.00172356041351e-07,8.00172356041351e-07,0,fraction_of_own_steady_state,1
12,emp,xloc,local_production_gdp,high_debt_minus_low_debt,-0.000459140309963635,-0.000457819807246018,1.32050271761663e-06,-0.000459140309963635,-0.000457819807246018,1.32050271761663e-06,1.32050271761663e-06,0,fraction_of_own_steady_state,1
13,emp,xloc,local_production_gdp,high_debt_minus_low_debt,-0.000433292124663143,-0.000431510088381049,1.78203628209417e-06,-0.000433292124663143,-0.000431510088381049,1.78203628209417e-06,1.78203628209417e-06,0,fraction_of_own_steady_state,1
14,emp,xloc,local_production_gdp,high_debt_minus_low_debt,-0.000407320349615548,-0.000405142413329673,2.17793628587426e-06,-0.000407320349615548,-0.000405142413329673,2.17793628587426e-06,2.17793628587426e-06,0,fraction_of_own_steady_state,1
15,emp,xloc,local_production_gdp,high_debt_minus_low_debt,-0.00038180634392726,-0.000379301215224448,2.50512870281216e-06,-0.00038180634392726,-0.000379301215224448,2.50512870281216e-06,2.50512870281216e-06,0,fraction_of_own_steady_state,1
16,emp,xloc,local_production_gdp,high_debt_minus_low_debt,-0.000357166690454047,-0.000354403227164957,2.7634632890905e-06,-0.000357166690454047,-0.000354403227164957,2.7634632890905e-06,2.7634632890905e-06,0,fraction_of_own_steady_state,1
17,emp,xloc,local_production_gdp,high_debt_minus_low_debt,-0.000333690741298742,-0.000330735738797827,2.95500250091507e-06,-0.000333690741298742,-0.000330735738797827,2.95500250091507e-06,2.95500250091507e-06,0,fraction_of_own_steady_state,1
18,emp,xloc,local_production_gdp,high_debt_minus_low_debt,-0.000311569831012326,-0.000308486402558428,3.08342845389831e-06,-0.000311569831012326,-0.000308486402558428,3.08342845389831e-06,3.08342845389831e-06,0,fraction_of_own_steady_state,1
19,emp,xloc,local_production_gdp,high_debt_minus_low_debt,-0.000290919952838475,-0.000287766397697786,3.15355514068916e-06,-0.000290919952838475,-0.000287766397697786,3.15355514068916e-06,3.15355514068916e-06,0,fraction_of_own_steady_state,1
20,emp,xloc,local_production_gdp,high_debt_minus_low_debt,-0.000271799360760494,-0.000268628428472306,3.17093228818788e-06,-0.000271799360760494,-0.000268628428472306,3.17093228818788e-06,3.17093228818788e-06,0,fraction_of_own_steady_state,1
21,emp,xloc,local_production_gdp,high_debt_minus_low_debt,-0.00025422226075178,-0.000251080733096765,3.14152765501508e-06,-0.00025422226075178,-0.000251080733096765,3.14152765501508e-06,3.14152765501508e-06,0,fraction_of_own_steady_state,1
22,emp,xloc,local_production_gdp,high_debt_minus_low_debt,-0.000238169499854335,-0.000235098024215064,3.07147563927135e-06,-0.000238169499854335,-0.000235098024215064,3.07147563927135e-06,3.07147563927135e-06,0,fraction_of_own_steady_state,1
23,emp,xloc,local_production_gdp,high_debt_minus_low_debt,-0.000223596952871108,-0.000220630071434025,2.96688143708312e-06,-0.000223596952871108,-0.000220630071434025,2.96688143708312e-06,2.96688143708312e-06,0,fraction_of_own_steady_state,1
24,emp,xloc,local_production_gdp,high_debt_minus_low_debt,-0.00021044213988286,-0.000207608468466347,2.83367141651336e-06,-0.00021044213988286,-0.000207608468466347,2.83367141651336e-06,2.83367141651336e-06,0,fraction_of_own_steady_state,1
25,emp,xloc,local_production_gdp,high_debt_minus_low_debt,-0.000198629477708434,-0.000195951995984878,2.67748172355642e-06,-0.000198629477708434,-0.000195951995984878,2.67748172355642e-06,2.67748172355642e-06,0,fraction_of_own_steady_state,1
26,emp,xloc,local_production_gdp,high_debt_minus_low_debt,-0.000188074468547517,-0.000185570890180786,2.50357836673043e-06,-0.000188074468547517,-0.000185570890180786,2.50357836673043e-06,2.50357836673043e-06,0,fraction_of_own_steady_state,1
27,emp,xloc,local_production_gdp,high_debt_minus_low_debt,-0.000178687053435378,-0.000176370250344005,2.31680309137339e-06,-0.000178687053435378,-0.000176370250344005,2.31680309137339e-06,2.31680309137339e-06,0,fraction_of_own_steady_state,1
28,emp,xloc,local_production_gdp,high_debt_minus_low_debt,-0.000170374301578291,-0.000168252761314491,2.12154026379974e-06,-0.000170374301578291,-0.000168252761314491,2.12154026379974e-06,2.12154026379974e-06,0,fraction_of_own_steady_state,1
29,emp,xloc,local_production_gdp,high_debt_minus_low_debt,-0.00016304256475641,-0.000161120864000219,1.92170075619114e-06,-0.00016304256475641,-0.000161120864000219,1.92170075619114e-06,1.92170075619114e-06,0,fraction_of_own_steady_state,1
30,emp,xloc,local_production_gdp,high_debt_minus_low_debt,-0.000156599195214713,-0.000154878475759568,1.72071945514496e-06,-0.000156599195214713,-0.000154878475759568,1.72071945514496e-06,1.72071945514496e-06,0,fraction_of_own_steady_state,1
31,emp,xloc,local_production_gdp,high_debt_minus_low_debt,-0.000150953903002571,-0.000149432339444866,1.52156355770483e-06,-0.000150953903002571,-0.000149432339444866,1.52156355770483e-06,1.52156355770483e-06,0,fraction_of_own_steady_state,1
32,emp,xloc,local_production_gdp,high_debt_minus_low_debt,-0.000146019812375719,-0.000144693063120482,1.32674925523713e-06,-0.000146019812375719,-0.000144693063120482,1.32674925523713e-06,1.32674925523713e-06,0,fraction_of_own_steady_state,1
33,emp,xloc,local_production_gdp,high_debt_minus_low_debt,-0.00014171426498244,-0.000140575900197781,1.13836478465856e-06,-0.00014171426498244,-0.000140575900197781,1.13836478465856e-06,1.13836478465856e-06,0,fraction_of_own_steady_state,1
34,emp,xloc,local_production_gdp,high_debt_minus_low_debt,-0.000137959408855526,-0.000137001310719254,9.58098136272234e-07,-0.000137959408855526,-0.000137001310719254,9.58098136272234e-07,9.58098136272234e-07,0,fraction_of_own_steady_state,1
35,emp,xloc,local_production_gdp,high_debt_minus_low_debt,-0.00013468260580185,-0.000133895337824153,7.87267977697681e-07,-0.00013468260580185,-0.000133895337824153,7.87267977697681e-07,7.87267977697681e-07,0,fraction_of_own_steady_state,1
36,emp,xloc,local_production_gdp,high_debt_minus_low_debt,-0.00013181668494755,-0.000131189828362133,6.26856585417279e-07,-0.00013181668494755,-0.000131189828362133,6.26856585417279e-07,6.26856585417279e-07,0,fraction_of_own_steady_state,1
37,emp,xloc,local_production_gdp,high_debt_minus_low_debt,-0.000129300066459948,-0.000128822522690419,4.77543769528133e-07,-0.000129300066459948,-0.000128822522690419,4.77543769528133e-07,4.77543769528133e-07,0,fraction_of_own_steady_state,1
38,emp,xloc,local_production_gdp,high_debt_minus_low_debt,-0.000127076776507584,-0.000126737035547442,3.39740960142443e-07,-0.000127076776507584,-0.000126737035547442,3.39740960142443e-07,3.39740960142443e-07,0,fraction_of_own_steady_state,1
39,emp,xloc,local_production_gdp,high_debt_minus_low_debt,-0.000125096372064926,-0.000124882747298938,2.13624765987852e-07,-0.000125096372064926,-0.000124882747298938,2.13624765987852e-07,2.13624765987852e-07,0,fraction_of_own_steady_state,1
40,emp,xloc,local_production_gdp,high_debt_minus_low_debt,-0.000123313792090851,-0.000123214622628876,9.91694619756345e-08,-0.000123313792090851,-0.000123214622628876,9.91694619756345e-08,9.91694619756345e-08,0,fraction_of_own_steady_state,1
