parameter,scheme_A,scheme_B,B_minus_A,included_in_shared_hash
abar1,1,1,0,1
abar2,1,1,0,1
alpha,0.45,0.45,0,1
b_x1,1.6,1.6,0,1
b_x2,4,4,0,1
bbar1,1.6,1.6,0,1
bbar2,4,4,0,1
beta,0.99,0.99,0,1
beta_g,0.99,0.99,0,1
cbar1,0.512913669064749,0.512913669064749,0,1
cbar2,0.512913669064749,0.512913669064749,0,1
chi_ig,20,20,0,1
chi_n,48.9097810250406,48.9097810250406,0,1
d_ann1,0.4,0.4,0,1
d_ann2,1,1,0,1
delta_g,0.025,0.025,0,1
delta_k,0.025,0.025,0,1
dsbar1,0.0161616161616163,0.0161616161616163,0,1
dsbar2,0.0404040404040407,0.0404040404040407,0,1
epsilon_p,6,6,0,1
eta,0.9,0.9,0,1
fsbar1,0.12,0.12,0,1
fsbar2,0.12,0.12,0,1
gamma_g,0.1,0.1,0,1
gbar1,0.1,0.1,0,1
gbar2,0.1,0.1,0,1
gw1,0.5,0.5,0,1
gw2,0.5,0.5,0,1
igbar1,0.12,0.12,0,1
igbar2,0.12,0.12,0,1
invbar1,0.267086330935251,0.267086330935251,0,1
invbar2,0.267086330935251,0.267086330935251,0,1
kbar1,10.6834532374101,10.6834532374101,0,1
kbar2,10.6834532374101,10.6834532374101,0,1
kgbar1,4.8,4.8,0,1
kgbar2,4.8,4.8,0,1
mcbar,0.833333333333333,0.833333333333333,0,1
mu_b,0,0,0,1
nbar1,0.108259193121186,0.108259193121186,0,1
nbar2,0.108259193121186,0.108259193121186,0,1
omega1,0.85,0.85,0,1
omega2,0.85,0.85,0,1
omega_x,1,1,0,1
phi_i,2.5,2.5,0,1
phi_pi,1.5,1.5,0,1
phi_x,0.125,0.125,0,1
phi_z_b,0,0,0,1
phi_z_ds,0,0,0,1
pinfbar,1,1,0,1
rbar,1.01010101010101,1.01010101010101,0,1
rho_a,0.7,0.7,0,1
rho_d,0.8,0.8,0,1
rho_g,0.7,0.7,0,1
rho_mp,0,0,0,1
rho_r,0.75,0.75,0,1
rho_z,0.7,0.7,0,1
rkbar,0.0351010101010102,0.0351010101010102,0,1
s1,0.5,0.5,0,1
s2,0.5,0.5,0,1
sigma,2,2,0,1
tau_x,0.2,0.2,0,1
theta_T,0.6,0.6,0,1
theta_p,0.75,0.75,0,1
varphi,0.5,0.5,0,1
varphi_b,0.05,0.05,0,1
wbar1,4.23366663023501,4.23366663023501,0,1
wbar2,4.23366663023501,4.23366663023501,0,1
xbar,1,1,0,1
xbar1,1,1,0,1
xbar2,1,1,0,1
xi_rs,1,1,0,1
ybar,1,1,0,1
ybar1,1,1,0,1
ybar2,1,1,0,1
ymbar1,1,1,0,1
ymbar2,1,1,0,1
zbar1,0.156161616161616,0.156161616161616,0,1
zbar2,0.180404040404041,0.180404040404041,0,1
