gate_group,check_name,tolerance,observed_value,status,interpretation
structural_and_data,scheme_A_validation,0,PASS,PASS,"Scheme A passed its own structural gates"
structural_and_data,scheme_B_validation,0,PASS,PASS,"Scheme B passed its own structural and baseline-mechanism gates"
structural_and_data,common_parameters_equal,1e-14,0,PASS,"All shared structural parameters match; closure-specific shadow targets are excluded"
structural_and_data,shock_standard_deviation_equal,1e-14,0,PASS,"Both runs use the same one-standard-deviation monetary innovation"
structural_and_data,approximation_order_equal,0,1 versus 1,PASS,"Both runs use first-order perturbation"
structural_and_data,horizon_equal,0,40 versus 40,PASS,"Both runs retain the registered 40-period horizon"
structural_and_data,common_entity_steady_states_equal,1e-12,0,PASS,"All shared non-shadow-price steady states coincide"
structural_and_data,all_series_finite,0,true,PASS,"No missing, NaN, or infinite comparison response"
structural_and_data,regional_DID_identity,1e-12,8.6736173798840355e-19,PASS,"Gap difference equals the region-level difference-in-differences"
structural_and_data,window_summary_recalculation,1e-12,9.540979117872439e-18,PASS,"Fixed-window summaries reproduce the underlying series"
structural_and_data,overall,0,true,PASS,"Economic signs are classified separately and never determine this gate"
economic_result_not_a_code_gate,public_investment,0,AMPLIFIES_ASYMMETRY,REPORT,"Classification uses the registered 1--12 cumulative normalized regional gap"
economic_result_not_a_code_gate,public_capital,0,AMPLIFIES_ASYMMETRY,REPORT,"Classification uses the registered 1--12 cumulative normalized regional gap"
economic_result_not_a_code_gate,local_production_gdp,0,AMPLIFIES_ASYMMETRY,REPORT,"Classification uses the registered 1--12 cumulative normalized regional gap"
economic_result_not_a_code_gate,overall_hypothesis,0,SUPPORTED_FOR_ALL_THREE_CORE_VARIABLES,REPORT,"No parameter is tuned to obtain a preferred sign"
