variable,cumulative_1_12_raw,cumulative_1_12_normalized,signed_absolute_peak_raw,peak_period
pinf_gap_2_minus_1,-0.000172919422300244,-0.000172919422300244,-7.49674307854997e-05,1
rb_gap_2_minus_1,0,0,-2.22044604925031e-16,31
dann_gap_2_minus_1,0.0466201903345605,0.00670587775604395,0.00491276010839803,4
ds_gap_2_minus_1,0.0183092721487869,0.0239431845937834,0.00698547685956592,2
fs_gap_2_minus_1,-0.0182590278132898,-0.152158565110748,-0.00695441234664612,2
lamg_gap_2_minus_1,0.0471376650102969,0.0756488102710706,0.00599581280681472,1
qg_gap_2_minus_1,0.0131899668423403,0.0211678983021316,0.00115586850409533,12
ig_gap_2_minus_1,-0.0100724764260675,-0.0839373035505628,-0.00102793377779885,8
kg_gap_2_minus_1,-0.0534294722307544,-0.0111311400480738,-0.0121813506634645,22
xloc_gap_2_minus_1,-0.00555170370753888,-0.00555170370753888,-0.00054742769633831,7
k_gap_2_minus_1,0.001180999963454,0.000110544777723977,0.00142072226510415,21
inv_gap_2_minus_1,0.000684571822616886,0.00256311066245784,0.000166959790343757,12
qk_gap_2_minus_1,-0.000369414141609847,-0.000369414141609847,-0.000280104362271438,1
n_gap_2_minus_1,-0.000703083634059576,-0.00649444738861613,-7.15724059602019e-05,5
w_gap_2_minus_1,-0.00313046360301605,-0.000739421375471474,-0.000597135421902095,40
rk_gap_2_minus_1,-0.000255588961099631,-0.00728152723708301,-2.53843293557335e-05,5
