period,mp,r,pinfagg,rb1,rb2,z1,z2,d,phiig1,phiig2,phib1,phib2,b1,b2,dann1,dann2,ds1,ds2,fs1,fs2,ig1,ig2,kg1,kg2,lamg1,lamg2,qg1,qg2,xagg,xloc1,xloc2,ym1,ym2,yagg,y1,y2,k1,k2,inv1,inv2,qk1,qk2,n1,n2,w1,w2,rk1,rk2,c1,c2,pinf1,pinf2
1,0.0025,0.00181313239084901,-0.00169128209899672,0.00181313239084901,0.00181313239084901,0,0,-9.0827378636687e-19,-2.41418119906032e-18,-1.55468488602867e-18,-2.36880165195917e-18,-8.30296637439345e-19,0.0026325667663587,0.00669104236076112,0.00152656716614608,0.00403085824368299,0.00270789336641262,0.00708018905423994,-0.00284649056336203,-0.00717356019365095,-0.000213923797003399,-0.000482517832889398,-0.000213923797003801,-0.000482517832889329,0.00693777814652152,0.0129335909533362,0.000704645443285856,0.00169971104945943,-0.00226458066994173,-0.00217106368639097,-0.00235809765349249,-0.0021871281358451,-0.00234203320403847,-0.00226458066994173,-0.00211882189599688,-0.00241033944388658,-0.000711658623368194,-0.00075380804536529,-0.000711658623368805,-0.00075380804536479,-0.00531348444059465,-0.00559358880286609,-0.000430503140434954,-0.000460993863513143,-0.0281161486719324,-0.0283949583055563,-0.000372691421751496,-0.00038488905565176,-0.00119323947562477,-0.0011740135656324,-0.00165379838360391,-0.00172876581438941
2,-5.97799383903389e-20,0.00093045709558659,-0.000969084689839583,0.00093045709558659,0.00093045709558659,0,0,-2.30812936899558e-19,4.48761112550525e-16,1.47035770290097e-16,4.48805595285252e-16,1.46450911983447e-16,0.00684860476478044,0.0173702306027934,0.00243686035272345,0.00647904182750669,0.00446976012677124,0.0114552369863372,-0.00458542078083335,-0.0115398331274795,-0.00036938278241308,-0.000860644885448181,-0.000577958484491603,-0.00133109977251511,0.00515398287085722,0.0109822348882294,0.000722133221981225,0.0017421499956437,-0.00197412854031465,-0.00181177290382095,-0.00213648417680845,-0.00184197718884727,-0.00210627989178258,-0.00197412854031431,-0.00171932295808874,-0.00222893412253999,-0.00155097527396286,-0.00164656846668443,-0.000857108116177785,-0.000911605622453238,-0.00243110239111211,-0.00263291910283847,-0.000355787838516267,-0.000406360945224546,-0.0150926753803979,-0.0154848012245488,-0.000238151566123154,-0.000257661547881656,-0.000492832059498682,-0.000456683614638798,-0.000936091740171174,-0.00100207763950788
3,2.69139810583089e-20,0.00044325219618524,-0.000531749479269594,0.00044325219618524,0.00044325219618524,0,0,2.95307040132138e-19,3.12811338033039e-16,1.1370318641917e-16,3.12899200145252e-16,1.13430544493964e-16,0.00885815906247744,0.0225207301938637,0.00280399490591682,0.00752541922722849,0.00239878595897591,0.00622817493845033,-0.00249286061773046,-0.0063032186534074,-0.000483306320034474,-0.00115271906233742,-0.00104681584241373,-0.00245054134054001,0.00405161158237011,0.00951941337811457,0.000740073503968319,0.00178439454841217,-0.0016844372647532,-0.00147363785074373,-0.00189523667876268,-0.00151506785722921,-0.00185380667227764,-0.00168443726475298,-0.0013519268112574,-0.00201694771824856,-0.00225387850900027,-0.0023922734087396,-0.000741677616885761,-0.000786869153723779,-0.000886799488788892,-0.00101756865769265,-0.000282989156234051,-0.000345783793102281,-0.00762900614676365,-0.0080383164096407,-0.000149909626999428,-0.000173349092958387,-0.000126942874337788,-7.73595021875684e-05,-0.000505556129198226,-0.000557942829341074
4,8.94094374533467e-20,0.000184674166380683,-0.000270958919646902,0.000184674166380683,0.000184674166380683,0,0,7.02223259379292e-19,2.22679666208097e-16,9.55693355430509e-17,2.22784340072635e-16,9.54642663873369e-17,0.00959327678348987,0.024452921569913,0.00287304096659402,0.00778580107499205,0.00122552545179527,0.00323847428347733,-0.00130128912833467,-0.00330470132464354,-0.000566171407322874,-0.00137250994859449,-0.00158681685367679,-0.00376178775562064,0.00334502133492909,0.00836383303513966,0.000757370788986744,0.00182466644775847,-0.00142968755465889,-0.00118680442680397,-0.00167257068251381,-0.00123625568713814,-0.00162311942217996,-0.00142968755465878,-0.00104526998918431,-0.00181410512013336,-0.00272691491266919,-0.00288352972680705,-0.000529383366394465,-0.000551063153286679,-0.00010751912339324,-0.000178450018670895,-0.000220358817930741,-0.00028960338448647,-0.00347864369536666,-0.00385559509255806,-9.28831515592185e-05,-0.000118004974060282,5.02847845327281e-05,0.000109467981747713,-0.000252242660666369,-0.000289675178627435
5,1.34609285392227e-19,5.51926202756459e-05,-0.000118348251111788,5.51926202756459e-05,5.51926202756459e-05,0,0,1.01513488254329e-18,1.62609390054347e-16,8.66512834398273e-17,1.62717199423214e-16,8.66316963176979e-17,0.00961014145625705,0.0245509856008059,0.0027853432195955,0.00761908070043926,0.000580475195005301,0.00157032787054616,-0.000641569782049684,-0.00162898272364648,-0.000624705109283016,-0.00153091869275357,-0.00217185154161825,-0.00519866175448414,0.00286565851839993,0.00740713426013129,0.000773341782848158,0.00186169179007822,-0.00121917696953289,-0.000957019638828105,-0.00148133430023767,-0.00101141439567842,-0.00142693954338768,-0.00121917696953289,-0.000803481895482072,-0.00163487204358359,-0.0029620839862865,-0.00310505956143459,-0.000303341946434499,-0.000293618077797819,0.000246784805698397,0.000223235716025227,-0.000169965899768615,-0.000241538305728817,-0.00126704893241847,-0.00159184825268976,-5.66538449181947e-05,-8.20381742739282e-05,0.000124565160235068,0.000189664726967576,-0.000106813425907459,-0.000129883076316117
6,1.67311496405951e-19,-3.58982680737086e-06,-3.11949757918484e-05,-3.58982680737086e-06,-3.58982680737086e-06,0,0,1.25384201879853e-18,1.2212465098917e-16,8.31339133334589e-17,1.22228959459661e-16,8.3154593876844e-17,0.00923643149999998,0.0236354825216871,0.00262076633817249,0.0072312497954945,0.000240030058804925,0.000669126635061301,-0.000289769490301142,-0.00072148750705206,-0.000663479446558632,-0.00163699058617156,-0.00278103469963664,-0.00670568579679287,0.00251598636472561,0.00658552594070805,0.00078756187383322,0.00189457003931359,-0.00105076266150206,-0.000779146157931176,-0.00132237916507283,-0.000835757450493024,-0.00126576787251131,-0.00105076266150206,-0.000619876249175477,-0.00148164907382853,-0.00298968062029026,-0.00308509580458249,-0.000101648733660531,-5.76627321833834e-05,0.000374231014563797,0.000385995327572441,-0.000131041646562816,-0.000202085181421091,-0.000164444715665901,-0.000435110475506484,-3.41191190955173e-05,-5.89279670599671e-05,0.000145251931043533,0.000213004244526194,-2.60230591316857e-05,-3.63668924520111e-05
7,1.90870906999513e-19,-2.52579866808489e-05,1.69213169987081e-05,-2.52579866808489e-05,-2.52579866808489e-05,0,0,1.43393284083768e-18,9.43341023537318e-17,8.26147017622626e-17,9.44319885642088e-17,8.26517994851751e-17,0.00866257520101965,0.0221877347660984,0.00242333207582424,0.00673858207678601,7.08518679653179e-05,0.000203575796128397,-0.000111977875581426,-0.000250760257443805,-0.000685834174561972,-0.00169850801303309,-0.00339734300670802,-0.00823655166490678,0.00224088795593014,0.00586199723601621,0.00079977343992188,0.00192268645715743,-0.000917934537092435,-0.000644220688923336,-0.00119164838526165,-0.000700769866452067,-0.00113509920773314,-0.000917934537092435,-0.000484098948150491,-0.00135177012603438,-0.00285324146235055,-0.00286894658074743,6.16971424335921e-05,0.000139021828720276,0.000387660451320437,0.000423947862025154,-0.000101744483979441,-0.000170350652103871,0.000322342127228481,9.81079156412434e-05,-2.04934813474097e-05,-4.42833604670304e-05,0.000140038083977667,0.000207716058278185,1.6776381921435e-05,1.70662520757592e-05
8,2.07655413862072e-19,-2.86477078321745e-05,4.21567571939896e-05,-2.86477078321745e-05,-2.86477078321745e-05,0,0,1.56770203796914e-18,7.4749227508034e-17,8.36036949439826e-17,7.48396427472115e-17,8.36454665800031e-17,0.00799763082133609,0.0204871920587326,0.0022165651864271,0.00620552572577604,-5.20391895469929e-06,-2.11222509203732e-05,-2.94535376237914e-05,-2.17889877410782e-05,-0.000694397917307715,-0.00172233169510656,-0.00400680734884773,-0.00975296956839067,0.00201012548416979,0.00521529919755692,0.000809830872388284,0.00194565115029477,-0.000813310706912818,-0.00054289370273275,-0.00108372771109277,-0.000597569077209648,-0.00102905233661621,-0.000813310706912818,-0.000385603631694598,-0.00124101778213104,-0.00259705131057331,-0.00250527958315061,0.000184859115218872,0.000291943333077194,0.000349476265202098,0.000401173600700355,-8.00348619269253e-05,-0.000144991341057971,0.000481006906489334,0.00029111552174399,-1.25873439927038e-05,-3.51710375554315e-05,0.000123935170394107,0.000189370579898207,3.77845500729723e-05,4.65289643150069e-05
9,2.19357445040588e-19,-2.39780705735271e-05,5.42693244003356e-05,-2.39780705735271e-05,-2.39780705735271e-05,0,0,1.66486347843438e-18,6.04736154679253e-17,8.51955037808772e-17,6.05563948157191e-17,8.52368663189735e-17,0.00730308904135168,0.0186945572154196,0.00201253585767219,0.00566710557147965,-3.29748238563111e-05,-0.000117377828919255,3.16810832215464e-06,7.80405787264293e-05,-0.000691373671662457,-0.001714594264587,-0.0045980108367889,-0.0112237395937678,0.00180772376880156,0.00463321562002572,0.000817667118633403,0.00196325453109991,-0.000730187630480272,-0.00046690899333568,-0.000993466267624865,-0.000518338753386915,-0.000942036507573962,-0.000730187630480383,-0.000315135616235085,-0.00114523964472557,-0.00226057314550232,-0.00203953020966097,0.000271551882306431,0.000403117383910856,0.000292807368199588,0.000352569482690912,-6.40643756287806e-05,-0.000124660309084132,0.000475515677606175,0.00030676374217542,-8.29646644468635e-06,-2.96441898461619e-05,0.000104686173120871,0.000166237235950439,4.66962240739388e-05,6.18424247267324e-05
10,2.2720515725186e-19,-1.65387850215026e-05,5.90708413514829e-05,-1.65387850215026e-05,-1.65387850215026e-05,0,0,1.73310468652291e-18,4.96542004233677e-17,8.68559709670686e-17,4.97295542426058e-17,8.68953485493356e-17,0.00661304588660605,0.016901464394329,0.00181709027814464,0.00514195378009541,-3.750033415479e-05,-0.000148576299619077,1.13539185730566e-05,0.000112283130815724,-0.000678689236172689,-0.00168080969027534,-0.00516174980204198,-0.0126239557941989,0.00162564359338457,0.00410852250119775,0.000823272680184561,0.00197543307227399,-0.000663079848873038,-0.000409572016232818,-0.000916587681513259,-0.00045677358794538,-0.000869386109801029,-0.000663079848873149,-0.000265187469376205,-0.00106097222837009,-0.00187653640038654,-0.00151117461594197,0.000327522416478432,0.000477367338477586,0.000234185926329067,0.000296345768076911,-5.231155358279e-05,-0.00010819044203976,0.000396505229503852,0.000236450688877454,-6.24641981656487e-06,-2.6417347429003e-05,8.59793503180661e-05,0.000142470123427496,4.92050685612089e-05,6.89366141417569e-05
11,2.32105043612374e-19,-8.87403597871206e-06,5.99669118042101e-05,-8.87403597871206e-06,-8.87403597871206e-06,0,0,1.77851928565242e-18,4.11143689642287e-17,8.82845140822049e-17,4.11826370412422e-17,8.83220491311668e-17,0.00594606054848512,0.0151597679208617,0.00163280933267301,0.00463974823003288,-3.22607694766795e-05,-0.00014940869362965,8.91280695428098e-06,0.000115759799697482,-0.000658072531166842,-0.0016259366737703,-0.00569077858815792,-0.0139342935731142,0.00146008151444355,0.0036366132513781,0.000826681748702485,0.00198224173148742,-0.00060777086934849,-0.000365735488879304,-0.000849806249817564,-0.000408055603656865,-0.000807486135040336,-0.00060777086934849,-0.00022996366748973,-0.00098557807120736,-0.00147083654334779,-0.000953007717102494,0.000358786447028026,0.000520387533440414,0.000181019079032341,0.000241402621486753,-4.35944342137701e-05,-9.46450188138992e-05,0.000291976715462106,0.000129888356423358,-5.54846717234353e-06,-2.46449368389162e-05,6.93224166490314e-05,0.000119971069122315,4.85768456224278e-05,7.13569779859924e-05
12,2.34738100464158e-19,-2.05280299225841e-06,5.89142048321722e-05,-2.05280299225841e-06,-2.05280299225841e-06,0,0,1.80594497126281e-18,3.41114832449689e-17,8.93259481015704e-17,3.41730271421214e-17,8.93625127787619e-17,0.00531200654537312,0.0134985579325937,0.0014606360391215,0.00416536580005755,-2.41350119159038e-05,-0.000138101174993147,2.96709712907517e-06,0.000106791607697346,-0.000631086905983042,-0.00155441838057081,-0.00617959602943774,-0.0151403546143571,0.0013093565378568,0.00321414242085294,0.000827962420814843,0.00198383092491017,-0.000561156161927312,-0.000331586006945495,-0.000790726316909129,-0.000368640168866952,-0.000753672154988005,-0.000561156161927423,-0.000205143503641536,-0.00091716882021331,-0.001063233786887,-0.000391390890953858,0.000370831842877006,0.000537791633220763,0.000135907246010314,0.000191608774347651,-3.7030325406362e-05,-8.33069316691082e-05,0.000185730131306627,1.29491776741375e-05,-5.63400737322445e-06,-2.37721936710497e-05,5.51115594644713e-05,9.94579271366147e-05,4.66269815013742e-05,7.12014281629703e-05
13,2.35624794733935e-19,3.60834455448433e-06,5.70090952507485e-05,3.60834455448433e-06,3.60834455448433e-06,0,0,1.8192281257234e-18,2.8178406807725e-17,8.99143822862674e-17,2.82335710778655e-17,8.99510522259792e-17,0.00471595296959948,0.0119338917682894,0.00130073869283914,0.00372114119283373,-1.63379668303154e-05,-0.000123663611885136,-3.09291313878302e-06,9.44549296327674e-05,-0.000599146488912461,-0.00147021123467141,-0.00662425261761435,-0.0162320569836689,0.00117274089457764,0.00283828259293539,0.000827209271860752,0.00198042681812327,-0.000521022188429754,-0.000304376126098127,-0.00073766825076127,-0.000335992380419259,-0.000706051996440471,-0.000521022188429754,-0.000187589792541631,-0.000854454584317876,-0.000668320282393609,0.000153088207444085,0.000368332659821724,0.000534694326123963,9.90794456836586e-05,0.000148231409308419,-3.19789981101382e-05,-7.36442182611985e-05,8.82578545295942e-05,-0.000101792250490895,-6.14354351687052e-06,-2.34357724928913e-05,4.32240365491054e-05,8.10623242293307e-05,4.43206441833599e-05,6.96975463183591e-05
14,2.35169186234314e-19,8.14549526495512e-06,5.48453751556544e-05,8.14549526495512e-06,8.14549526495512e-06,0,0,1.82143132018056e-18,2.30210666922903e-17,9.0037744466999e-17,2.3070171556715e-17,9.00755346836806e-17,0.00416031437039988,0.0104742707896941,0.0011529463140722,0.0033080573507196,-1.01291531865617e-05,-0.000110112280844378,-7.88407912920286e-06,8.28112763906347e-05,-0.000563522678328932,-0.00137680970220477,-0.00702216898050256,-0.017203065261282,0.00104984216755666,0.00250634336129996,0.000824537348002363,0.00197231421871114,-0.000485829478488298,-0.000282169303680524,-0.000689489653296071,-0.000308338714537726,-0.000663320242439203,-0.000485829478488409,-0.000175072389114073,-0.000796586567862634,-0.000296496069353225,0.000664830540106465,0.000355116205980555,0.000515569537847815,6.97229532931054e-05,0.000111280034738481,-2.79865743867819e-05,-6.52705795459729e-05,3.05691244228967e-06,-0.00020893951455303,-6.8529773873463e-06,-2.33980400865322e-05,3.33340832342488e-05,6.4653596494102e-05,4.2136073739929e-05,6.75546765716017e-05
15,2.33689165906572e-19,1.17347042247751e-05,5.27288121219271e-05,1.17347042247751e-05,1.17347042247751e-05,0,0,1.81499625655065e-18,1.84529722293471e-17,8.9715475267547e-17,1.84963184494488e-17,8.97552214365414e-17,0.00364601208332238,0.00912367782076817,0.00101695266529234,0.00292634991027363,-5.78398753473333e-06,-9.88788439625146e-05,-1.10453496621893e-05,7.33224057410942e-05,-0.000525347636739795,-0.00127727056318586,-0.00737196239272997,-0.0180502591929361,0.00094029994474476,0.00221559875301813,0.000820077079077386,0.00195982164623432,-0.000454527283118011,-0.000263624111154437,-0.000645430455081697,-0.000284458783327612,-0.000624595782908854,-0.000454527283118122,-0.000166033642810537,-0.000743020923425708,4.51585252783104e-05,0.00113245270965301,0.000334242192897849,0.000484242933049883,4.66768206885959e-05,8.02242245550033e-05,-2.4737190670962e-05,-5.79092316946861e-05,-6.98028897350156e-05,-0.00030679553687385,-7.62514756586646e-06,-2.35039327463188e-05,2.50718010313955e-05,5.00067067100707e-05,4.02810885258287e-05,6.51765357180256e-05
16,2.31437450667845e-19,1.45851372905792e-05,5.08039573068331e-05,1.45851372905792e-05,1.45851372905792e-05,0,0,1.80187188623914e-18,1.43538387898105e-17,8.89845769861958e-17,1.43917154653863e-17,8.90268949744974e-17,0.00317308541018169,0.00788324607059376,0.000892400778732483,0.0025758017735702,-3.12967057220642e-06,-9.01487203868595e-05,-1.26909853243179e-05,6.61935506574285e-05,-0.00048561765846504,-0.00117423819951656,-0.00767328099137643,-0.0187732409126298,0.000843656360762335,0.00196323038961488,0.000813969858615371,0.00194330831446243,-0.000426406910694732,-0.000247823565467709,-0.000604990255921756,-0.000263522106805469,-0.000589291714584217,-0.000426406910694843,-0.0001594018076434,-0.000693412013746175,0.000352149826364112,0.00154808399939199,0.000308120264217393,0.000443942607480874,2.87687082067833e-05,5.43585229979549e-05,-2.20143472446227e-05,-5.13630680873262e-05,-0.000131727541112348,-0.000395436456484433,-8.37825227269912e-06,-2.36527729046906e-05,1.80955866042609e-05,3.68835782893484e-05,3.88196520244577e-05,6.27882625894305e-05
17,2.28616409074261e-19,1.68903179527113e-05,4.91278217171764e-05,1.68903179527113e-05,1.68903179527113e-05,0,0,1.7836152805945e-18,1.06437611211009e-17,8.78909338451776e-17,1.06764524657548e-17,8.79362195938381e-17,0.00274100647516717,0.00675217993653288,0.000778910050488191,0.00225588180467318,-1.82881645939895e-06,-8.35788421279168e-05,-1.31186908214481e-05,6.10947983247234e-05,-0.000445197625836072,-0.00106997133573673,-0.00792664659242881,-0.0193738812255502,0.000759318526383002,0.00174633137390867,0.000806364166283879,0.00192315284382383,-0.000400991449890475,-0.000234146079241104,-0.000567836820539847,-0.000244965887289283,-0.000557017012492,-0.000400991449890586,-0.00015444878001214,-0.000647534119768922,0.000621976021518478,0.00190675107966243,0.000278629940814679,0.000397369180254681,1.49584868409658e-05,3.29742445916992e-05,-1.96714520569602e-05,-4.54914973862242e-05,-0.00018458087649087,-0.000475681927850857,-9.06545051177626e-06,-2.37799125280685e-05,1.21189050091841e-05,2.50680357130051e-05,3.77441107080045e-05,6.05115327261263e-05
18,2.25388745685513e-19,1.88099686939669e-05,4.77118212125482e-05,1.88099686939669e-05,1.88099686939669e-05,0,0,1.76147116027301e-18,7.26730427564253e-18,8.64839447050981e-17,7.29509409914113e-18,8.65323935016741e-17,0.00234884225500775,0.00572827929235764,0.000676078997902008,0.0019658107394771,-1.5203705669882e-06,-7.86635283311493e-05,-1.26626724589879e-05,5.75295445711527e-05,-0.000404826892618435,-0.000966371099604069,-0.00813330732023587,-0.0198559052945155,0.000686566117511278,0.00156193894225343,0.000797412171836709,0.00189974356270373,-0.000377956000881419,-0.000222171085375256,-0.000533740916387582,-0.000228406603782982,-0.000527505397980188,-0.00037795600088153,-0.00015068494336401,-0.000605227058398938,0.000853654131139692,0.00220584924532297,0.000247227510158821,0.000346766942651067,4.38221218423962e-06,1.54296758871908e-05,-1.76101326300748e-05,-4.01932014986867e-05,-0.00023019200122576,-0.000548571535623488,-9.66179200161121e-06,-2.38447801268055e-05,6.91443909561773e-06,1.43770985538971e-05,3.70151453850109e-05,5.84084970403076e-05
19,2.21885379165997e-19,2.04669768895105e-05,4.65450675442014e-05,2.04669768895105e-05,2.04669768895105e-05,0,0,1.73643469781872e-18,4.18384477909351e-18,8.48132325308061e-17,4.20701864548625e-18,8.48648663624871e-17,0.00199534243453203,0.00480826109872989,0.000583480353600119,0.00170459708993875,-1.8822775425531e-06,-7.49064191662013e-05,-1.16266817552363e-05,5.5008189713629e-05,-0.000365126502230931,-0.00086501000391434,-0.00829510113946164,-0.0202245176660671,0.000624578290160271,0.00140707783739702,0.000787266787972252,0.0018734702743235,-0.000357071838837042,-0.000211611862417804,-0.00050253181525628,-0.000213577885144201,-0.000500565792530216,-0.000357071838837153,-0.000147783312459793,-0.000566360365214513,0.00104734776049931,0.00244469151258642,0.000215034982638307,0.000293988498396847,-3.65136657043408e-06,1.16981393571969e-06,-1.57646898008429e-05,-3.53936982149944e-05,-0.000270148417295779,-0.000615118980189067,-1.01559072536797e-05,-2.3823072869994e-05,2.30820713287283e-06,4.66114030284182e-06,3.65829109543192e-05,5.65072241340836e-05
20,2.18211393489385e-19,2.19510601724426e-05,4.56068949796773e-05,2.19510601724426e-05,2.19510601724426e-05,0,0,1.70930120177322e-18,1.36179993376387e-18,8.29266558962473e-17,1.38064544884362e-18,8.29813529721285e-17,0.00167899439586705,0.00398798138292555,0.000500656136568911,0.00147106355049731,-2.65309097267907e-06,-7.18895443572801e-05,-1.02594251294719e-05,5.31183588756423e-05,-0.000326607463794371,-0.000767161356929238,-0.00841433107476952,-0.0204860660813448,0.000572466241065772,0.00127880463288144,0.000776079149480746,0.00184471737289671,-0.000338168524385618,-0.000202268844005316,-0.00047406820476581,-0.000200287977090041,-0.000476049071681417,-0.000338168524385618,-0.000145525923078371,-0.000530811125692976,0.00120407537692202,0.00262412492440234,0.000182911310435852,0.000240550699630193,-9.68374154763918e-06,-1.02766960005107e-05,-1.40911990824527e-05,-3.10365964821258e-05,-0.000305736982284976,-0.000676213011460369,-1.05447613502341e-05,-2.37016184571961e-05,-1.82976971985216e-06,-4.20046839411103e-06,3.63974858159644e-05,5.48163041436123e-05
21,2.14450643390807e-19,2.33247453889085e-05,4.48733137932145e-05,2.33247453889085e-05,2.33247453889085e-05,0,0,1.68070550564526e-18,-1.22475911052865e-18,8.08691391590493e-17,-1.20995331498895e-18,8.09266626444067e-17,0.00139806569607659,0.00326260965962799,0.000427115580387771,0.00126387256658034,-3.63345613495214e-06,-6.92908226416072e-05,-8.7510556895376e-06,5.15431156258572e-05,-0.000289679755480082,-0.000673828607671789,-0.00849365255337986,-0.0206477430369825,0.000529304643207329,0.00117424807370925,0.000763996497263886,0.00181385819496083,-0.00032110902129745,-0.00019399789092156,-0.00044822015167334,-0.000188391365711027,-0.000453826676884206,-0.000321109021297561,-0.000143766632705655,-0.000498451409889356,0.00132548165727719,0.00274620392238134,0.00015150816477677,0.000187682121089772,-1.41347609651232e-05,-1.93091191952321e-05,-1.25600182197538e-05,-2.70775839067566e-05,-0.000337955466939377,-0.000732591709343033,-1.08303620130201e-05,-2.34749517930358e-05,-5.59504200237093e-06,-1.23049233075045e-05,3.64134444377218e-05,5.33331831487072e-05
22,2.10669400570098e-19,2.46295320538437e-05,4.43201334605625e-05,2.46295320538437e-05,2.46295320538437e-05,0,0,1.65115327134867e-18,-3.5980572192792e-18,7.86820205468542e-17,-3.58700328715598e-18,7.874204512992e-17,0.00115064303352175,0.00262678015381557,0.00036233644900846,0.00108155376487828,-4.67886488800945e-06,-6.68780166554681e-05,-7.23907361625808e-06,5.00553276899796e-05,-0.000254661736171044,-0.00058577417812275,-0.00853597297571618,-0.0207173236391807,0.000494158998729954,0.0010906432576081,0.000751160443485333,0.00178125049261746,-0.000305773976497226,-0.000186689226570058,-0.000424858726424393,-0.000177770364926721,-0.000433777588068063,-0.000305773976497337,-0.000142405757559971,-0.000469142195434591,0.00141365776538827,0.00281391205872339,0.000121313149543278,0.000136363234402193,-1.73292774567901e-05,-2.62677815805468e-05,-1.11507291947338e-05,-2.34803782707682e-05,-0.000367552967485807,-0.000784850239857526,-1.10177034499809e-05,-2.31429934950123e-05,-9.05717093224734e-06,-1.97312517142834e-05,3.65913484505764e-05,5.20489184705486e-05
23,2.06919300167094e-19,2.58913295119179e-05,4.39243270438094e-05,2.58913295119179e-05,2.58913295119179e-05,0,0,1.62104593634596e-18,-5.77771606602957e-18,7.64027309802243e-17,-5.77012909443284e-18,7.64648667107907e-17,0.000934670852205555,0.0020747297877346,0.000305769237354203,0.000922533210561793,-5.68960663368048e-06,-6.44938239535223e-05,-5.81750532575864e-06,4.85029654340996e-05,-0.000221789686642049,-0.000503547400647342,-0.0085443633379656,-0.0207029379488493,0.000466107970281016,0.00102535900851508,0.000737705590930893,0.00174723291656254,-0.000292052287192646,-0.000180253810757036,-0.000403850763628144,-0.000168323553768501,-0.000415781020617012,-0.000292052287192646,-0.000141373086861907,-0.000442731487523385,0.00147099952132201,0.00283092488506576,9.26832000686106e-05,8.73606278104511e-05,-1.95197392985902e-05,-3.1445859370649e-05,-9.84878404736156e-06,-2.02140577645477e-05,-0.000395077763196916,-0.000833461326489093,-1.11134851217415e-05,-2.2709439669033e-05,-1.22666002884131e-05,-2.65447146866604e-05,3.68977379050506e-05,5.09509161827904e-05
24,2.03239764008124e-19,2.71248830963078e-05,4.36645146713044e-05,2.71248830963078e-05,2.71248830963078e-05,0,0,1.59070065756885e-18,-7.78136566348087e-18,7.40646866270137e-17,-7.77696596020918e-18,7.41284998774472e-17,0.000747989952596395,0.00160042591205034,0.000256843407677454,0.000785163416716195,-6.6007752241061e-06,-6.20393235088099e-05,-4.54635132687842e-06,4.67926245217576e-05,-0.000191227250935927,-0.000427511251162582,-0.00852198150545203,-0.02061287575129,0.000444260753888148,0.000975918601080372,0.000723758476899872,0.00171212239896612,-0.000279835868762235,-0.00017461479882086,-0.000385056938703721,-0.000159958815559413,-0.0003997129219655,-0.000279835868762346,-0.000140616727601239,-0.000419055009923452,0.0015000950391606,0.00280140824639474,6.58705058719788e-05,4.1256483456098e-05,-2.09041700898194e-05,-3.50988618144088e-05,-8.64332124712874e-06,-1.72513390746948e-05,-0.000420922544371649,-0.000878798289049243,-1.1125312731057e-05,-2.21806155848298e-05,-1.52599825372635e-05,-3.28002422170792e-05,3.73044867010286e-05,5.00245426415802e-05
25,1.99660022574582e-19,2.83372021474548e-05,4.3521040644201e-05,2.83372021474548e-05,2.83372021474548e-05,0,0,1.56036631064547e-18,-9.62498297925188e-18,7.16973213049361e-17,-9.62349820290964e-18,7.17623529030363e-17,0.000588375346743053,0.00119768376718454,0.000214974799572276,0.000667752826720713,-7.37353558254855e-06,-5.94589604474768e-05,-3.45999182761736e-06,4.4874506014092e-05,-0.000163074597681043,-0.000357867638852177,-0.00847200656549685,-0.0204554214963606,0.000427770000111405,0.000940014389681942,0.000709436810098163,0.00167621232965443,-0.000269017146070416,-0.000169702407216255,-0.000368331884924689,-0.000152589393971336,-0.000385444898169829,-0.000269017146070527,-0.000140095943449992,-0.000397938348690952,0.00150363548525512,0.00272984732786696,4.1042822073678e-05,-1.52571236772259e-06,-2.16399078626361e-05,-3.74517972835386e-05,-7.52577243584573e-06,-1.45674943520246e-05,-0.000445363021219336,-0.000921156198206319,-1.10611974171171e-05,-2.15646371985803e-05,-1.80641678426685e-05,-3.8544997471246e-05,3.77879706829898e-05,4.92541106056343e-05
26,1.96200821525419e-19,2.95301246504565e-05,4.34758891891818e-05,2.95301246504565e-05,2.95301246504565e-05,0,0,1.53023637245361e-18,-1.13230849443556e-17,6.93262112744575e-17,-1.13242520074971e-17,6.93919919496049e-17,0.000453572303891425,0.000860272702874809,0.000179573480010797,0.000568593654361127,-7.98800251743462e-06,-5.67281670561387e-05,-2.57412257145817e-06,4.27299864876746e-05,-0.000137377165423017,-0.000294681077822559,-0.00839758356678288,-0.0202387170367739,0.000415840939553713,0.000915517059759785,0.000694848968167627,0.00163977142358973,-0.000259488244368611,-0.000165451010094908,-0.000353525478642425,-0.000146131871212485,-0.00037284461752507,-0.000259488244368722,-0.000139776686274407,-0.000379199802463037,0.00148434419356924,0.00262090265394477,1.82995954462473e-05,-4.0698490725688e-05,-2.185381419606e-05,-3.87043859039204e-05,-6.48899376864964e-06,-1.21396901629767e-05,-0.000468589014642085,-0.000960769607750933,-1.09292386723039e-05,-2.08707821620704e-05,-2.06991162976511e-05,-4.38202339149152e-05,3.83282627016701e-05,4.86235156766934e-05
27,1.9287587443835e-19,3.07021862278045e-05,4.35125568856165e-05,3.07021862278045e-05,3.07021862278045e-05,0,0,1.50045933476125e-18,-1.28888487062926e-17,6.6973261176249e-17,-1.28924153788215e-17,6.70393245006583e-17,0.000341329630189513,0.000582010182174741,0.000150051470710899,0.000485987256887865,-8.43768056782088e-06,-5.38437162143079e-05,-1.89122042190681e-06,4.03618973408848e-05,-0.000114133894123888,-0.000237900623358933,-0.00830177787173714,-0.0199706497342129,0.000407737372775996,0.000900480259253156,0.000680093723567921,0.00160304318314453,-0.000251141184626547,-0.000161797657908802,-0.00034048471134418,-0.000140505326818419,-0.000361777042434897,-0.000251141184626547,-0.000139628911426937,-0.000362653457826156,0.00144492055325962,0.00247928986617474,-2.31503547010181e-06,-7.60902214217984e-05,-2.16497137585092e-05,-3.90347749620323e-05,-5.52673924431035e-06,-9.94659893699401e-06,-0.000490728559844555,-0.000997826710596783,-1.07374205256736e-05,-2.01090080862512e-05,-2.31799818328771e-05,-4.86626130455914e-05,3.89084417335983e-05,4.81166720376347e-05
28,1.89693107057673e-19,3.18499529421423e-05,4.36159321433038e-05,3.18499529421423e-05,3.18499529421423e-05,0,0,1.47114715589203e-18,-1.43341992447626e-17,6.46569298850512e-17,-1.43399254342698e-17,6.47228229083398e-17,0.00024942947208384,0.000356842975289595,0.000125829956219237,0.000418266515896271,-8.72525001503408e-06,-5.08164809665396e-05,-1.40471860650415e-06,3.77872019106801e-05,-9.33048767121081e-05,-0.00018738000497498,-0.0081875383016552,-0.0196587634958334,0.000402785124483107,0.000893141344081694,0.000665260166371251,0.00156624586489351,-0.000243868621284893,-0.000158681470495692,-0.000329055772073983,-0.000135631184646323,-0.000352106057923574,-0.000243868621284893,-0.000139625050872061,-0.000348112191697725,0.00138799594449246,0.00230968056096081,-2.0801594935671e-05,-0.000107627058559878,-2.1113746467849e-05,-3.86021804622549e-05,-4.63335255289354e-06,-7.96818160754553e-06,-0.000511866098714897,-0.00103248033855241,-1.04934781018709e-05,-1.92895782689592e-05,-2.55185792242818e-05,-5.31051281630335e-05,3.95140377058567e-05,4.7717826580751e-05
29,1.86655727077928e-19,3.29689531188837e-05,4.37721979791306e-05,3.29689531188837e-05,3.29689531188837e-05,0,0,1.44238214744905e-18,-1.56698852077232e-17,6.23924813398214e-17,-1.56775439194023e-17,6.2457773120604e-17,0.000175713206736816,0.000178915419439818,0.00010634571787238,0.000363814960086861,-8.85944230143154e-06,-4.76661459116873e-05,-1.1021251306309e-06,3.50316253814875e-05,-7.48183904776961e-05,-0.000142895930468179,-0.00805766823459209,-0.0193101903389055,0.000400373479949812,0.000891918917678591,0.000650427793960406,0.00152957286737665,-0.000237564822848757,-0.000156043540470496,-0.000319086105226907,-0.000131433428176675,-0.000343696217521061,-0.000237564822848757,-0.000139739218759649,-0.000335390426937976,0.00131609962040358,0.00211662180025485,-3.71964254760604e-05,-0.000135316746680825,-2.0318192564428e-05,-3.754879959883e-05,-3.80359525359308e-06,-6.18557393158858e-06,-0.000532055937346954,-0.00106485639427234,-1.02048087112991e-05,-1.84227689424069e-05,-2.7724402805851e-05,-5.71777497890835e-05,4.01326029420002e-05,4.7411793016261e-05
30,1.83763145633271e-19,3.40543157282269e-05,4.39687586037962e-05,3.40543157282269e-05,3.40543157282269e-05,0,0,1.41422260744308e-18,-1.69055528041514e-17,6.01922494636136e-17,-1.6914930798979e-17,6.02565377021797e-17,0.000118103229102884,4.26250509804049e-05,9.10566510638477e-05,0.000321082567430242,-8.85276274307373e-06,-4.4417425668096e-05,-9.67311316033004e-07,3.21257982502654e-05,-5.85772889498265e-05,-0.000104164570208981,-0.00791480381767684,-0.0189316001506414,0.000399955038732913,0.000895407778794821,0.000635666739466134,0.00149319346330612,-0.000232126707077618,-0.000153827109470317,-0.00031042630468503,-0.000127838981705541,-0.000336414432450027,-0.000232126707077729,-0.000139946864374907,-0.000324306549780551,0.00123163288023775,0.0019044721553616,-5.15642496569102e-05,-0.000159234099887495,-1.93242064155941e-05,-3.60012534089682e-05,-3.03255745630338e-06,-4.58103228459517e-06,-0.000551332043785102,-0.00109506028640727,-9.87841202614026e-06,-1.75186406000324e-05,-2.98053257681286e-05,-6.09078796841578e-05,4.07533891717549e-05,4.71841280358376e-05
31,1.81011771090168e-19,3.51011974477622e-05,4.41941842614924e-05,3.51011974479842e-05,3.51011974477622e-05,0,0,1.38670744442166e-18,-1.80498215227516e-17,5.80659090024028e-17,-1.80607197016991e-17,5.81288249759749e-17,7.46206440749297e-05,-5.73337444560451e-05,7.9446307494957e-05,0.000288598333078927,-8.71985494311708e-06,-4.10974099869857e-05,-9.82166413684982e-07,2.91025358936797e-05,-4.44647514415697e-05,-7.08562595434364e-05,-0.00776139847367663,-0.0185291664064193,0.000401044345699209,0.000902371823592651,0.000621038112910588,0.00145725380682649,-0.000227454817691819,-0.000151977866190478,-0.000302931769193049,-0.000124778133739789,-0.000330131501644071,-0.00022745481769193,-0.00014022468440289,-0.000314684950980859,0.00113685020087217,0.00167735233630317,-6.39918573588361e-05,-0.000179508015174246,-1.81837854075217e-05,-3.40717432056881e-05,-2.31561637729916e-06,-3.13791058666191e-06,-0.000569715086426115,-0.00112318185049176,-9.52085014225418e-06,-1.65868611826797e-05,-3.17680756024563e-05,-6.43206762632742e-05,4.13671066608057e-05,4.7021261862179e-05
32,1.78395691729302e-19,3.61050593848944e-05,4.44381674507e-05,3.61050593848944e-05,3.61050593848944e-05,0,0,1.35985998523236e-18,-1.9110362297285e-17,5.60207460213833e-17,-1.91225958436816e-17,5.60819580187391e-17,4.33990205770396e-05,-0.000125937177448687,7.10274644516451e-05,0.000264979791281927,-8.4763423542876e-06,-3.77337328055158e-05,-1.12777690891575e-06,2.59949528486902e-05,-3.2349400406903e-05,-4.2608480144285e-05,-0.00759971291224115,-0.0181085457264034,0.000403215595146555,0.000911735382040257,0.000606594431313723,0.00142187815353523,-0.00022345417945635,-0.000150444273268491,-0.00029646408564421,-0.000122184930794633,-0.00032472342811829,-0.00022345417945635,-0.000140550672775519,-0.000306357686137293,0.00103384622839897,0.00143910861723207,-7.45827174508662e-05,-0.000196309910663328,-1.69412112989153e-05,-3.18590439388755e-05,-1.64842094964313e-06,-1.84065066224925e-06,-0.000587217429245612,-0.00114929913455342,-9.13822201117909e-06,-1.56365721295307e-05,-3.36185549177914e-05,-6.74392953297076e-05,4.19657440633436e-05,4.69105908380563e-05
33,1.75907260970675e-19,3.70618378580101e-05,4.46914844556279e-05,3.70618378580101e-05,3.70618378580101e-05,0,0,1.33369111861504e-18,-2.00939772649214e-17,5.40619232114562e-17,-2.0107375578363e-17,5.41211386570706e-17,2.26944677290675e-05,-0.000167809558312637,6.53447643791938e-05,0.000248939744021515,-8.13802014678483e-06,-3.43533349749583e-05,-1.38525389019317e-06,2.28351818061662e-05,-2.2089806737971e-05,-1.90371990576033e-05,-0.00743180989617365,-0.0176748692823008,0.00040609965027405,0.000922573406835325,0.000592380116380742,0.00138717023791379,-0.000220035001108454,-0.000149177868617234,-0.000290892133599674,-0.00011999750337166,-0.000320072498845581,-0.000220035001108565,-0.000140904231235695,-0.000299165770981324,0.000924547705031031,0.001193287405858,-8.34523676579435e-05,-0.000209843495944106,-1.5634132569331e-05,-2.94494123965761e-05,-1.02688909635329e-06,-6.74775393061378e-07,-0.000603846634345651,-0.0011734813341997,-8.73614885548574e-06,-1.46762903249775e-05,-3.53620568397384e-05,-7.02850759797258e-05,4.25424313215128e-05,4.68405375897429e-05
34,1.73537596620593e-19,3.79680411186634e-05,4.4945957628606e-05,3.79680411186634e-05,3.79680411186634e-05,0,0,1.30820189534568e-18,-2.10066797157971e-17,5.21927362581546e-17,-2.10210861703328e-17,5.22497027076033e-17,1.08923590242949e-05,-0.000187209742957162,6.19764945504198e-05,0.000239290485102073,-7.72030205139704e-06,-3.09816506993688e-05,-1.73630194608143e-06,1.96535269650494e-05,-1.35384106509095e-05,2.53342320316596e-07,-0.00725955305941994,-0.0172327442079228,0.000409380576230856,0.000934100876220145,0.000578432040757138,0.00135321475951344,-0.0002171132164136,-0.000148133511985837,-0.000286092920841363,-0.000118158307149563,-0.000316068125677971,-0.000217113216413711,-0.00014126629375022,-0.000292960139077203,0.000810709538722421,0.00094311943074743,-9.07244736831903e-05,-0.000220335789963055,-1.4294404876658e-05,-2.69174559687224e-05,-4.47209733842047e-07,3.73121363653195e-07,-0.000619607885019136,-0.00119579108546564,-8.31976838333581e-06,-1.37138402862766e-05,-3.70034094160365e-05,-7.2877691434603e-05,4.30913319169335e-05,4.68005833402785e-05
35,1.71277003979331e-19,3.88207946859787e-05,4.51944154340467e-05,3.88207946859787e-05,3.88207946859787e-05,0,0,1.28338568114685e-18,-2.18537727685982e-17,5.04148584140339e-17,-2.18690443261176e-17,5.04693635923857e-17,6.51106689897318e-06,-0.000188025383554002,6.05355921790562e-05,0.000234945823549326,-7.23785176577965e-06,-2.76420947725106e-05,-2.16359916531406e-06,1.64779280634603e-05,-6.54489129049696e-06,1.56622874662032e-05,-0.00708460912422471,-0.0167862633152582,0.000412791848859118,0.000945661720197721,0.000564780106143581,0.00132007893560626,-0.000214610866536846,-0.000147269563635866,-0.000281952169437716,-0.000116614275485372,-0.000312607457588543,-0.000214610866536846,-0.00014161943770663,-0.000287602295367062,0.00069391432660737,0.000691512139663786,-9.6527473647523e-05,-0.000228029305314348,-1.29487693548702e-05,-2.43269858062334e-05,9.41549499339223e-08,1.31539115080792e-06,-0.000634505634111271,-0.00121628626557246,-7.89373628003881e-06,-1.27563118306265e-05,-3.85470727686243e-05,-7.52352775189591e-05,4.36075543677195e-05,4.67812765005959e-05
36,1.69115331389949e-19,3.96178513422107e-05,4.54306486110667e-05,3.96178513422107e-05,3.96178513422107e-05,0,0,1.25922993947365e-18,-2.26399254748036e-17,4.87285711533771e-17,-2.26559321821204e-17,4.87804421969509e-17,8.20308436799699e-06,-0.00017377386597861,6.06699679222e-05,0.000234921210528372,-6.70434751624469e-06,-2.43557629008087e-05,-2.65103945261413e-06,1.33336463964684e-05,-9.59021983507058e-07,2.75851639720548e-05,-0.00690845291810316,-0.0163390215684052,0.000416112371525057,0.00095671753261517,0.000551447838785135,0.00128781408400647,-0.000212456334549138,-0.000146547992075363,-0.000278364677022913,-0.000115316887028927,-0.000309595782069683,-0.000212456334549249,-0.000141947967693512,-0.000282964701404986,0.000575574727879058,0.000441049017526396,-0.000100991740562106,-0.000233175318646306,-1.16194219061949e-05,-2.17318639916808e-05,6.0046922957524e-07,2.16335477000451e-06,-0.000648544699665798,-0.00123502140951182,-7.46223381249689e-06,-1.18100391085715e-05,-3.99972051478015e-05,-7.73745467308462e-05,4.40870758535716e-05,4.67742213683398e-05
37,1.67042265823294e-19,4.03575771101838e-05,4.56493618348208e-05,4.03575771101838e-05,4.03575771101838e-05,0,0,1.23571770636048e-18,-2.33692453122474e-17,4.71329794098411e-17,-2.33858697076482e-17,4.71820814593378e-17,1.47539085113557e-05,-0.000147608864429216,6.20622426589779e-05,0.000238332264180574,-6.13234250293124e-06,-2.11412829687688e-05,-3.18387462225345e-06,1.02431096078714e-05,3.36694952103589e-06,3.64081111566966e-05,-0.00673237464562959,-0.0158941379180382,0.000419162407816254,0.000966836289074124,0.000538452989948368,0.00125645720534362,-0.000210584447057904,-0.000145934413827931,-0.000275234480287878,-0.000114222156495702,-0.000306946737620439,-0.000210584447058015,-0.000142237965852554,-0.000278930928263477,0.000456938153050146,0.000193994645355744,-0.000104247206631547,-0.000236028146731959,-1.03245081346515e-05,-1.91768456291319e-05,1.07472655840046e-06,2.92733366655251e-06,-0.000661730968046115,-0.00125204882060981,-7.02898057422519e-06,-1.08805973947773e-05,-4.13577087420292e-05,-7.93108926883113e-05,4.45266731678995e-05,4.67720505015201e-05
38,1.65047575303933e-19,4.10389212197604e-05,4.58461209975614e-05,4.10389212197604e-05,4.10389212197604e-05,0,0,1.21282880782641e-18,-2.40453463023446e-17,4.5626210424544e-17,-2.40624827545778e-17,4.56724447045257e-17,2.50790473526052e-05,-0.000112331511307406,6.44289904809248e-05,0.000244391970287694,-5.53319428595045e-06,-1.80147732862096e-05,-3.74878361865394e-06,7.22587020934862e-06,6.5763552226511e-06,4.25032233311584e-05,-0.00655748892426633,-0.0154542812467557,0.000421799517314692,0.000975681252361249,0.000525808130954486,0.00122603253921461,-0.000208936459860753,-0.000145398071606961,-0.000272474848114546,-0.000113290558681922,-0.000304582361039807,-0.000208936459860865,-0.000142477307855882,-0.000275395611865736,0.000339093298581616,-4.76955682682245e-05,-0.000106421400642542,-0.000236840347489997,-9.07856591658707e-06,-1.66984118485924e-05,1.51965546631161e-06,3.61668821417804e-06,-0.000674071819404709,-0.00126741943275821,-6.59725150740226e-06,-9.97281444505005e-06,-4.26322624359488e-05,-8.10584877070086e-05,4.49238579476319e-05,4.67683840474908e-05
39,1.63121304330901e-19,4.16613757414641e-05,4.60172966920691e-05,4.16613757414641e-05,4.16613757414641e-05,0,0,1.19054086115004e-18,-2.46714122384033e-17,4.42055956777712e-17,-2.46889662383298e-17,4.4248897184092e-17,3.82194907397881e-05,-7.04052599167504e-05,6.75195762726566e-05,0.000252406816054984,-4.91704362559631e-06,-1.49898765976555e-05,-4.33388886618424e-06,4.2986455506544e-06,8.80655452119294e-06,4.62248969414075e-05,-0.00638474514663834,-0.0150216993186456,0.000423914564338213,0.000983000212790297,0.000513521234148384,0.00119655307333622,-0.000207459945001709,-0.000144911758969246,-0.000270008131034172,-0.000112486896484687,-0.000302432993518953,-0.00020745994500182,-0.000142655646551026,-0.000272264243452502,0.000222978111265704,-0.000282361944467624,-0.000107637854851295,-0.000235858765405994,-7.89292914971096e-06,-1.43255873422676e-05,1.93772841322604e-06,4.23986191154524e-06,-0.000685576357531303,-0.00128118346809813,-6.16989740783586e-06,-9.09079359237563e-06,-4.38243462208554e-05,-8.26303749880131e-05,4.52768143865967e-05,4.67577789977636e-05
40,1.6125392789555e-19,4.22249289324661e-05,4.61600047620969e-05,4.22249289324661e-05,4.22249289324661e-05,0,0,1.16883009407093e-18,-2.52502547299168e-17,4.28678357517557e-17,-2.52681421524206e-17,4.29081706551604e-17,5.33359600436434e-05,-2.39736033877946e-05,7.11146700640986e-05,0.000261772091376899,-4.29282862868946e-06,-1.20778474807307e-05,-4.92873445050168e-06,1.47541586945077e-06,1.01877348533813e-05,4.79070723981151e-05,-0.00621493878311874,-0.0145982497632815,0.000425427854856331,0.00098861518024973,0.000501596232831747,0.00116802198906685,-0.000206108596178423,-0.000144451700132997,-0.000267765492223848,-0.00011178012354307,-0.000300437068813886,-0.000206108596178534,-0.000142764366960368,-0.000269452825396588,0.000109388816952105,-0.000508624237514965,-0.000108014841532111,-0.00023332134165982,-6.7761006884437e-06,-1.20807352962382e-05,2.33117316042475e-06,4.80443033863687e-06,-0.000696255502604437,-0.00129339092450653,-5.74936817438615e-06,-8.23794608228318e-06,-4.49372602815412e-05,-8.40385561350354e-05,4.55843385165355e-05,4.67356710078803e-05
