parameter,value
beta,0.99
sigma,2
varphi,0.5
chi_n,48.9097810250406
delta_k,0.025
delta_g,0.025
phi_i,2.5
alpha,0.45
gamma_g,0.1
theta_p,0.75
epsilon_p,6
omega1,0.85
omega2,0.85
eta,0.9
rho_a,0.7
rho_g,0.7
rho_z,0.7
rho_mp,0
rho_d,0.8
rho_r,0.75
phi_pi,1.5
phi_x,0.125
tau_x,0.2
theta_T,0.6
mu_b,0
phi_z_ds,0
phi_z_b,0
beta_g,0.99
omega_x,1
chi_ig,20
varphi_b,0.05
s1,0.5
s2,0.5
rbar,1.01010101010101
pinfbar,1
ybar,1
ybar1,1
ybar2,1
ymbar1,1
ymbar2,1
xbar,1
xbar1,1
xbar2,1
gw1,0.5
gw2,0.5
mcbar,0.833333333333333
rkbar,0.0351010101010102
d_ann1,0.4
d_ann2,1
b_x1,1.6
b_x2,4
bbar1,1.6
bbar2,4
abar1,1
abar2,1
xi_rs,1
kbar1,10.6834532374101
kbar2,10.6834532374101
invbar1,0.267086330935251
invbar2,0.267086330935251
kgbar1,4.8
kgbar2,4.8
igbar1,0.12
igbar2,0.12
nbar1,0.108259193121186
nbar2,0.108259193121186
wbar1,4.23366663023501
wbar2,4.23366663023501
cbar1,0.512913669064749
cbar2,0.512913669064749
gbar1,0.1
gbar2,0.1
dsbar1,0.0161616161616163
dsbar2,0.0404040404040407
fsbar1,0.12
fsbar2,0.12
lamgbar1,0.62311178247734
lamgbar2,0.62311178247734
qgbar1,0.62311178247734
qgbar2,0.62311178247734
zbar1,0.156161616161616
zbar2,0.180404040404041
