metric,low_var,high_var,interpretation,low_t1,high_t1,diff_t1,low_t4,high_t4,diff_t4,low_t8,high_t8,diff_t8,low_t12,high_t12,diff_t12
Local bond rate,rb1,rb2,higher is costlier,0.00299018266209328,0.0029901826620935,2.22044604925031e-16,0.000624339435855159,0.000624339435854715,-4.44089209850063e-16,-7.73879558397805e-05,-7.73879558404467e-05,-6.66133814775094e-16,0.000249172710872658,0.000249172710871992,-6.66133814775094e-16
Debt service pressure,ds1,ds2,higher is more pressure,0.00617234823797852,0.0177506729196285,0.01157832468165,0.00207404491194593,0.00594276052475589,0.00386871561280996,0.000121231409976603,0.000285862126375318,0.000164630716398714,0.000101309916297131,0.000208971720393619,0.000107661804096488
Fiscal space,fs1,fs2,lower is tighter,-0.00746922653892758,-0.0189605340130538,-0.0114913074741262,-0.0027665670627452,-0.00664421497260605,-0.00387764790986085,-0.000330637584093865,-0.000567118643337167,-0.000236481059243301,-0.000192832590880085,-0.000386428959903387,-0.000193596369023302
Public investment,ig1,ig2,lower is weaker,-0.000180483944494075,-0.000395296866019537,-0.000214812921525462,-0.000540655057340869,-0.00127183616648438,-0.000731181109143511,-0.000815474241806211,-0.00197527738874971,-0.0011598031469435,-0.000950108142801692,-0.00230902392673361,-0.00135891578393192
Public capital,kg1,kg2,lower is weaker,-0.000180483944493659,-0.000395296866019912,-0.000214812921526253,-0.00144694272975165,-0.0033299050254163,-0.00188296229566465,-0.00410897445776914,-0.00975139967868799,-0.00564242522091885,-0.00721969590182958,-0.0173302577414329,-0.0101105618396033
Intermediate output,ym1,ym2,lower is weaker,-0.0170490394450004,-0.0172201625628484,-0.00017112311784806,-0.00931954874531116,-0.0097724725801458,-0.00045292383483464,-0.00307802158867021,-0.00368433616039865,-0.000606314571728439,-0.0015279890114136,-0.00220770583110452,-0.000679716819690923
Final output,y1,y2,lower is weaker,-0.0169604956134685,-0.0173087063943801,-0.000348210780911629,-0.00905676260622557,-0.0100352587192435,-0.000978496113017924,-0.00273860122029168,-0.00402375652878939,-0.00128515530849771,-0.00119692797671234,-0.002538766865819,-0.00134183888910666
Private investment,inv1,inv2,lower is weaker,-0.00570555163249198,-0.00584797892429767,-0.000142427291805691,-0.00647608246651471,-0.00677062492087044,-0.000294542454355728,-0.00169929357294235,-0.00189253341058981,-0.000193239837647463,0.000139765362532907,9.90522180661646e-05,-4.07131444667419e-05
Labor demand,n1,n2,lower is weaker,-0.00335584591601275,-0.00338952891721749,-3.36830012047373e-05,-0.00166102027877171,-0.00174001875417586,-7.89984754041434e-05,-0.000296721439975722,-0.000383832974226533,-8.71115342508111e-05,1.83226329714681e-05,-6.23402984230026e-05,-8.06629313944707e-05
Real wage,w1,w2,lower is weaker,-0.248438656020696,-0.248948212008108,-0.000509555987411758,-0.0661559115654589,-0.0669209539310938,-0.000765042365634905,-0.00949701678852666,-0.010079631665584,-0.000582614877057352,-0.00602359536874886,-0.00664681308149895,-0.00062321771275009
Consumption,c1,c2,lower is weaker,-0.0110744600364825,-0.0110654306040628,9.02943241964937e-06,-0.00204002508236045,-0.00199279763188676,4.72274504736969e-05,-0.000223833405534113,-0.000155945729447549,6.78876760865643e-05,-0.000386585196434863,-0.000328795157149009,5.77900392858544e-05
Inflation,pinf1,pinf2,lower is weaker,-0.0172893229170046,-0.0174000791264883,-0.000110756209483753,-0.00381014007064029,-0.00387278075181718,-6.26406811768954e-05,0.000135710636098629,0.000131241679313998,-4.46895678463122e-06,0.000420673029543295,0.000440685030903332,2.00120013600369e-05
