scenario,label,psi_L,ucrit,nu,ubar2,horizon,u2,pressure2,debt_ratio2,ds2,fs2,ig2,kg2,y2,c2,pinf2
policy_cf_baseline,"Baseline",0,0.995,250,0.985,1,0.995152826160196,0.0025341726906307,0.0184244588393565,0.00830149863788754,-0.00900343174129059,-0.000621079439058578,-0.000621079439058647,-0.0100421065371246,-0.0065754984489137,-0.00811806258613745
policy_cf_baseline,"Baseline",0,0.995,250,0.985,2,1.00794080933385,0.0127796410956317,0.0269530503023749,0.0114323315912973,-0.0119672479883312,-0.00104925566829794,-0.00165480812137986,-0.00765270568010945,-0.00315878178243811,-0.00449101744661262
policy_cf_baseline,"Baseline",0,0.995,250,0.985,3,1.01367975526936,0.0184015130938958,0.0299448105673288,0.00579655407855089,-0.00620168910066424,-0.00135322997485292,-0.00296666789319833,-0.00579600681925174,-0.00137767358990759,-0.00238470249295042
policy_cf_baseline,"Baseline",0,0.995,250,0.985,4,1.01555336394268,0.0202612060836062,0.0300818206628207,0.00277557920788052,-0.00308452259023034,-0.00157136042297698,-0.00446386161884504,-0.00441985474749018,-0.000498758394096299,-0.00118497340414092
policy_cf_baseline,"Baseline",0,0.995,250,0.985,5,1.01538409661835,0.0200929471895948,0.0288254037434637,0.00121922746643739,-0.0014589786910242,-0.00172550780423442,-0.00607777288260802,-0.00342996694134312,-0.000102139740540963,-0.00051743177280561
policy_cf_baseline,"Baseline",0,0.995,250,0.985,6,1.01416073245532,0.0188782798770984,0.0269494487917761,0.000461396992891008,-0.000652260123267204,-0.00182880447858916,-0.0077546330391316,-0.00273055634497732,4.73771341968909e-05,-0.000156986032604833
policy_cf_baseline,"Baseline",0,0.995,250,0.985,7,1.01241877319743,0.0171542725169974,0.0248496640240563,0.000123950723916818,-0.000280533864816634,-0.00188989681777355,-0.00945066403092731,-0.0022401345302141,7.80359132478425e-05,2.97143785696896e-05
policy_cf_baseline,"Baseline",0,0.995,250,0.985,8,1.01044622939575,0.015213938575048,0.0227194916001788,-2.69946184784133e-06,-0.000129784311616032,-0.0019151825481877,-0.0111295799783413,-0.00189536034290805,5.73654280630054e-05,0.000120415512810279
policy_cf_baseline,"Baseline",0,0.995,250,0.985,9,1.00839692347826,0.0132194005588271,0.0206479443312008,-3.12726303782259e-05,-8.40403277770074e-05,-0.00190993575924735,-0.0127612762381295,-0.00164970850540003,1.92338952326176e-05,0.000159638296334919
policy_cf_baseline,"Baseline",0,0.995,250,0.985,10,1.00635295724318,0.0112649177267017,0.0186725423959481,-1.99905414588596e-05,-8.27857737759757e-05,-0.00187883400250873,-0.0143210783346852,-0.0014703547988798,-2.06062721987976e-05,0.000172351511062763
policy_cf_baseline,"Baseline",0,0.995,250,0.985,11,1.00435877312404,0.00941118633544961,0.0168069667423627,2.79546106409997e-06,-9.61005598840298e-05,-0.00182617759712936,-0.0157892289734471,-0.00133485618253948,-5.57743332101346e-05,0.000172209905136
policy_cf_baseline,"Baseline",0,0.995,250,0.985,12,1.00243934024058,0.00770260033504303,0.0150548330483378,2.45648994540576e-05,-0.000110419289395702,-0.00175596047201181,-0.0171504587211224,-0.00122826367113049,-8.4468035694063e-05,0.000166445282238081
policy_cf_baseline,"Baseline",0,0.995,250,0.985,13,1.00060957585523,0.00617379411727788,0.013416088882102,4.08059322382498e-05,-0.00012054995764256,-0.00167187705896596,-0.0183935743120607,-0.00114084660621772,-0.000106921882855882,0.000158724438166225
policy_cf_baseline,"Baseline",0,0.995,250,0.985,14,0.9988790357087,0.00484941711226237,0.0118896578857682,5.07799260238417e-05,-0.000125320425221676,-0.0015773079107981,-0.0195110428650569,-0.00106640309546024,-0.000124119323749894,0.000150789554423492
policy_cf_baseline,"Baseline",0,0.995,250,0.985,15,0.997254134314026,0.00374082436853522,0.0104742937049571,5.53131226223354e-05,-0.000125285988610738,-0.00147530397177288,-0.020498570765203,-0.00100105689781094,-0.000137183700364418,0.000143380511530955
policy_cf_baseline,"Baseline",0,0.995,250,0.985,16,0.995739136240697,0.00284364624561371,0.00916866749954082,5.57057911152719e-05,-0.000121580533792506,-0.00136857751842788,-0.0213546840145007,-0.000942427677029789,-0.000147123086584933,0.000136740746893294
policy_cf_baseline,"Baseline",0,0.995,250,0.985,17,0.994336578912685,0.00213905749151477,0.0079711952857956,5.32382472405567e-05,-0.000115383603835006,-0.00125950188373722,-0.0220803187978751,-0.000889073743186475,-0.000154750048242724,0.000130886152799325
policy_cf_baseline,"Baseline",0,0.995,250,0.985,18,0.993047463333378,0.00159873457807005,0.00687983497083478,4.8982273631204e-05,-0.000107706271335467,-0.00115011939986179,-0.0226784302277903,-0.000840126556751697,-0.000160680803004465,0.000125742145774099
policy_cf_baseline,"Baseline",0,0.995,250,0.985,19,0.991871372985025,0.00119110768987017,0.00589194161240192,4.37591425258878e-05,-9.93327816801587e-05,-0.00104215598166715,-0.0231536254537623,-0.00079505639830546,-0.000165364942854795,0.000121209398469269
policy_cf_baseline,"Baseline",0,0.995,250,0.985,20,0.990806588873234,0.000886384024971111,0.00500420170276961,3.81607332992726e-05,-9.08314145625366e-05,-0.000937040568239747,-0.0235118253856577,-0.000753525642350095,-0.000169122293353197,0.000117192332172333
policy_cf_baseline,"Baseline",0,0.995,250,0.985,21,0.989850222872337,0.000659284050563559,0.00421263823750884,3.2591956119158e-05,-8.25906553841987e-05,-0.000835927788589791,-0.0237599575396059,-0.000715299310294681,-0.000172176831538695,0.000113609121300318
policy_cf_baseline,"Baseline",0,0.995,250,0.985,22,0.988998370662772,0.000489796991552471,0.00351266864373811,2.73151251856465e-05,-7.48598816714824e-05,-0.000739722490595479,-0.0239056810917111,-0.000680192325447582,-0.000174684253363644,0.000110393204798109
policy_cf_baseline,"Baseline",0,0.995,250,0.985,23,0.988246277529454,0.000362768507810838,0.00289919690232665,2.24885114262358e-05,-6.77858392267583e-05,-0.000649105060429464,-0.0239571441248474,-0.000648039805238643,-0.000176752863490504,0.000107491413120941
policy_cf_baseline,"Baseline",0,0.995,250,0.985,24,0.987588508473702,0.00026702325682627,0.00236672402770399,1.81969490733128e-05,-6.14421601817794e-05,-0.000564556717967415,-0.0239227722396933,-0.000618681488401385,-0.00017845869234312,0.000104861166489334
policy_cf_baseline,"Baseline",0,0.995,250,0.985,25,0.987019114966534,0.000194436468032783,0.00190946484762999,1.44748673598961e-05,-5.58518959958287e-05,-0.000486384188096059,-0.0238110871217971,-0.000591954600427269,-0.000179856078206808,0.000102467809939055
policy_cf_baseline,"Baseline",0,0.995,250,0.985,26,0.986531792464523,0.000139134201623854,0.00152146259533315,1.13230233485702e-05,-5.10040910712134e-05,-0.000414743318741723,-0.0236305532624934,-0.000567691575800722,-0.00018098488893048,0.000100282457486722
policy_cf_baseline,"Baseline",0,0.995,250,0.985,27,0.986120024690513,9.68681796628995e-05,0.00119669576962123,8.72036630176001e-06,-4.68656729051692e-05,-0.00034966134965729,-0.0233894507805887,-0.000545720426840646,-0.000181875352305849,9.82803976004032e-05
policy_cf_baseline,"Baseline",0,0.995,250,0.985,28,0.985777212310438,6.45518069389725e-05,0.00092917396598835,6.63230637060024e-06,-4.33898382061482e-05,-0.00029105763865743,-0.0230957721497314,-0.000525866423658816,-0.000182551235799466,9.64399837404262e-05
policy_cf_baseline,"Baseline",0,0.995,250,0.985,29,0.985496784917321,3.99254248404707e-05,0.000713021010019688,5.01640697117209e-06,-4.05218993856232e-05,-0.000238762730688638,-0.022757140576676,-0.000507954298992974,-0.000183031914325449,9.47418981143144e-05
policy_cf_baseline,"Baseline",0,0.995,250,0.985,30,0.98527229617556,2.131827643167e-05,0.000542544855016258,3.82626879307651e-06,-3.82033281444705e-05,-0.000192535715338477,-0.0223807477775972,-0.000491810531183301,-0.000183333704021349,9.31686818714805e-05
policy_cf_baseline,"Baseline",0,0.995,250,0.985,31,0.985097502635958,7.4802565356325e-06,0.000412294459526952,3.01416119525069e-06,-3.6374535111669e-05,-0.000152079864407129,-0.0219733089475644,-0.000477265464989274,-0.000183470719899881,9.17044446100412e-05
policy_cf_baseline,"Baseline",0,0.995,250,0.985,32,0.984966427165765,-2.53692046477507e-06,0.000317104339865648,2.53279207334048e-06,-3.49767684326291e-05,-0.000117056576221755,-0.0215410328000969,-0.00046415515311693,-0.000183455429287105,9.03346880307687e-05
policy_cf_baseline,"Baseline",0,0.995,250,0.985,33,0.984873408204158,-9.46384240794074e-06,0.000252127778026079,2.33648601671507e-06,-3.39533979615975e-05,-8.70976798842821e-05,-0.0210896046599789,-0.000452322873199851,-0.000183299013371219,8.9046197891518e-05
policy_cf_baseline,"Baseline",0,0.995,250,0.985,34,0.984813136198015,-1.38731717672657e-05,0.000212859816520083,2.38195446338775e-06,-3.32507684459998e-05,-6.1816172399573e-05,-0.0206241807158785,-0.000441620315647206,-0.000183011608934747,8.78269735873349e-05
policy_cf_baseline,"Baseline",0,0.995,250,0.985,35,0.984780678630761,-1.62222790894352e-05,0.000195151231773272,2.62878203720514e-06,-3.28187471043406e-05,-4.08154759796442e-05,-0.0201493916739617,-0.000431908459775476,-0.000182602475742866,8.66661758260889e-05
policy_cf_baseline,"Baseline",0,0.995,250,0.985,36,0.984771495055146,-1.68837343545937e-05,0.000195214677297217,3.03971293649265e-06,-3.26110514526773e-05,-2.36973127866608e-05,-0.0196693541948987,-0.000423058166633239,-0.000182080117821504,8.5554080645478e-05
policy_cf_baseline,"Baseline",0,0.995,250,0.985,37,0.984781443498065,-1.6167125238496e-05,0.000209624148114318,3.58079435185295e-06,-3.25854166659673e-05,-1.00683007617369e-05,-0.0191876886407885,-0.000414950521545943,-0.000181452375887514,8.44820332404073e-05
policy_cf_baseline,"Baseline",0,0.995,250,0.985,38,0.984806779536037,-1.43346267410553e-05,0.000235308853443361,4.22141613982789e-06,-3.27036440806727e-05,4.5462236863969e-07,-0.0187075418023994,-0.000407476960425424,-0.000180726501332606,8.34423984243937e-05
policy_cf_baseline,"Baseline",0,0.995,250,0.985,39,0.984844149253487,-1.16120357498153e-05,0.000269542505440312,4.93427432199725e-06,-3.29315607197206e-05,8.23983878713019e-06,-0.0182316134185525,-0.000400539212915385,-0.000179909217947194,8.24285066312047e-05
policy_cf_baseline,"Baseline",0,0.995,250,0.985,40,0.98489057719966,-8.19650025120588e-06,0.000309928944670634,5.69527831368981e-06,-3.32389119149512e-05,1.36376468022059e-05,-0.0177621854362862,-0.000394049093428439,-0.000179006775031798,8.14345955733042e-05
policy_cf_fiscal_discipline,"Strict rule: psi=20, ubar2=0.985",20,0.995,250,0.985,1,0.995357526736429,0.00263978636702102,0.0182407748259483,0.00846567063047853,-0.00918362458354209,-0.00121415631153785,-0.00121415631153798,-0.0102713065539441,-0.0064767919326788,-0.00827830085863435
policy_cf_fiscal_discipline,"Strict rule: psi=20, ubar2=0.985",20,0.995,250,0.985,2,1.00768245130299,0.0125313751666622,0.0260967220733969,0.0115772497376492,-0.0121500893289387,-0.00221808401564788,-0.00340188641939676,-0.00819524848810194,-0.00304900122528973,-0.00467206890935556
policy_cf_fiscal_discipline,"Strict rule: psi=20, ubar2=0.985",20,0.995,250,0.985,3,1.01226829858958,0.0170057423252298,0.027837316364296,0.00588582144696902,-0.00634436697857232,-0.00296864090892485,-0.00628548016783714,-0.00656011670935364,-0.00126154894281794,-0.00256210363193332
policy_cf_fiscal_discipline,"Strict rule: psi=20, ubar2=0.985",20,0.995,250,0.985,4,1.01241495091995,0.0171504987420248,0.0262628118596659,0.00278863843972111,-0.00315826521894673,-0.00346066618522513,-0.00958900934886575,-0.00528801317100225,-0.000382654558463313,-0.00134055401896493
policy_cf_fiscal_discipline,"Strict rule: psi=20, ubar2=0.985",20,0.995,250,0.985,5,1.01012369989758,0.014898323039423,0.0230068793507885,0.00115132242760888,-0.00145135776186869,-0.00371169011877848,-0.0130609742339223,-0.00429241301903494,6.48611351961037e-06,-0.000641267216615171
policy_cf_fiscal_discipline,"Strict rule: psi=20, ubar2=0.985",20,0.995,250,0.985,6,1.00658048805683,0.01148020019784,0.0190255924260265,0.000319157946496748,-0.000563766181539596,-0.00375209316085619,-0.0164865430389307,-0.0034994530735899,0.000141335264047249,-0.000246071623959621
policy_cf_fiscal_discipline,"Strict rule: psi=20, ubar2=0.985",20,0.995,250,0.985,7,1.0025085183942,0.00776252809077371,0.0148811651277058,-7.9350814716269e-05,-0.000120110354751346,-0.00361864755307917,-0.0196930270160367,-0.0028535629735974,0.000151503552533572,-2.63959243217426e-05
policy_cf_fiscal_discipline,"Strict rule: psi=20, ubar2=0.985",20,0.995,250,0.985,8,0.998357810259451,0.00447839133010883,0.0109046468700988,-0.000250901100143254,8.89976489776012e-05,-0.00335020643060946,-0.0225509077712447,-0.0023162487955779,0.000106477071219802,9.27021702294972e-05
policy_cf_fiscal_discipline,"Strict rule: psi=20, ubar2=0.985",20,0.995,250,0.985,9,0.994410351300206,0.00217306078639393,0.0072883760988135,-0.000307879467455127,0.000177694244633084,-0.00298480418474184,-0.0249719392617056,-0.00186247645366799,4.22224074088096e-05,0.000154452188561249
policy_cf_fiscal_discipline,"Strict rule: psi=20, ubar2=0.985",20,0.995,250,0.985,10,0.990839927320224,0.000895063472225006,0.00413840422079348,-0.00030973668044496,0.000206513756557281,-0.00255772581011808,-0.0269053665902819,-0.00147674414232379,-2.35758713631462e-05,0.000183568236916232
policy_cf_fiscal_discipline,"Strict rule: psi=20, ubar2=0.985",20,0.995,250,0.985,11,0.987747173556856,0.000288900346729561,0.00150456119394515,-0.000286892800363517,0.000206529665776486,-0.00210027302281056,-0.0283330054483351,-0.00114970380406298,-8.29433312574679e-05,0.000194097193359388
policy_cf_fiscal_discipline,"Strict rule: psi=20, ubar2=0.985",20,0.995,250,0.985,12,0.985181017370208,1.40224895674402e-05,-0.000601704089541522,-0.000254295796198187,0.000193093397317767,-0.00163905153429633,-0.0292637318464228,-0.000875583452191075,-0.000132892785317251,0.000194022633463797
policy_cf_fiscal_discipline,"Strict rule: psi=20, ubar2=0.985",20,0.995,250,0.985,13,0.98315265794683,-0.000113836465233775,-0.00219603997013773,-0.000218941649734732,0.000173480333782269,-0.00119565797313309,-0.029727796523396,-0.00065038587851074,-0.000172885327043515,0.00018792501698095
policy_cf_fiscal_discipline,"Strict rule: psi=20, ubar2=0.985",20,0.995,250,0.985,14,0.981645439447297,-0.000176078578382693,-0.00331339345071369,-0.000183929434079974,0.000151025651372025,-0.000786675258219766,-0.029771276868531,-0.000470733307527005,-0.000203505300215068,0.000178492830109178
policy_cf_fiscal_discipline,"Strict rule: psi=20, ubar2=0.985",20,0.995,250,0.985,15,0.980622405784022,-0.000207133011133986,-0.00400210309228377,-0.000150568131293324,0.000127277510421547,-0.000423902792740447,-0.029450897739558,-0.0003332039691194,-0.00022579356339647,0.000167364687848615
policy_cf_fiscal_discipline,"Strict rule: psi=20, ubar2=0.985",20,0.995,250,0.985,16,0.980032449310557,-0.000221828517446488,-0.00431910502794408,-0.00011941564260742,0.000103057951441873,-0.000114759007206769,-0.0288293843032763,-0.000234018992108287,-0.000240927007354119,0.00015558872415844
policy_cf_fiscal_discipline,"Strict rule: psi=20, ubar2=0.985",20,0.995,250,0.985,17,0.979815488900132,-0.00022672251191449,-0.00432590461407767,-9.07520374963562e-05,7.89416864936943e-05,0.000137197978413411,-0.0279714517172813,-0.000168963114055454,-0.000250073276956697,0.000143867702549372
policy_cf_fiscal_discipline,"Strict rule: psi=20, ubar2=0.985",20,0.995,250,0.985,18,0.979906866059205,-0.000224692891391799,-0.00408517870920122,-6.47671235826826e-05,5.54391402937809e-05,0.000331678687318343,-0.0269404867370309,-0.000133449471907743,-0.000254329772046535,0.000132687336677373
policy_cf_fiscal_discipline,"Strict rule: psi=20, ubar2=0.985",20,0.995,250,0.985,19,0.98024103139939,-0.000216872616866441,-0.00365796588804512,-4.16142361517949e-05,3.30402435058663e-05,0.000471039925017139,-0.0257959346435888,-0.000122662611553026,-0.000254700527697715,0.000122383148633221
policy_cf_fiscal_discipline,"Strict rule: psi=20, ubar2=0.985",20,0.995,250,0.985,20,0.980754549168142,-0.000203541773101958,-0.00310143124096518,-2.14094714571181e-05,1.22014387809455e-05,0.000559665281960206,-0.0245913709955383,-0.000131733415454027,-0.000252088623313274,0.000113176482552824
policy_cf_fiscal_discipline,"Strict rule: psi=20, ubar2=0.985",20,0.995,250,0.985,21,0.981388440011823,-0.000184617869084544,-0.00246719140224383,-4.21531248305691e-06,-6.68298212533336e-06,0.000603375363635764,-0.0233732113570149,-0.000155914908414712,-0.000247294269509535,0.000105196043911127
policy_cf_fiscal_discipline,"Strict rule: psi=20, ubar2=0.985",20,0.995,250,0.985,22,0.982089891649776,-0.000160001526932213,-0.00180017220267692,9.97406704252198e-06,-2.330656026861e-05,0.000608888121501991,-0.0221799929515871,-0.000190739426211395,-0.000241014865522415,9.84932847023501e-05
policy_cf_fiscal_discipline,"Strict rule: psi=20, ubar2=0.985",20,0.995,250,0.985,23,0.982813382354658,-0.00012986611202332,-0.00113795548108808,2.12397030421099e-05,-3.74664822223453e-05,0.00058334354724808,-0.0210421495805493,-0.000232146118330112,-0.000233846078490862,9.30555261320354e-05
policy_cf_fiscal_discipline,"Strict rule: psi=20, ubar2=0.985",20,0.995,250,0.985,24,0.98352127698423,-9.48910935551117e-05,-0.000510557866161832,2.9736214912781e-05,-4.90684482039733e-05,0.000533901427273983,-0.0199821944137621,-0.000276573857778684,-0.00022628403359215,8.88183657234975e-05
policy_cf_fiscal_discipline,"Strict rule: psi=20, ubar2=0.985",20,0.995,250,0.985,25,0.984183966831717,-5.6392458607854e-05,5.94252497958525e-05,3.56832173572276e-05,-5.81221139366317e-05,0.000467415963649673,-0.0190152235897685,-0.000321018896150438,-0.000218728928781275,8.56777475255477e-05
policy_cf_fiscal_discipline,"Strict rule: psi=20, ubar2=0.985",20,0.995,250,0.985,26,0.984779631620334,-1.62977621467181e-05,0.000556382295452962,3.93520475983587e-05,-6.47295376447893e-05,0.000390186936735828,-0.0181496560632883,-0.000363059467427207,-0.000211490277954418,8.35015537350436e-05
policy_cf_fiscal_discipline,"Strict rule: psi=20, ubar2=0.985",20,0.995,250,0.985,27,0.985293704468073,2.30516917475294e-05,0.000971027074355924,4.10500411087127e-05,-6.90691454945935e-05,0.000307783751962734,-0.0173881309097439,-0.000400851348873132,-0.000204793780470447,8.21403997874892e-05
policy_cf_fiscal_discipline,"Strict rule: psi=20, ubar2=0.985",20,0.995,250,0.985,28,0.985718119059968,5.92307093001828e-05,0.0012995887324716,4.11042265211319e-05,-7.13774366858932e-05,0.000224936176327628,-0.0167284914606727,-0.000433099393975622,-0.000198789622138595,8.14373111779343e-05
policy_cf_fiscal_discipline,"Strict rule: psi=20, ubar2=0.985",20,0.995,250,0.985,29,0.986050413327844,9.01016787848514e-05,0.00154291381550598,3.98458534807775e-05,-7.19302212765088e-05,0.000145483791604131,-0.0161647953825517,-0.000459010464129661,-0.000193561874302417,8.12360338267037e-05
policy_cf_fiscal_discipline,"Strict rule: psi=20, ubar2=0.985",20,0.995,250,0.985,30,0.98629275648922,0.000114124024284501,0.00170553635804216,3.75967229032659e-05,-7.10247378676448e-05,7.23751067356893e-05,-0.0156883003912522,-0.000478233162062636,-0.000189138581368375,8.13878295462533e-05
policy_cf_fiscal_discipline,"Strict rule: psi=20, ubar2=0.985",20,0.995,250,0.985,31,0.986450957165984,0.000130526331119463,0.00179476302020376,3.46579029764389e-05,-6.8963588898574e-05,7.70679800062013e-06,-0.0152883860834701,-0.00049078943732539,-0.000185502105918833,8.17567075843684e-05
policy_cf_fiscal_discipline,"Strict rule: psi=20, ubar2=0.985",20,0.995,250,0.985,32,0.986533500247518,0.000139317738697531,0.00181981084378324,3.1301100702626e-05,-6.60410799812605e-05,-4.72064128022448e-05,-0.0149533828441859,-0.000497002593726092,-0.000182599321902455,8.22231297408216e-05
policy_cf_fiscal_discipline,"Strict rule: psi=20, ubar2=0.985",20,0.995,250,0.985,33,0.986550649837163,0.00014116470364688,0.00179102579843504,2.77627173566209e-05,-6.25322616642499e-05,-9.1740274912433e-05,-0.0146712885479943,-0.000497425561626352,-0.00018035129707239,8.26862950658036e-05
policy_cf_fiscal_discipline,"Strict rule: psi=20, ubar2=0.985",20,0.995,250,0.985,34,0.986513645562068,0.000137188251326183,0.00171920137095649,2.42404400045502e-05,-5.86847448591499e-05,-0.000125856180162698,-0.0144303625144566,-0.000492772569451572,-0.000178662174048605,8.30651596723797e-05
policy_cf_fiscal_discipline,"Strict rule: psi=20, ubar2=0.985",20,0.995,250,0.985,35,0.986434010150769,0.000128741336883129,0.00161500834380024,2.08921009898343e-05,-5.47131892633668e-05,-0.000149990256661514,-0.0142195937082565,-0.000483856609693634,-0.000177427035437328,8.32983788057184e-05
policy_cf_fiscal_discipline,"Strict rule: psi=20, ubar2=0.985",20,0.995,250,0.985,36,0.986322977790495,0.000117212597811214,0.00148853983439257,1.7836463538019e-05,-5.07962407006873e-05,-0.000164942524678149,-0.0140290463902284,-0.000471534384263728,-0.000176538614961141,8.33433741802558e-05
policy_cf_fiscal_discipline,"Strict rule: psi=20, ubar2=0.985",20,0.995,250,0.985,37,0.986191045561366,0.000103882031779549,0.00134896975266541,1.51555553980671e-05,-4.70756114206439e-05,-0.000171771069900614,-0.0138500913003741,-0.00045665976101672,-0.00017589278821506,8.31747322664889e-05
policy_cf_fiscal_discipline,"Strict rule: psi=20, ubar2=0.985",20,0.995,250,0.985,38,0.986047644308359,8.98347120662183e-05,0.00120431812867494,1.28981656177043e-05,-4.36569503170087e-05,-0.000171695010578343,-0.0136755340284429,-0.000440046197287769,-0.000175392839925625,8.2782131387793e-05
policy_cf_fiscal_discipline,"Strict rule: psi=20, ubar2=0.985",20,0.995,250,0.985,39,0.985900920676489,7.59252795346227e-05,0.00106131324779968,1.10841349778498e-05,-4.06121314056596e-05,-0.000166008914176813,-0.0134996545919082,-0.000422438099183964,-0.000174952557378316,8.21679797506913e-05
policy_cf_fiscal_discipline,"Strict rule: psi=20, ubar2=0.985",20,0.995,250,0.985,40,0.98575761865866,6.27795491267008e-05,0.000925338138778709,9.70910204735158e-06,-3.79825928694816e-05,-0.000156010295103995,-0.0133181735222152,-0.000404490692397563,-0.000174498241059751,8.13449252830001e-05
policy_cf_sens_low_psi,"Lower psi: psi=8, ubar2=0.985",8,0.995,250,0.985,1,0.995219166742488,0.00256811403299184,0.0183314235827676,0.00835505360205582,-0.00906182892229648,-0.000841786366093028,-0.000841786366093444,-0.0101113810265643,-0.00653150920495793,-0.00817038925576963
policy_cf_sens_low_psi,"Lower psi: psi=8, ubar2=0.985",8,0.995,250,0.985,2,1.0078356755459,0.0126785386534158,0.0265965917255638,0.0114878477509744,-0.0120360149230432,-0.00150174177027436,-0.00232248347721509,-0.00784227601659138,-0.00311023286623857,-0.00455596602216746
policy_cf_sens_low_psi,"Lower psi: psi=8, ubar2=0.985",8,0.995,250,0.985,3,1.01313522991734,0.0178624007636771,0.0290935515348967,0.00583801076254797,-0.00626294509071218,-0.00200297205210838,-0.00426739344239202,-0.00607926278732029,-0.00132525797777705,-0.00245334960938426
policy_cf_sens_low_psi,"Lower psi: psi=8, ubar2=0.985",8,0.995,250,0.985,4,1.01432685255344,0.0190430585591425,0.0285334149470776,0.00279274626169577,-0.00312531681069848,-0.00236406407236353,-0.00652477267869589,-0.00475787346116607,-0.000444142655908197,-0.00125030209139909
policy_cf_sens_low_psi,"Lower psi: psi=8, ubar2=0.985",8,0.995,250,0.985,5,1.01328579803072,0.0180113984305749,0.0264308083572721,0.00120784287224607,-0.00147237312414264,-0.00260157083916381,-0.00896322420089213,-0.00378446458638171,-4.77749693654772e-05,-0.000575227262586742
policy_cf_sens_low_psi,"Lower psi: psi=8, ubar2=0.985",8,0.995,250,0.985,6,1.01106464769354,0.0158205348805777,0.0236206612632751,0.000421595744365738,-0.000636139820035644,-0.00273116676281311,-0.011470310358682,-0.00306934443516205,9.88025631178946e-05,-0.000205423683442341
policy_cf_sens_low_psi,"Lower psi: psi=8, ubar2=0.985",8,0.995,250,0.985,7,1.00826361630531,0.013090688765455,0.0205580223635955,5.85562036781919e-05,-0.000236013076656549,-0.00276806916326347,-0.0139516217629785,-0.00253876162208932,0.00012406294148315,-9.19488436668114e-06
policy_cf_sens_low_psi,"Lower psi: psi=8, ubar2=0.985",8,0.995,250,0.985,8,1.00523041089097,0.01021339005564,0.0174889906418002,-8.95068277325835e-05,-5.98635001052839e-05,-0.00272707904142237,-0.0163299102603256,-0.00213694544161103,9.6045322638405e-05,9.02265384958856e-05
policy_cf_sens_low_psi,"Lower psi: psi=8, ubar2=0.985",8,0.995,250,0.985,9,1.00217035035606,0.00747092109480575,0.0145462726507511,-0.000134843081963154,7.34598024539068e-06,-0.00262244579896995,-0.0185441083027875,-0.00182401922977726,4.92425072790015e-05,0.00013688607787099
policy_cf_sens_low_psi,"Lower psi: psi=8, ubar2=0.985",8,0.995,250,0.985,10,0.999207423794814,0.00509017566465544,0.0118014312199617,-0.000135733925343043,2.58068706152637e-05,-0.00246767117115591,-0.0205481767663729,-0.00157265584075872,3.02678019314939e-08,0.000155608156515052
policy_cf_sens_low_psi,"Lower psi: psi=8, ubar2=0.985",8,0.995,250,0.985,11,0.996418057228473,0.0032285722532634,0.00929275654825301,-0.000120871851108378,2.54757155137425e-05,-0.00227531441946345,-0.0223097867666775,-0.00136477130402723,-4.46553606483491e-05,0.000160098730022762
policy_cf_sens_low_psi,"Lower psi: psi=8, ubar2=0.985",8,0.995,250,0.985,12,0.993849680868819,0.00192307957339343,0.00703975161752934,-0.000103246225745248,2.01538146988867e-05,-0.00205682962321009,-0.0238088717207203,-0.00118874981121242,-8.25557888334272e-05,0.000157741995426619
policy_cf_sens_low_psi,"Lower psi: psi=8, ubar2=0.985",8,0.995,250,0.985,13,0.991530923426788,0.00108734236947802,0.00505049166431004,-8.78778794809118e-05,1.5371039406159e-05,-0.00182244794182054,-0.0250360978695223,-0.00103730883921982,-0.00011355593889617,0.000152398090461414
policy_cf_sens_low_psi,"Lower psi: psi=8, ubar2=0.985",8,0.995,250,0.985,14,0.989477287059788,0.000581518273357104,0.00332533967763904,-7.60088829347607e-05,1.26839987954902e-05,-0.00158110763561924,-0.0259913030584036,-0.000905948486963459,-0.000138391066675014,0.000146008015360577
policy_cf_sens_low_psi,"Lower psi: psi=8, ubar2=0.985",8,0.995,250,0.985,15,0.987694451197813,0.000281547746067929,0.00185889757713176,-6.72896135342042e-05,1.19384205976708e-05,-0.00134042919593994,-0.026681949677883,-0.000791874002993853,-0.000158025866925593,0.000139496960385399
policy_cf_sens_low_psi,"Lower psi: psi=8, ubar2=0.985",8,0.995,250,0.985,16,0.98618037493761,0.000102821049923187,0.00064116737939135,-6.08612761944533e-05,1.24019841014622e-05,-0.00110673021024163,-0.0271216311461773,-0.000693275999596343,-0.000173385093843348,0.00013327142928854
policy_cf_sens_low_psi,"Lower psi: psi=8, ubar2=0.985",8,0.995,250,0.985,17,0.984926812283681,-5.50519073489212e-06,-0.000341601878092179,-5.5847696379072e-05,1.32883983678111e-05,-0.000885073429333486,-0.0273286637968564,-0.000608868569814125,-0.00018525901504951,0.00012748537414331
policy_cf_sens_low_psi,"Lower psi: psi=8, ubar2=0.985",8,0.995,250,0.985,18,0.983920545615115,-7.24184208324774e-05,-0.00110617102751298,-5.15441674904145e-05,1.39660046834522e-05,-0.000679341239358047,-0.0273247884412928,-0.000537606664434809,-0.000194289320941454,0.00012217772652301
policy_cf_sens_low_psi,"Lower psi: psi=8, ubar2=0.985",8,0.995,250,0.985,19,0.983144476175462,-0.000114238454555218,-0.00167159556497432,-4.74603771225615e-05,1.40120238418528e-05,-0.000492329978489539,-0.0271339987087496,-0.000478524129304825,-0.000200987124444274,0.000117340154609957
policy_cf_sens_low_psi,"Lower psi: psi=8, ubar2=0.985",8,0.995,250,0.985,20,0.98257862463534,-0.000140222146673559,-0.00205852553154551,-4.3300221981674e-05,1.3198193656333e-05,-0.000325858048842539,-0.0267815067898738,-0.000430650405232491,-0.00020575973570014,0.00011294819684049
policy_cf_sens_low_psi,"Lower psi: psi=8, ubar2=0.985",8,0.995,250,0.985,21,0.982201053874655,-0.000155704323532994,-0.0022885331654573,-3.89201484009647e-05,1.14514760075346e-05,-0.00018088242419631,-0.0262928515443228,-0.000392976671524492,-0.000208936067930376,0.000108974019403352
policy_cf_sens_low_psi,"Lower psi: psi=8, ubar2=0.985",8,0.995,250,0.985,22,0.981988709292217,-0.000163814325292627,-0.00238348775937591,-3.42854578946842e-05,8.81065909155709e-06,-5.76188646768255e-05,-0.0256931491203911,-0.000364451601374216,-0.000210787127541523,0.000105390548909456
policy_cf_sens_low_psi,"Lower psi: psi=8, ubar2=0.985",8,0.995,250,0.985,23,0.981918167395412,-0.000166418116819147,-0.00236499535607304,-2.94324973194836e-05,5.38769414371032e-06,4.43381273755872e-05,-0.025006482265006,-0.000343993571445211,-0.000211541104435664,0.0001021719892349
policy_cf_sens_low_psi,"Lower psi: psi=8, ubar2=0.985",8,0.995,250,0.985,24,0.981966284633212,-0.00016464684753704,-0.00225391588132606,-2.44389945226881e-05,1.33662349352526e-06,0.000125898870280111,-0.0242554213381005,-0.000330510799405603,-0.000211393815430783,9.92931522159068e-05
policy_cf_sens_low_psi,"Lower psi: psi=8, ubar2=0.985",8,0.995,250,0.985,25,0.982110741921401,-0.000159204240845984,-0.00206996466318965,-1.94022584373826e-05,-3.16980556057389e-06,0.000188368175016551,-0.0234606676296316,-0.000322924036964878,-0.000210515599986971,9.67286753461583e-05
policy_cf_sens_low_psi,"Lower psi: psi=8, ubar2=0.985",8,0.995,250,0.985,26,0.982330484287453,-0.000150554194390012,-0.00183140019403938,-1.44240076618892e-05,-7.95684932204666e-06,0.000233343095895761,-0.0226408078429952,-0.000320188560897439,-0.000209055718725648,9.44525187684953e-05
policy_cf_sens_low_psi,"Lower psi: psi=8, ubar2=0.985",8,0.995,250,0.985,27,0.982606058693305,-0.000139041702421749,-0.00155479588309548,-9.60039388489195e-06,-1.2859102483484e-05,0.000262620165243671,-0.0218121674816762,-0.000321313604114137,-0.000207145112544493,9.24378157955985e-05
policy_cf_sens_low_psi,"Lower psi: psi=8, ubar2=0.985",8,0.995,250,0.985,28,0.982919856039603,-0.00012497437504452,-0.00125489048775962,-5.01591185983648e-06,-1.77277014793836e-05,0.000278113014649445,-0.0209887502799848,-0.000325378283321132,-0.000204898162156963,9.06570206744561e-05
policy_cf_sens_low_psi,"Lower psi: psi=8, ubar2=0.985",8,0.995,250,0.985,29,0.983256265533839,-0.000108677797116034,-0.000944509808428307,-7.40119952689217e-07,-2.24344476049548e-05,0.000281780846231483,-0.0201822506767533,-0.000331543668816048,-0.000202413894275333,8.90822585211115e-05
policy_cf_sens_low_psi,"Lower psi: psi=8, ubar2=0.985",8,0.995,250,0.985,30,0.983601751058483,-9.05304556573255e-05,-0.000634550933772959,3.17366469824477e-06,-2.68736870970565e-05,0.000275567842287189,-0.019402126567547,-0.000339061014087094,-0.000199776926923079,8.76857846530132e-05
policy_cf_sens_low_psi,"Lower psi: psi=8, ubar2=0.985",8,0.995,250,0.985,31,0.983944859996569,-7.09803818664077e-05,-0.000334019674760211,6.68832398014602e-06,-3.09625929185292e-05,0.000261353289299743,-0.0186557201140589,-0.000347276390881612,-0.000197058332466971,8.64404781983907e-05
policy_cf_sens_low_psi,"Lower psi: psi=8, ubar2=0.985",8,0.995,250,0.985,32,0.984276175268618,-5.05446391420538e-05,-5.01116822705372e-05,9.7820106833655e-06,-3.46403357838199e-05,0.000240911939936361,-0.0179484151712712,-0.000355632107651105,-0.000194316516888726,8.53203156996329e-05
policy_cf_sens_low_psi,"Lower psi: psi=8, ubar2=0.985",8,0.995,250,0.985,33,0.984588221212045,-2.97934209032714e-05,0.000211672018386344,1.24466687237371e-05,-3.78665098900582e-05,0.000215883940691705,-0.0172838208512971,-0.000363665357726251,-0.000191598160104278,8.43007892743497e-05
policy_cf_sens_low_psi,"Lower psi: psi=8, ubar2=0.985",8,0.995,250,0.985,34,0.984875333488031,-9.32197683831061e-06,0.000447383825304404,1.46862418775647e-05,-4.06190865273326e-05,0.000187753508705576,-0.0166639718213091,-0.000371004569411304,-0.000188939227904417,8.33592490319113e-05
policy_cf_sens_low_psi,"Lower psi: psi=8, ubar2=0.985",8,0.995,250,0.985,35,0.985133502515527,1.02849218377807e-05,0.000654470727116996,1.65147423829247e-05,-4.28920997419951e-05,0.000157835443946208,-0.0160895370818306,-0.000377363927535734,-0.000186366045677455,8.2475160768869e-05
policy_cf_sens_low_psi,"Lower psi: psi=8, ubar2=0.985",8,0.995,250,0.985,36,0.985360199079372,2.84903794405967e-05,0.000831605037609373,1.79543006639336e-05,-4.46932166222602e-05,0.000127268506973185,-0.0155600301478112,-0.000382536514432763,-0.0001838964131613,8.16302779913514e-05
policy_cf_sens_low_psi,"Lower psi: psi=8, ubar2=0.985",8,0.995,250,0.985,37,0.985554189800235,4.48391110959069e-05,0.000978510985727876,1.903328085558e-05,-4.60413058279846e-05,9.70146722915483e-05,-0.015074014721824,-0.000386386484431789,-0.000181540734865093,8.08087326911178e-05
policy_cf_sens_low_psi,"Lower psi: psi=8, ubar2=0.985",8,0.995,250,0.985,38,0.985715349138635,5.89830407674316e-05,0.00109579251118086,1.97845198716528e-05,-4.69640881494149e-05,6.78632772990184e-05,-0.0146293010764795,-0.000388840644436228,-0.000179303140252829,7.99970527010085e-05
policy_cf_sens_low_psi,"Lower psi: psi=8, ubar2=0.985",8,0.995,250,0.985,39,0.985844473574911,7.06960233084568e-05,0.00118476668534173,2.02437276931779e-05,-4.74959296164895e-05,4.04391215806793e-05,-0.0142231294279869,-0.000389879767400014,-0.000177182569688794,7.91841153828798e-05
policy_cf_sens_low_psi,"Lower psi: psi=8, ubar2=0.985",8,0.995,250,0.985,40,0.985943102595063,7.98769332381563e-05,0.0012473062808589,2.04480714273286e-05,-4.76758192331089e-05,1.52136256534041e-05,-0.0138523375666342,-0.00038952991803054,-0.000175173805458173,7.83610482724129e-05
policy_cf_sens_ubar098,"Lower ubar2: psi=20, ubar2=0.980",20,0.995,250,0.98,1,0.99014501744162,0.000947487970450207,0.0183339881212801,0.00833819299123816,-0.00904209835379993,-0.000778432615990518,-0.000778432615990532,-0.0100703223834706,-0.0065345217794659,-0.00815410783749104
policy_cf_sens_ubar098,"Lower ubar2: psi=20, ubar2=0.980",20,0.995,250,0.98,2,1.00274585115603,0.00819173811923251,0.0266637355431966,0.0114732422626957,-0.0120156862160806,-0.00137601400969758,-0.00213498581028837,-0.00776039759900404,-0.00311443303994419,-0.00454054744568033
policy_cf_sens_ubar098,"Lower ubar2: psi=20, ubar2=0.980",20,0.995,250,0.98,3,1.00813923232973,0.0131933049959547,0.029289192144726,0.00582808927467988,-0.00624522087879625,-0.0018270008990026,-0.00390861206403414,-0.00596763422073998,-0.00133042277859263,-0.0024405540656014
policy_cf_sens_ubar098,"Lower ubar2: psi=20, ubar2=0.980",20,0.995,250,0.98,4,1.00950686953408,0.014518910291446,0.0289100735683476,0.00278910151110922,-0.00311275691574471,-0.00215457148220889,-0.00596546824464195,-0.00463033021082571,-0.000449956262321916,-0.00124127815971053
policy_cf_sens_ubar098,"Lower ubar2: psi=20, ubar2=0.980",20,0.995,250,0.98,5,1.0086977032812,0.0137329169417644,0.0270243363516839,0.00121110033746141,-0.00146652538918837,-0.00237613472464654,-0.00819246626317316,-0.00365420232961988,-5.37846602558512e-05,-0.000570416971618082
policy_cf_sens_ubar098,"Lower ubar2: psi=20, ubar2=0.980",20,0.995,250,0.98,6,1.00674024708717,0.0118543222257884,0.024448976691872,0.000431588169157192,-0.000637607987103758,-0.00250615866653139,-0.0104938132731256,-0.00294739334923555,9.3115730480986e-05,-0.000204701002712748
policy_cf_sens_ubar098,"Lower ubar2: psi=20, ubar2=0.980",20,0.995,250,0.98,7,1.00421340997447,0.00950138987874569,0.0216221468826595,7.45698658267003e-05,-0.000244667602761373,-0.00255758324720853,-0.0127890511885056,-0.00243347918447012,0.000119198465225234,-1.2058417009575e-05
policy_cf_sens_ubar098,"Lower ubar2: psi=20, ubar2=0.980",20,0.995,250,0.98,8,1.00144677364206,0.00708157575877909,0.0187753185944483,-6.85077261311819e-05,-7.50672195615754e-05,-0.00254245095098819,-0.0150117758597812,-0.0020540346276855,9.24186488773238e-05,8.44801149781915e-05
policy_cf_sens_ubar098,"Lower ubar2: psi=20, ubar2=0.980",20,0.995,250,0.98,9,0.998630930622732,0.0048936483008888,0.0160294102638735,-0.000110042210280607,-1.34550741219402e-05,-0.00247212518681644,-0.0171086066501029,-0.00176679640980526,4.71488745678039e-05,0.00012903054582547
policy_cf_sens_ubar098,"Lower ubar2: psi=20, ubar2=0.980",20,0.995,250,0.98,10,0.995878567443512,0.00314296352908269,0.0134471985993843,-0.000108339499023323,5.25996203232237e-07,-0.00235730786819023,-0.0190381993520408,-0.00154241860970949,-3.66875581248038e-07,0.000146398800030312
policy_cf_sens_ubar098,"Lower ubar2: psi=20, ubar2=0.980",20,0.995,250,0.98,11,0.993258101307327,0.00190273672996882,0.0110611045783028,-9.20352778486216e-05,-3.11038004628672e-06,-0.00220797367170694,-0.0207702180399467,-0.00136118788028849,-4.33184070950388e-05,0.000150218334733276
policy_cf_sens_ubar098,"Lower ubar2: psi=20, ubar2=0.980",20,0.995,250,0.98,12,0.990812004877791,0.00111036748760733,0.00888744604500324,-7.40121639609629e-05,-1.05817706161221e-05,-0.00203328356858826,-0.022284246157537,-0.0012102311449611,-7.95562757222035e-05,0.000147772659094159
policy_cf_sens_ubar098,"Lower ubar2: psi=20, ubar2=0.980",20,0.995,250,0.98,13,0.988566682511868,0.000637043738054707,0.00693348040253439,-5.91565231879438e-05,-1.64284565118411e-05,-0.00184150876186329,-0.0235686487654618,-0.00108134580784369,-0.000109052481213512,0.000142810718906317
policy_cf_sens_ubar098,"Lower ubar2: psi=20, ubar2=0.980",20,0.995,250,0.98,14,0.986537781052329,0.000362355188051811,0.00520076081157572,-4.8563435150837e-05,-1.91971757268761e-05,-0.00163997854220789,-0.0246194110885334,-0.000969407583366055,-0.00013260572501117,0.000137163170694787
policy_cf_sens_ubar098,"Lower ubar2: psi=20, ubar2=0.980",20,0.995,250,0.98,15,0.984733106540635,0.000202943589135043,0.00368671323107517,-4.17339157720593e-05,-1.91656080106989e-05,-0.00143505601764411,-0.0254389818289642,-0.000871250412499025,-0.000151221417403979,0.000131652489468337
policy_cf_sens_ubar098,"Lower ubar2: psi=20, ubar2=0.980",20,0.995,250,0.98,16,0.983154334632085,0.000108823090436112,0.00238542760613503,-3.76641368580524e-05,-1.71999684824564e-05,-0.0012321407342054,-0.0260351480174457,-0.000784905553281812,-0.000165844648556845,0.000126593744461667
policy_cf_sens_ubar098,"Lower ubar2: psi=20, ubar2=0.980",20,0.995,250,0.98,17,0.981798143188441,5.18291437801648e-05,0.00128815226391599,-3.5341588985752e-05,-1.42238690630514e-05,-0.00103569486418988,-0.0264199641811995,-0.000709101206189611,-0.000177268723507984,0.000122062336841644
policy_cf_sens_ubar098,"Lower ubar2: psi=20, ubar2=0.980",20,0.995,250,0.98,18,0.980657083500969,1.63753569375906e-05,0.000383711265818709,-3.39367307288004e-05,-1.10044399154463e-05,-0.000849288725143865,-0.0266087538018134,-0.000642944493320807,-0.000186124404254029,0.000118031843055366
policy_cf_sens_ubar098,"Lower ubar2: psi=20, ubar2=0.980",20,0.995,250,0.98,19,0.979720337384922,-6.21124035094753e-06,-0.000341073002491088,-3.28476416620749e-05,-8.09410883254036e-06,-0.000675661239163405,-0.0266191961959317,-0.000585727355342014,-0.000192901191009454,0.000114441304555291
policy_cf_sens_ubar098,"Lower ubar2: psi=20, ubar2=0.980",20,0.995,250,0.98,20,0.978974419331451,-2.08408033141027e-05,-0.000900935136642467,-3.16808004465104e-05,-5.84198467050434e-06,-0.00051679117483594,-0.0264705074658691,-0.000536814411356112,-0.00019797714674552,0.000111225447641194
policy_cf_sens_ubar098,"Lower ubar2: psi=20, ubar2=0.980",20,0.995,250,0.98,21,0.978403839934348,-3.03564395497704e-05,-0.00131171044992284,-3.02098210775842e-05,-4.43096896257655e-06,-0.00037397542781982,-0.0261827202070419,-0.000495583556933021,-0.00020164702298997,0.000108326292304062
policy_cf_sens_ubar098,"Lower ubar2: psi=20, ubar2=0.980",20,0.995,250,0.98,22,0.977991728120395,-3.6444243878279e-05,-0.00158988601053744,-2.8331713649507e-05,-3.91964084262009e-06,-0.000247911080177479,-0.0257760632820441,-0.000461399435653376,-0.000204145095234476,0.00010569603316779
policy_cf_sens_ubar098,"Lower ubar2: psi=20, ubar2=0.980",20,0.995,250,0.98,23,0.977720403525297,-4.01276946555553e-05,-0.00175217736962296,-2.60286768979327e-05,-4.2799841819402e-06,-0.000138778475086213,-0.0252704401750785,-0.000433606567472156,-0.000205662213198732,0.000103296282660592
policy_cf_sens_ubar098,"Lower ubar2: psi=20, ubar2=0.980",20,0.995,250,0.98,24,0.977571890164688,-4.20418851153151e-05,-0.00181514541564665,-2.33377502161219e-05,-5.42802695267797e-06,-4.63230228033712e-05,-0.0246850021935057,-0.000411533517299278,-0.000206357829272585,0.000101096155848968
policy_cf_sens_ubar098,"Lower ubar2: psi=20, ubar2=0.980",20,0.995,250,0.98,25,0.977528364869246,-4.2589716665911e-05,-0.00179486299573961,-2.03281004151675e-05,-7.24723320007226e-06,3.00660988171719e-05,-0.0240378110398503,-0.00039450260518914,-0.00020636812752417,9.90703007599514e-05
policy_cf_sens_ubar098,"Lower ubar2: psi=20, ubar2=0.980",20,0.995,250,0.98,26,0.977572537004824,-4.20336991874983e-05,-0.0017066364931777,-1.70847583401065e-05,-9.60559339484301e-06,9.1281777107724e-05,-0.0233455839867469,-0.000381841737248534,-0.000205811334365036,9.71972855914327e-05
policy_cf_sens_ubar098,"Lower ubar2: psi=20, ubar2=0.980",20,0.995,250,0.98,27,0.977687958936475,-4.05518825418808e-05,-0.00156478388372683,-1.36974197298984e-05,-1.2367655029058e-05,0.000138430390928021,-0.0226235139961499,-0.000372896300742442,-0.000204791103246338,9.54584289725169e-05
policy_cf_sens_ubar098,"Lower ubar2: psi=20, ubar2=0.980",20,0.995,250,0.98,28,0.977859269168482,-3.82732768003986e-05,-0.00138246799406661,-1.02530474747724e-05,-1.54026743506147e-05,0.000172769565081943,-0.0218851565811642,-0.000367039950970205,-0.000203398649500142,9.38370242538067e-05
policy_cf_sens_ubar098,"Lower ubar2: psi=20, ubar2=0.980",20,0.995,250,0.98,29,0.978072372001598,-3.53010853355191e-05,-0.00117158167902032,-6.83124179349029e-06,-1.85898802819578e-05,0.000195652702863286,-0.0211423749637722,-0.000363683682871319,-0.000201714118022278,9.23178667164848e-05
policy_cf_sens_ubar098,"Lower ubar2: psi=20, ubar2=0.980",20,0.995,250,0.98,30,0.978314558911892,-3.17282408314e-05,-0.00094268029286193,-3.50158122721517e-06,-2.18216300994362e-05,0.000208480502320696,-0.0204053350873572,-0.000362282936609559,-0.000199807511899519,9.08869923197386e-05
policy_cf_sens_ubar098,"Lower ubar2: psi=20, ubar2=0.980",20,0.995,250,0.98,31,0.97857457774043,-2.76476219502756e-05,-0.000704956019415448,-3.22341397403919e-07,-2.50050477954011e-05,0.000212659455600672,-0.0196825422545723,-0.000362342706660024,-0.000197739394570462,8.95315521391993e-05
policy_cf_sens_ubar098,"Lower ubar2: psi=20, ubar2=0.980",20,0.995,250,0.98,32,0.978842656270441,-2.31581882681812e-05,-0.000466248225540089,2.65983997274968e-06,-2.80625837409398e-05,0.000209567160573368,-0.0189809115376347,-0.0003634207562212,-0.000195561495851537,8.82397656292166e-05
policy_cf_sens_ubar098,"Lower ubar2: psi=20, ubar2=0.980",20,0.995,250,0.98,33,0.979110486937791,-1.83677119078949e-05,-0.000233083912045906,5.40966165496655e-06,-3.0931817932206e-05,0.000200524137412339,-0.018305864611782,-0.000365129114370921,-0.000193317295860251,8.70009130851113e-05
policy_cf_sens_ubar098,"Lower ubar2: psi=20, ubar2=0.980",20,0.995,250,0.98,34,0.979371179342011,-1.3392584639288e-05,-1.07424736850437e-05,7.9024422729862e-06,-3.35647430950992e-05,0.00018677173718161,-0.0176614462593054,-0.000367134072455033,-0.000191042623753912,8.5805341451417e-05
policy_cf_sens_ubar098,"Lower ubar2: psi=20, ubar2=0.980",20,0.995,250,0.98,35,0.979619186959267,-8.35519327692574e-06,0.000196660718989827,1.0123146017723e-05,-3.59267014661407e-05,0.000169455651901795,-0.0170504544509216,-0.000369154911762037,-0.000188766284730968,8.46444678239688e-05
policy_cf_sens_ubar098,"Lower ubar2: psi=20, ubar2=0.980",20,0.995,250,0.98,36,0.97985021405589,-3.37947157465763e-06,0.000386076989228878,1.20652632277091e-05,-3.79951040071491e-05,0.000149614483027985,-0.0164745786066209,-0.000370961594965968,-0.000186510714680455,8.35107721592898e-05
policy_cf_sens_ubar098,"Lower ubar2: psi=20, ubar2=0.980",20,0.995,250,0.98,37,0.980061108303239,1.4146380678213e-06,0.000555417861767493,1.37296263698749e-05,-3.97580281926574e-05,0.000128172794737549,-0.0159345413467173,-0.000372371644574487,-0.000184292654116236,8.23977754984551e-05
policy_cf_sens_ubar098,"Lower ubar2: psi=20, ubar2=0.980",20,0.995,250,0.98,38,0.980249744036041,5.91701312495213e-06,0.000703443466957832,1.51232191281502e-05,-4.12127666095802e-05,0.0001059380668747,-0.0154302397461752,-0.000373246416280559,-0.000182123829398861,8.13000030646105e-05
policy_cf_sens_ubar098,"Lower ubar2: psi=20, ubar2=0.980",20,0.995,250,0.98,39,0.980414900504841,1.00326998240985e-05,0.000829649354423312,1.62580197871423e-05,-4.2364380759205e-05,8.36009668838261e-05,-0.0149608827856369,-0.000373486956103175,-0.000180011628229004,8.02129334305235e-05
policy_cf_sens_ubar098,"Lower ubar2: psi=20, ubar2=0.980",20,0.995,250,0.98,40,0.980556138871438,1.36861446911779e-05,0.000934154686058397,1.71499079203007e-05,-4.32243008037375e-05,6.17383777638952e-05,-0.0145251223382319,-0.000373029609170628,-0.000177959756950119,7.9132935950188e-05
