period,binding,debt_balance,cap_multiplier,cap_slack
1,0,4.00474051850073,0,0.00325948149926525
2,1,4.008,0.490137272942762,0
3,0,4.00458542484918,2.51179882867737e-17,0.00341457515082055
4,0,3.99847290663625,5.35925126311994e-17,0.00952709336374813
5,0,3.99180722162331,7.92741843659154e-17,0.0161927783766944
6,0,3.98566863941074,1.00972474673214e-16,0.0223313605892552
7,0,3.98053369989206,1.18105399643389e-16,0.0274663001079412
8,0,3.97654808606488,1.30542869370858e-16,0.0314519139351237
9,0,3.97368541662631,1.38468687774277e-16,0.0343145833736949
10,0,3.97183763977796,1.42267955943697e-16,0.0361623602220438
11,0,3.97086500272409,1.42440245071565e-16,0.0371349972759059
12,0,3.97062253410118,1.39535807131551e-16,0.0373774658988153
13,0,3.97097316426834,1.34110907156734e-16,0.0370268357316634
14,0,3.97179344810406,1.26698222766662e-16,0.036206551895936
15,0,3.97297534368382,1.17788635176529e-16,0.03502465631618
16,0,3.97442600406639,1.07821321555441e-16,0.0335739959336134
17,0,3.97606666145132,9.71796803270352e-17,0.0319333385486762
18,0,3.97783117698649,8.6191192849364e-17,0.0301688230135122
19,0,3.97966454435132,7.51298109133432e-17,0.0283354556486768
20,0,3.98152147913751,6.42198515734368e-17,0.0264785208624878
21,0,3.98336514394262,5.36406851440885e-17,0.0246348560573755
22,0,3.98516601842199,4.35317311369886e-17,0.0228339815780116
23,0,3.98690090536049,3.39974445229358e-17,0.0210990946395051
24,0,3.98855205732011,2.51120943341425e-17,0.019447942679887
25,0,3.99010640757738,1.69242198822596e-17,0.0178935924226198
26,0,3.99155489065402,9.46070627812089e-18,0.0164451093459848
27,0,3.99289184010608,2.73045800630807e-18,0.0151081598939209
28,0,3.99411445358738,-3.27232724018581e-18,0.0138855464126202
29,0,3.99522231722026,-8.56526816590803e-18,0.0127776827797361
30,0,3.99621698290568,-1.31752687967435e-17,0.0117830170943152
31,0,3.99710159340734,-1.71363188570417e-17,0.0108984065926583
32,0,3.99788055091693,-2.04875965592646e-17,0.0101194490830743
33,0,3.99855922542308,-2.32718451293692e-17,0.00944077457691739
34,0,3.99914369963365,-2.55339956209246e-17,0.00885630036634755
35,0,3.99964054749539,-2.73200102366021e-17,0.0083594525046129
36,0,4.00005664356164,-2.86759222138814e-17,0.00794335643836064
37,0,4.00039900060909,-2.96470501898317e-17,0.00760099939091496
38,0,4.00067463302277,-3.02773667559097e-17,0.00732536697722885
39,0,4.00089044357074,-3.06090026100175e-17,0.00710955642926159
40,0,4.00105313128566,-3.06818692973797e-17,0.00694686871433614
