scenario,label,cap_threshold,horizon,u1,u2,u1_dev,u2_dev,debt_ratio1,debt_ratio2,ds1,ds2,fs1,fs2,ig1,ig2,kg1,kg2,xloc1,xloc2,c1,c2,pinf1,pinf2,u_gap,debt_ratio_gap,ds_gap,fs_gap,ig_gap,kg_gap,y_gap,c_gap,pinf_gap
policy_cf_baseline,基准模型,1,1,0.999646062104765,0.999673413762665,0.00164207008879658,0.00166942174669693,0.00152988865184228,0.0040403858681175,0.00270789336641262,0.00708018905423994,-0.00284649056336203,-0.00717356019365095,-0.000213923797003399,-0.000482517832889398,-0.000213923797003801,-0.000482517832889329,-0.00217106368639097,-0.00235809765349249,-0.00119323947562477,-0.0011740135656324,-0.00165379838360391,-0.00172876581438941,2.73516579003541e-05,0.00251049721627522,0.00437229568782732,-0.00432706963028892,-0.000268594035886,-0.000268594035885528,-0.000187033967101513,1.92259099923708e-05,-7.49674307854997e-05
policy_cf_baseline,基准模型,1,2,1.00227582632534,1.00233788188692,0.00427183430936906,0.0043338898709564,0.00244128340384514,0.00649291383517703,0.00446976012677124,0.0114552369863372,-0.00458542078083335,-0.0115398331274795,-0.00036938278241308,-0.000860644885448181,-0.000577958484491603,-0.00133109977251511,-0.00181177290382095,-0.00213648417680845,-0.000492832059498682,-0.000456683614638798,-0.000936091740171174,-0.00100207763950788,6.20555615873375e-05,0.00405163043133189,0.00698547685956592,-0.00695441234664612,-0.000491262103035101,-0.000753141288023507,-0.000324711272987499,3.61484448598848e-05,-6.59858993367068e-05
policy_cf_baseline,基准模型,1,3,1.00352929083238,1.00362293667512,0.00552529881641561,0.0056189446591477,0.0028081330771092,0.00753970875981747,0.00239878595897591,0.00622817493845033,-0.00249286061773046,-0.0063032186534074,-0.000483306320034474,-0.00115271906233742,-0.00104681584241373,-0.00245054134054001,-0.00147363785074373,-0.00189523667876268,-0.000126942874337788,-7.73595021875684e-05,-0.000505556129198226,-0.000557942829341074,9.36458427320819e-05,0.00473157568270827,0.00382938897947442,-0.00381035803567693,-0.000669412742302949,-0.00140372549812628,-0.000421598828018954,4.95833721502192e-05,-5.2386700142848e-05
policy_cf_baseline,基准模型,1,4,1.00398782234499,1.00410502035177,0.00598383032902317,0.00610102833580672,0.00287645475583176,0.00779884519482232,0.00122552545179527,0.00323847428347733,-0.00130128912833467,-0.00330470132464354,-0.000566171407322874,-0.00137250994859449,-0.00158681685367679,-0.00376178775562064,-0.00118680442680397,-0.00167257068251381,5.02847845327281e-05,0.000109467981747713,-0.000252242660666369,-0.000289675178627435,0.000117198006783559,0.00492239043899056,0.00201294883168206,-0.00200341219630887,-0.000806338541271615,-0.00217497090194385,-0.000485766255709841,5.91831972149848e-05,-3.74325179610668e-05
policy_cf_baseline,基准模型,1,5,1.00399834172671,1.00412948742535,0.00599434971073909,0.00612549540938279,0.00278801140125978,0.00763038384975978,0.000580475195005301,0.00157032787054616,-0.000641569782049684,-0.00162898272364648,-0.000624705109283016,-0.00153091869275357,-0.00217185154161825,-0.00519866175448414,-0.000957019638828105,-0.00148133430023767,0.000124565160235068,0.000189664726967576,-0.000106813425907459,-0.000129883076316117,0.000131145698643698,0.0048423724485,0.000989852675540859,-0.000987412941596794,-0.000906213583470553,-0.00302681021286588,-0.000524314661409564,6.50995667325072e-05,-2.3069650408658e-05
policy_cf_baseline,基准模型,1,6,1.00376523920908,1.00390106849343,0.00576124719311366,0.00589707647746684,0.00262280989042157,0.00724082491149547,0.000240030058804925,0.000669126635061301,-0.000289769490301142,-0.00072148750705206,-0.000663479446558632,-0.00163699058617156,-0.00278103469963664,-0.00670568579679287,-0.000779146157931176,-0.00132237916507283,0.000145251931043533,0.000213004244526194,-2.60230591316857e-05,-3.63668924520111e-05,0.000135829284353184,0.0046180150210739,0.000429096576256376,-0.000431718016750918,-0.000973511139612929,-0.00392465109715623,-0.000543233007141652,6.77523134826608e-05,-1.03438333203254e-05
policy_cf_baseline,基准模型,1,7,1.00340729491082,1.00353985398356,0.00540330289484747,0.00553586196758937,0.00242489424286396,0.00674662167761442,7.08518679653179e-05,0.000203575796128397,-0.000111977875581426,-0.000250760257443805,-0.000685834174561972,-0.00169850801303309,-0.00339734300670802,-0.00823655166490678,-0.000644220688923336,-0.00119164838526165,0.000140038083977667,0.000207716058278185,1.6776381921435e-05,1.70662520757592e-05,0.0001325590727419,0.00432172743475046,0.000132723928163079,-0.000138782381862379,-0.00101267383847112,-0.00483920865819876,-0.00054742769633831,6.76779743005174e-05,2.89870154324134e-07
policy_cf_baseline,基准模型,1,8,1.00299253419495,1.00311556688092,0.00498854217897704,0.00511157486495328,0.00221776919935956,0.00621225812205117,-5.20391895469929e-06,-2.11222509203732e-05,-2.94535376237914e-05,-2.17889877410782e-05,-0.000694397917307715,-0.00172233169510656,-0.00400680734884773,-0.00975296956839067,-0.00054289370273275,-0.00108372771109277,0.000123935170394107,0.000189370579898207,3.77845500729723e-05,4.65289643150069e-05,0.000123032685976243,0.00399448892269161,-1.59183319656739e-05,7.66454988271326e-06,-0.00102793377779885,-0.00574616221954294,-0.000540834008360025,6.54354095040999e-05,8.74441424203454e-06
policy_cf_baseline,基准模型,1,9,1.00255931202679,1.00266830269846,0.00455532001082326,0.00466431068248996,0.0020134759677094,0.0056727412485551,-3.29748238563111e-05,-0.000117377828919255,3.16810832215464e-06,7.80405787264293e-05,-0.000691373671662457,-0.001714594264587,-0.0045980108367889,-0.0112237395937678,-0.00046690899333568,-0.000993466267624865,0.000104686173120871,0.000166237235950439,4.66962240739388e-05,6.18424247267324e-05,0.000108990671666698,0.0036592652808457,-8.44030050629434e-05,7.48724704042747e-05,-0.00102322059292455,-0.00662572875697887,-0.000526557274289186,6.15510628295679e-05,1.51462006527936e-05
policy_cf_baseline,基准模型,1,10,1.00212889588735,1.00222092425008,0.00412490387138598,0.00421693223411412,0.00181783481241393,0.00514667115547751,-3.750033415479e-05,-0.000148576299619077,1.13539185730566e-05,0.000112283130815724,-0.000678689236172689,-0.00168080969027534,-0.00516174980204198,-0.0126239557941989,-0.000409572016232818,-0.000916587681513259,8.59793503180661e-05,0.000142470123427496,4.92050685612089e-05,6.89366141417569e-05,9.20283627281471e-05,0.00332883634306358,-0.000111075965464287,0.000100929212242667,-0.00100212045410265,-0.00746220599215697,-0.000507015665280441,5.649077310943e-05,1.9731545580548e-05
policy_cf_baseline,基准模型,1,11,1.00171286211857,1.00178636924173,0.00370887010259802,0.00378237722576391,0.00163340672748102,0.0046436944706163,-3.22607694766795e-05,-0.00014940869362965,8.91280695428098e-06,0.000115759799697482,-0.000658072531166842,-0.0016259366737703,-0.00569077858815792,-0.0139342935731142,-0.000365735488879304,-0.000849806249817564,6.93224166490314e-05,0.000119971069122315,4.85768456224278e-05,7.13569779859924e-05,7.35071231658946e-05,0.00301028774313528,-0.000117147924152971,0.000106846992743201,-0.000967864142603456,-0.00824351498495624,-0.00048407076093826,5.06486524732841e-05,2.27801323635646e-05
policy_cf_baseline,基准模型,1,12,1.00131736935215,1.00137189569176,0.00331337733618575,0.00336790367579698,0.00146112052624242,0.00416866207086319,-2.41350119159038e-05,-0.000138101174993147,2.96709712907517e-06,0.000106791607697346,-0.000631086905983042,-0.00155441838057081,-0.00617959602943774,-0.0151403546143571,-0.000331586006945495,-0.000790726316909129,5.51115594644713e-05,9.94579271366147e-05,4.66269815013742e-05,7.12014281629703e-05,5.45263396112272e-05,0.00270754154462077,-0.000113966163077243,0.000103824510568271,-0.000923331474587771,-0.0089607585849194,-0.000459140309963635,4.43463676721434e-05,2.4574446661596e-05
policy_cf_baseline,基准模型,1,13,1.00094557944711,1.00098150992223,0.00294158743113737,0.00297751790625989,0.0013011347271869,0.0037238881869186,-1.63379668303154e-05,-0.000123663611885136,-3.09291313878302e-06,9.44549296327674e-05,-0.000599146488912461,-0.00147021123467141,-0.00662425261761435,-0.0162320569836689,-0.000304376126098127,-0.00073766825076127,4.32240365491054e-05,8.10623242293307e-05,4.43206441833599e-05,6.96975463183591e-05,3.59304751225142e-05,0.0024227534597317,-0.00010732564505482,9.75478427715504e-05,-0.000871064745758945,-0.00960780436605457,-0.000433292124663143,3.78382876802252e-05,2.53769021349992e-05
policy_cf_baseline,基准模型,1,14,1.00059899848453,1.00061733303136,0.0025950064685627,0.00261334101539279,0.00115327173195373,0.00331033979575768,-1.01291531865617e-05,-0.000110112280844378,-7.88407912920286e-06,8.28112763906347e-05,-0.000563522678328932,-0.00137680970220477,-0.00702216898050256,-0.017203065261282,-0.000282169303680524,-0.000689489653296071,3.33340832342488e-05,6.4653596494102e-05,4.2136073739929e-05,6.75546765716017e-05,1.83345468300899e-05,0.00215706806380395,-9.99831276578163e-05,9.06953555198375e-05,-0.000813287023875842,-0.0101808962807795,-0.000407320349615548,3.13195132598532e-05,2.54186028316727e-05
policy_cf_baseline,基准模型,1,15,1.00027820114978,1.00028035873772,0.00227420913380882,0.00227636672174869,0.00101722082922934,0.00292823988547553,-5.78398753473333e-06,-9.88788439625146e-05,-1.10453496621893e-05,7.33224057410942e-05,-0.000525347636739795,-0.00127727056318586,-0.00737196239272997,-0.0180502591929361,-0.000263624111154437,-0.000645430455081697,2.50718010313955e-05,5.00067067100707e-05,4.02810885258287e-05,6.51765357180256e-05,2.15758793986609e-06,0.00191101905624619,-9.30948564277813e-05,8.43677554032835e-05,-0.000751922926446061,-0.0106782968002062,-0.00038180634392726,2.49349056786752e-05,2.48954471921969e-05
policy_cf_baseline,基准模型,1,16,0.999983211957449,0.999970869778092,0.00197921994148054,0.00196687776212423,0.000892621991497033,0.00257736105189266,-3.12967057220642e-06,-9.01487203868595e-05,-1.26909853243179e-05,6.61935506574285e-05,-0.00048561765846504,-0.00117423819951656,-0.00767328099137643,-0.0187732409126298,-0.000247823565467709,-0.000604990255921756,1.80955866042609e-05,3.68835782893484e-05,3.88196520244577e-05,6.27882625894305e-05,-1.23421793563061e-05,0.00168473906039562,-8.70190498146531e-05,7.88845359817464e-05,-0.000688620541051524,-0.0110999599212533,-0.000357166690454047,1.87879916850875e-05,2.39686105649728e-05
policy_cf_baseline,基准模型,1,17,0.999713701643692,0.999688667648836,0.00170970962772399,0.00168467563286756,0.000779092471935916,0.00225716350522132,-1.82881645939895e-06,-8.35788421279168e-05,-1.31186908214481e-05,6.10947983247234e-05,-0.000445197625836072,-0.00106997133573673,-0.00792664659242881,-0.0193738812255502,-0.000234146079241104,-0.000567836820539847,1.21189050091841e-05,2.50680357130051e-05,3.77441107080045e-05,6.05115327261263e-05,-2.50339948564271e-05,0.0014780710332854,-8.17500256685179e-05,7.42134891461715e-05,-0.000624773709900661,-0.0114472346331214,-0.000333690741298742,1.2949130703821e-05,2.27674220181218e-05
policy_cf_baseline,基准模型,1,18,0.999469088232914,0.999433203416257,0.0014650962169459,0.00142921140028884,0.000676229236485471,0.00196686053342043,-1.5203705669882e-06,-7.86635283311493e-05,-1.26626724589879e-05,5.75295445711527e-05,-0.000404826892618435,-0.000966371099604069,-0.00813330732023587,-0.0198559052945155,-0.000222171085375256,-0.000533740916387582,6.91443909561773e-06,1.43770985538971e-05,3.70151453850109e-05,5.84084970403076e-05,-3.58848166570613e-05,0.00129063129693496,-7.71431577641611e-05,7.01922170301406e-05,-0.000561544206985634,-0.0117225979742797,-0.000311569831012326,7.4626594582794e-06,2.13933516552967e-05
policy_cf_baseline,基准模型,1,19,0.999248591837907,0.999203657958765,0.00124459982193859,0.00119966594279697,0.000583603851097958,0.00170545413490109,-1.8822775425531e-06,-7.49064191662013e-05,-1.16266817552363e-05,5.5008189713629e-05,-0.000365126502230931,-0.00086501000391434,-0.00829510113946164,-0.0202245176660671,-0.000211611862417804,-0.00050253181525628,2.30820713287283e-06,4.66114030284182e-06,3.65829109543192e-05,5.65072241340836e-05,-4.49338791416176e-05,0.00112185028380313,-7.30241416236482e-05,6.66348714688653e-05,-0.00049988350168341,-0.0119294165266055,-0.000290919952838475,2.35293316996898e-06,1.99243131797644e-05
policy_cf_baseline,基准模型,1,20,0.999051268959498,0.998998997351029,0.0010472769435298,0.000995005335061361,0.000500757424194198,0.00147176126571824,-2.65309097267907e-06,-7.18895443572801e-05,-1.02594251294719e-05,5.31183588756423e-05,-0.000326607463794371,-0.000767161356929238,-0.00841433107476952,-0.0204860660813448,-0.000202268844005316,-0.00047406820476581,-1.82976971985216e-06,-4.20046839411103e-06,3.63974858159644e-05,5.48163041436123e-05,-5.22716084684349e-05,0.000971003841524043,-6.9236453384601e-05,6.33777840051142e-05,-0.000440553893134868,-0.0120717350065753,-0.000271799360760494,-2.37069867425888e-06,1.84188183276479e-05
policy_cf_baseline,基准模型,1,21,0.998876038982084,0.998818016382143,0.000872046966115647,0.000814024366174726,0.000427198455987265,0.0012644393137613,-3.63345613495214e-06,-6.92908226416072e-05,-8.7510556895376e-06,5.15431156258572e-05,-0.000289679755480082,-0.000673828607671789,-0.00849365255337986,-0.0206477430369825,-0.00019399789092156,-0.00044822015167334,-5.59504200237093e-06,-1.23049233075045e-05,3.64134444377218e-05,5.33331831487072e-05,-5.80225999409212e-05,0.000837240857774035,-6.56573665066551e-05,6.02941713153948e-05,-0.000384148852191707,-0.0121540904836026,-0.00025422226075178,-6.70988130513361e-06,1.69197387109854e-05
policy_cf_baseline,基准模型,1,22,0.998721708478993,0.998659376285882,0.000717716463024987,0.000655384269914072,0.000362404105950731,0.00108201346774206,-4.67886488800945e-06,-6.68780166554681e-05,-7.23907361625808e-06,5.00553276899796e-05,-0.000254661736171044,-0.00058577417812275,-0.00853597297571618,-0.0207173236391807,-0.000186689226570058,-0.000424858726424393,-9.05717093224734e-06,-1.97312517142834e-05,3.65913484505764e-05,5.20489184705486e-05,-6.23321931109144e-05,0.000719609361791329,-6.21991517674586e-05,5.72944013062376e-05,-0.000331112441951706,-0.0121813506634645,-0.000238169499854335,-1.0674080782036e-05,1.54575700199722e-05
policy_cf_baseline,基准模型,1,23,0.998586995292044,0.998521639168596,0.000583003276076299,0.000517647152628475,0.000305824363361129,0.000922905926825202,-5.68960663368048e-06,-6.44938239535223e-05,-5.81750532575864e-06,4.85029654340996e-05,-0.000221789686642049,-0.000503547400647342,-0.0085443633379656,-0.0207029379488493,-0.000180253810757036,-0.000403850763628144,-1.22666002884131e-05,-2.65447146866604e-05,3.68977379050506e-05,5.09509161827904e-05,-6.53561234478239e-05,0.000617081563464073,-5.88042173198418e-05,5.43204707598582e-05,-0.000281757714005293,-0.0121585746108837,-0.000223596952871108,-1.42781143982473e-05,1.40531782777398e-05
policy_cf_baseline,基准模型,1,24,0.998470552615142,0.998403299878256,0.000466560599174382,0.000399307862288034,0.00025688826417003,0.000785465865797974,-6.6007752241061e-06,-6.20393235088099e-05,-4.54635132687842e-06,4.67926245217576e-05,-0.000191227250935927,-0.000427511251162582,-0.00852198150545203,-0.02061287575129,-0.00017461479882086,-0.000385056938703721,-1.52599825372635e-05,-3.28002422170792e-05,3.73044867010286e-05,5.00245426415802e-05,-6.72527368863474e-05,0.000528577601627944,-5.54385482847038e-05,5.1338975848636e-05,-0.000236284000226655,-0.012090894245838,-0.00021044213988286,-1.75402596798158e-05,1.27200559405516e-05
policy_cf_baseline,基准模型,1,25,0.998370992606501,0.998302815311174,0.000367000590533295,0.000298823295205808,0.00021501128750534,0.000667998872004416,-7.37353558254855e-06,-5.94589604474768e-05,-3.45999182761736e-06,4.4874506014092e-05,-0.000163074597681043,-0.000357867638852177,-0.00847200656549685,-0.0204554214963606,-0.000169702407216255,-0.000368331884924689,-1.80641678426685e-05,-3.8544997471246e-05,3.77879706829898e-05,4.92541106056343e-05,-6.81772953274873e-05,0.000452987584499076,-5.20854248649283e-05,4.83344978417094e-05,-0.000194793041171135,-0.0119834149308637,-0.000198629477708434,-2.04808296285774e-05,1.14661399226446e-05
policy_cf_baseline,基准模型,1,26,0.998286908872188,0.998218630913891,0.000282916856219728,0.000214638897922947,0.000179603195540945,0.000568794737793032,-7.98800251743462e-06,-5.67281670561387e-05,-2.57412257145817e-06,4.27299864876746e-05,-0.000137377165423017,-0.000294681077822559,-0.00839758356678288,-0.0202387170367739,-0.000165451010094908,-0.000353525478642425,-2.06991162976511e-05,-4.38202339149152e-05,3.83282627016701e-05,4.86235156766934e-05,-6.82779582967807e-05,0.000389191542252088,-4.87401645387041e-05,4.53041090591327e-05,-0.000157303912399542,-0.011841133469991,-0.000188074468547517,-2.31211176172641e-05,1.02952529750233e-05
policy_cf_baseline,基准模型,1,27,0.99821689722442,0.998149204137269,0.000212905208451519,0.000145212121301141,0.000150075752616163,0.000486152784478389,-8.43768056782088e-06,-5.38437162143079e-05,-1.89122042190681e-06,4.03618973408848e-05,-0.000114133894123888,-0.000237900623358933,-0.00830177787173714,-0.0199706497342129,-0.000161797657908802,-0.00034048471134418,-2.31799818328771e-05,-4.86626130455914e-05,3.89084417335983e-05,4.81166720376347e-05,-6.76930871503778e-05,0.000336077031862225,-4.54060356464871e-05,4.22531177627916e-05,-0.000123766729235045,-0.0116688718624758,-0.000178687053435378,-2.54826312127143e-05,9.20823030403639e-06
policy_cf_baseline,基准模型,1,28,0.998159574271509,0.998093024694434,0.000155582255541353,8.90326784654949e-05,0.000125849926270571,0.000418404194211464,-8.72525001503408e-06,-5.08164809665396e-05,-1.40471860650415e-06,3.77872019106801e-05,-9.33048767121081e-05,-0.00018738000497498,-0.0081875383016552,-0.0196587634958334,-0.000158681470495692,-0.000329055772073983,-2.55185792242818e-05,-5.31051281630335e-05,3.95140377058567e-05,4.7717826580751e-05,-6.65495770758584e-05,0.000292554267940892,-4.20912309515055e-05,3.91919205171842e-05,-9.40751282628716e-05,-0.0114712251941782,-0.000170374301578291,-2.75865489387517e-05,8.20378887489426e-06
policy_cf_baseline,基准模型,1,29,0.998113593567076,0.998048631591677,0.000109601551108285,4.46395757085494e-05,0.000106362315024588,0.000363931085439528,-8.85944230143154e-06,-4.76661459116873e-05,-1.1021251306309e-06,3.50316253814875e-05,-7.48183904776961e-05,-0.000142895930468179,-0.00805766823459209,-0.0193101903389055,-0.000156043540470496,-0.000319086105226907,-2.7724402805851e-05,-5.71777497890835e-05,4.01326029420002e-05,4.7411793016261e-05,-6.49619753997355e-05,0.00025756877041494,-3.88067036102557e-05,3.61337505121184e-05,-6.80775399904826e-05,-0.0112525221043134,-0.00016304256475641,-2.94533469832325e-05,7.27919007426081e-06
policy_cf_baseline,基准模型,1,30,0.99807765919979,0.998014627008728,7.36671838216241e-05,1.06349927596616e-05,9.10706602002542e-05,0.000321182270855536,-8.85276274307373e-06,-4.4417425668096e-05,-9.67311316033004e-07,3.21257982502654e-05,-5.85772889498265e-05,-0.000104164570208981,-0.00791480381767684,-0.0189316001506414,-0.000153827109470317,-0.00031042630468503,-2.98053257681286e-05,-6.09078796841578e-05,4.07533891717549e-05,4.71841280358376e-05,-6.30321910619625e-05,0.000230111610655281,-3.55646629250223e-05,3.30931095662984e-05,-4.55872812591546e-05,-0.0110167963329646,-0.000156599195214713,-3.11025539160292e-05,6.43073886408274e-06
policy_cf_baseline,基准模型,1,31,0.998050536828889,0.997989687189507,4.654481292099e-05,-1.43048264610313e-05,7.94583834105023e-05,0.000288685785174714,-8.71985494311708e-06,-4.10974099869857e-05,-9.82166413684982e-07,2.91025358936797e-05,-4.44647514415697e-05,-7.08562595434364e-05,-0.00776139847367663,-0.0185291664064193,-0.000151977866190478,-0.000302931769193049,-3.17680756024563e-05,-6.43206762632742e-05,4.13671066608057e-05,4.7021261862179e-05,-6.08496393820213e-05,0.000209227401764212,-3.23775550438686e-05,3.00847023073647e-05,-2.63915081018667e-05,-0.0107677679327427,-0.000150953903002571,-3.25526006608179e-05,5.65415520137336e-06
policy_cf_baseline,基准模型,1,32,0.998031062263334,0.997972570564509,2.70702473659234e-05,-3.14214514591793e-05,7.10381517347591e-05,0.00026505837156976,-8.4763423542876e-06,-3.77337328055158e-05,-1.12777690891575e-06,2.59949528486902e-05,-3.2349400406903e-05,-4.2608480144285e-05,-0.00759971291224115,-0.0181085457264034,-0.000150444273268491,-0.00029646408564421,-3.36185549177914e-05,-6.74392953297076e-05,4.19657440633436e-05,4.69105908380563e-05,-5.84916988251027e-05,0.000194020219835001,-2.92573904512282e-05,2.7122729757606e-05,-1.02590797373819e-05,-0.0105088328141623,-0.000146019812375719,-3.38207404119162e-05,4.94484677471263e-06
policy_cf_baseline,基准模型,1,33,0.998018147746837,0.997962123363694,1.41557308689366e-05,-4.18686522735134e-05,6.53545138262213e-05,0.000249012179705854,-8.13802014678483e-06,-3.43533349749583e-05,-1.38525389019317e-06,2.28351818061662e-05,-2.2089806737971e-05,-1.90371990576033e-05,-0.00743180989617365,-0.0176748692823008,-0.000149177868617234,-0.000290892133599674,-3.53620568397384e-05,-7.02850759797258e-05,4.25424313215128e-05,4.68405375897429e-05,-5.60243831424501e-05,0.000183657665879633,-2.62153148281735e-05,2.42204356963593e-05,3.05260768036775e-06,-0.0102430593861271,-0.00014171426498244,-3.49230191399874e-05,4.29810626823013e-06
policy_cf_baseline,基准模型,1,34,0.998010786152086,0.997957282998264,6.7941361179269e-06,-4.6709017703872e-05,6.19856767063998e-05,0.000239358964007286,-7.72030205139704e-06,-3.09816506993688e-05,-1.73630194608143e-06,1.96535269650494e-05,-1.35384106509095e-05,2.53342320316596e-07,-0.00725955305941994,-0.0172327442079228,-0.000148133511985837,-0.000286092920841363,-3.70034094160365e-05,-7.2877691434603e-05,4.30913319169335e-05,4.68005833402785e-05,-5.35031538217989e-05,0.000177373287300886,-2.32613486479717e-05,2.13898289111308e-05,1.37917529712261e-05,-0.00997319114850281,-0.000137959408855526,-3.58742820185665e-05,3.70925142334499e-06
policy_cf_baseline,基准模型,1,35,0.998008053310191,0.997957079495121,4.06129422336754e-06,-4.69125208467647e-05,6.05445085424261e-05,0.000235012085716635,-7.23785176577965e-06,-2.76420947725106e-05,-2.16359916531406e-06,1.64779280634603e-05,-6.54489129049696e-06,1.56622874662032e-05,-0.00708460912422471,-0.0167862633152582,-0.000147269563635866,-0.000281952169437716,-3.85470727686243e-05,-7.52352775189591e-05,4.36075543677195e-05,4.67812765005959e-05,-5.09738150701322e-05,0.000174467577174209,-2.0404243006731e-05,1.86415272287743e-05,2.22071787567002e-05,-0.00970165419103353,-0.00013468260580185,-3.66882047503347e-05,3.17372213287648e-06
policy_cf_baseline,基准模型,1,36,0.998009108710309,0.997960635262979,5.11669434133388e-06,-4.33567529886103e-05,6.06788602872665e-05,0.000234986622503541,-6.70434751624469e-06,-2.43557629008087e-05,-2.65103945261413e-06,1.33336463964684e-05,-9.59021983507058e-07,2.75851639720548e-05,-0.00690845291810316,-0.0163390215684052,-0.000146547992075363,-0.000278364677022913,-3.99972051478015e-05,-7.73745467308462e-05,4.40870758535716e-05,4.67742213683398e-05,-4.84734473299442e-05,0.000174307762216275,-1.7651415384564e-05,1.59846858490825e-05,2.85441859555619e-05,-0.00943056865030201,-0.00013181668494755,-3.73773415830447e-05,2.68714551476812e-06
policy_cf_baseline,基准模型,1,37,0.998013194803213,0.997967163456979,9.2027872451439e-06,-3.68285589892325e-05,6.20713009979457e-05,0.000238397879497088,-6.13234250293124e-06,-2.11412829687688e-05,-3.18387462225345e-06,1.02431096078714e-05,3.36694952103589e-06,3.64081111566966e-05,-0.00673237464562959,-0.0158941379180382,-0.000145934413827931,-0.000275234480287878,-4.13577087420292e-05,-7.93108926883113e-05,4.45266731678995e-05,4.67720505015201e-05,-4.60313462343764e-05,0.000176326578499142,-1.50089404658375e-05,1.34269842301249e-05,3.30411616356607e-05,-0.00916176327240859,-0.000129300066459948,-3.79531839462821e-05,2.24537733362062e-06
policy_cf_baseline,基准模型,1,38,0.998019635134327,0.99797596519179,1.56431183586658e-05,-2.8026824178462e-05,6.44383596941633e-05,0.000244458579101936,-5.53319428595045e-06,-1.80147732862096e-05,-3.74878361865394e-06,7.22587020934862e-06,6.5763552226511e-06,4.25032233311584e-05,-0.00655748892426633,-0.0154542812467557,-0.000145398071606961,-0.000272474848114546,-4.26322624359488e-05,-8.10584877070086e-05,4.49238579476319e-05,4.67683840474908e-05,-4.36699425371279e-05,0.000180020219407773,-1.24815790002591e-05,1.09746538280026e-05,3.59268681085073e-05,-0.00889679232248941,-0.000127076776507584,-3.84262252710599e-05,1.84452609985897e-06
policy_cf_baseline,基准模型,1,39,0.998027831518675,0.997986425833354,2.38395027069016e-05,-1.75661826139484e-05,6.75293620712725e-05,0.000252474986354168,-4.91704362559631e-06,-1.49898765976555e-05,-4.33388886618424e-06,4.2986455506544e-06,8.80655452119294e-06,4.62248969414075e-05,-0.00638474514663834,-0.0150216993186456,-0.000144911758969246,-0.000270008131034172,-4.38243462208554e-05,-8.26303749880131e-05,4.52768143865967e-05,4.67577789977636e-05,-4.140568532085e-05,0.000184945624282895,-1.00728329720592e-05,8.63253441683864e-06,3.74183424202146e-05,-0.00863695417200727,-0.000125096372064926,-3.88060287671577e-05,1.48096461116687e-06
policy_cf_baseline,基准模型,1,40,0.998037260454119,0.997998010577997,3.32684381509907e-05,-5.98143797092554e-06,7.11249441832096e-05,0.000261842203683527,-4.29282862868946e-06,-1.20778474807307e-05,-4.92873445050168e-06,1.47541586945077e-06,1.01877348533813e-05,4.79070723981151e-05,-0.00621493878311874,-0.0145982497632815,-0.000144451700132997,-0.000267765492223848,-4.49372602815412e-05,-8.40385561350354e-05,4.55843385165355e-05,4.67356710078803e-05,-3.92498761219162e-05,0.000190717259500317,-7.78501885204119e-06,6.40415031995245e-06,3.77193375447338e-05,-0.00838331098016276,-0.000123313792090851,-3.91012958534942e-05,1.1513324913448e-06
policy_cf_strict_debt_cap,严格债务余额限额规则,1,1,1.0001066888576,0.999186756112958,0.00210269684163422,0.00118276409698981,0.00185624971464743,0.00816259919187479,0.00338008599798687,0.0118608562903977,-0.00354108757102757,-0.0121348989927021,-0.000170043994519614,-0.0073943804919671,-0.000170043994519808,-0.00739438049196739,-0.00252201831187171,-0.00692097641023792,-0.000894488339987509,-0.000689285906766979,-0.00206620802813562,-0.00286635216777109,-0.000919932744644414,0.00630634947722736,0.00848077029241086,-0.00859381142167454,-0.00722433649744748,-0.00722433649744758,-0.00439895809836621,0.00020520243322053,-0.000800144139635472
policy_cf_strict_debt_cap,严格债务余额限额规则,1,2,1.00279832699391,1,0.00479433497794535,0.00199600798403199,0.00283416269602327,0.0101337453020338,0.00446307351193564,0.0131821675494678,-0.00460769500320456,-0.0135010000326325,-0.000292460743070502,-0.010241518533367,-0.000458253637726891,-0.0174510395130349,-0.00226543158791481,-0.00805214689625267,-0.000197489083840319,0.00012373706436708,-0.00129020522654333,-0.0017426155325444,-0.00279832699391336,0.00729958260601055,0.00871909403753213,-0.00889330502942799,-0.00994905779029655,-0.0169927858753081,-0.00578671530833785,0.000321226148207399,-0.000452410306001072
policy_cf_strict_debt_cap,严格债务余额限额规则,1,3,1.00378343967808,0.999148060092111,0.00577944766211691,0.00114406807614265,0.00294986221219157,0.00698511181023864,0.00186340290649855,0.00486480106970951,-0.00196376039559264,-0.00509438850653988,-0.00038442774032979,-0.00850896365735926,-0.000831225037114081,-0.0255237271825681,-0.00157205560448004,-0.00579825414444057,8.18490233176483e-05,0.000412521750674077,-0.000748388183965387,-0.000785223151402059,-0.00463537958597426,0.00403524959804707,0.00300139816321096,-0.00313062811094725,-0.00812453591702947,-0.024692502145454,-0.00422619853996054,0.000330672727356429,-3.68349674366719e-05
policy_cf_strict_debt_cap,严格债务余额限额规则,1,4,1.00391234593921,0.997622980697668,0.00590835392324007,-0.000381011318300373,0.00281057247465361,0.00370465998439973,0.000591267769605216,0.000653484500111649,-0.000661396898080105,-0.000814693524332125,-0.000454734380248067,-0.00692721173725916,-0.00126517879143417,-0.0318128457402631,-0.00109854172769219,-0.00407135035658834,0.000158004252089783,0.000440619250735241,-0.00044404023587008,-0.00025664913436696,-0.00628936524154045,0.000894087509746122,6.22167305064335e-05,-0.00015329662625202,-0.00647247735701109,-0.0305476669488289,-0.00297280862889615,0.000282614998645458,0.00018739110150312
policy_cf_strict_debt_cap,严格债务余额限额规则,1,5,1.00364430301686,0.995959885634557,0.0056403110008898,-0.00204410638141073,0.00257843899717436,0.000722523426581523,2.78062692614239e-05,-0.00127558980674271,-7.82013881059362e-05,0.00116595977820497,-0.000507927801218874,-0.0054997252347412,-0.00174147712286743,-0.0365172498314976,-0.000789417209747789,-0.00276871755745833,0.000145209428450976,0.000353532172465698,-0.000272584661142217,1.71025088890886e-05,-0.00768441738230052,-0.00185591557059284,-0.00130339607600414,0.0012441611663109,-0.00499179743352232,-0.0347757727086302,-0.00197930034771054,0.000208322744014722,0.000289687170031305
policy_cf_strict_debt_cap,严格债务余额限额规则,1,6,1.00321741157033,0.994428303246194,0.00521341955435828,-0.00357568876977421,0.0023294068234801,-0.00178776918227652,-0.000175903938275122,-0.00198466760775805,0.000137843577332555,0.00191346275250871,-0.000546548789746956,-0.00422511946005182,-0.00224448898454277,-0.0398294380457616,-0.000596198691980132,-0.00179828588512365,0.000101273637231336,0.000228200141289658,-0.00017403685216244,0.000143350828710753,-0.00878910832413249,-0.00411717600575662,-0.00180876366948293,0.00177561917517616,-0.00367857067030486,-0.0375849490612188,-0.00120208719314352,0.000126926504058322,0.000317387680873193
policy_cf_strict_debt_cap,严格债务余额限额规则,1,7,1.00274817685435,0.993147130711592,0.00474418483838046,-0.00485686130437646,0.00209478075004221,-0.00378742526349318,-0.000210685947521654,-0.00207900831637855,0.000179994945772866,0.00203611589410158,-0.000572282150883105,-0.00309882362458416,-0.00276065891081245,-0.0419325257192016,-0.000480760945115399,-0.00108325250138264,5.3211573909473e-05,0.00010264947142602,-0.000114775935338707,0.000187374743090718,-0.00960104614275692,-0.0058822060135354,-0.0018683223688569,0.00185612094832871,-0.00252654147370106,-0.0391718668083891,-0.000602491556267237,4.94378975165466e-05,0.000302150678429425
policy_cf_strict_debt_cap,严格债务余额限额规则,1,8,1.0022886663442,0.992152716084051,0.00428467432823054,-0.00585127593191703,0.00188411849751852,-0.00530373187096234,-0.000176678576971696,-0.00189371497929072,0.000150179433938455,0.00187145300144397,-0.000586507815934181,-0.00211416082573876,-0.00327815025397626,-0.0429983734019599,-0.000415097335489056,-0.000562228522150265,1.19200809053366e-05,-6.51163468146088e-06,-7.64558127764881e-05,0.000188187604612811,-0.0101359502601476,-0.00718785036848085,-0.00171703640231903,0.00172127356750551,-0.00152765300980458,-0.0397202231479836,-0.000147131186661209,-1.84317155867975e-05,0.000264643417389299
policy_cf_strict_debt_cap,严格债务余额限额规则,1,9,1.00185850376919,0.991438477202172,0.00385451175322582,-0.00656551481379608,0.00169740373706945,-0.00639238228765804,-0.000123340735384996,-0.00160702081135938,9.91027437033942e-05,0.001599598078183,-0.000590533896544079,-0.00126307136038825,-0.00378673039417077,-0.0431864854272987,-0.000379677401341483,-0.000187461883791262,-1.9635981334698e-05,-9.39589233672766e-05,-4.93722555394704e-05,0.000168563938470312,-0.0104200265670219,-0.00808978602472749,-0.00148368007597438,0.0015004953344796,-0.000672537463844172,-0.039399755033128,0.00019221551755022,-7.43229420325786e-05,0.000217936194009782
policy_cf_strict_debt_cap,严格债务余额限额规则,1,10,1.00146220233363,0.99097745503442,0.00345821031766502,-0.00702653698154776,0.00153119992995226,-0.00711758068265533,-7.27569811243833e-05,-0.00130809141863118,4.96800880811638e-05,0.00131116179000887,-0.000585670373410313,-0.000536615058340267,-0.00427773250772656,-0.0426434383499563,-0.000361489305581997,7.75425424466292e-05,-4.2013246273287e-05,-0.000159917246996377,-2.85715376426854e-05,0.000141363721716026,-0.0104847472992128,-0.0086487806126076,-0.0012353344375068,0.00126148170192771,4.90553150700457e-05,-0.0383657058422298,0.000439031848028626,-0.00011790400072309,0.000169935259358711
policy_cf_strict_debt_cap,严格债务余额限额规则,1,11,1.00109814477789,0.990734781118786,0.00309415276191771,-0.00726921089718202,0.00138152279458365,-0.00754215521006751,-3.29139391463187e-05,-0.00103699344620791,1.04269119858003e-05,0.00104730303192654,-0.000573230161388147,7.46659780644643e-05,-0.00474401935642099,-0.0415026864131418,-0.000352249317862485,0.000260369639322855,-5.70260396934863e-05,-0.00020701459089234,-1.16191386542175e-05,0.000113487881925334,-0.0103633636590997,-0.00892367800465116,-0.00100407950706159,0.00103687611994074,0.000647896139452611,-0.0367586670567208,0.00061261895718534,-0.000149988551198854,0.000125107020579551
policy_cf_strict_debt_cap,严格债务余额限额规则,1,12,1.000762936613,0.990674284955385,0.0027589445970333,-0.00732970706058256,0.00124499589320076,-0.007723159759353,-5.05137275837522e-06,-0.000807828913952514,-1.70971870424586e-05,0.000822944336368855,-0.000554502916985097,0.000580475713458983,-0.00517992178949545,-0.0398846435393541,-0.000346947376626883,0.000381741535514735,-6.6668411812465e-05,-0.000238631294109171,2.64439142405593e-06,8.83287177475545e-05,-0.0100886516576159,-0.00896815565255377,-0.000802777541194139,0.000840041523411314,0.00113497863044408,-0.0347047217498586,0.000728688912141617,-0.000171962882296706,8.56843263234985e-05
policy_cf_strict_debt_cap,严格债务余额限额规则,1,13,1.00045329123545,0.99076176753202,0.002449299219484,-0.00724222448394796,0.00111916162687725,-0.00771037367693428,1.24198730097475e-05,-0.000621821697896069,-3.43003051282847e-05,0.000639924568668612,-0.000530723774415168,0.000990554735820104,-0.00558114751917316,-0.0378969727150498,-0.000342747275274613,0.000457189848592332,-7.26662450439841e-05,-0.000258092599728976,1.47728954593696e-05,6.72709012654593e-05,-0.00969152370343196,-0.00882953530381153,-0.000634241570905816,0.000674224873796897,0.00152127851023527,-0.0323158251958766,0.000799937123866945,-0.000185426354684992,5.24980058060898e-05
policy_cf_strict_debt_cap,严格债务余额限额规则,1,14,1.0001666676263,0.990966429167681,0.00216267561033057,-0.00703756284828738,0.00100241805256124,-0.00754624375225632,2.19417554210462e-05,-0.000474498619668619,-4.35316819439729e-05,0.000494231922393423,-0.000503046652138392,0.00131451575812076,-0.00594466548333195,-0.0356350326390524,-0.000338196633824173,0.000498366573917108,-7.63457552076519e-05,-0.000268322061031223,2.50580561467206e-05,5.0598226095655e-05,-0.00920023845861795,-0.00854866180481756,-0.000496440375089665,0.000537763604337396,0.00181756241025915,-0.0296903671557205,0.000836563207741281,-0.000191976305823571,2.55401699489344e-05
policy_cf_strict_debt_cap,严格债务余额限额规则,1,15,0.999901329681247,0.991261313294366,0.00189733766527911,-0.00674267872160172,0.000893823380108294,-0.00726647268378777,2.58975882601736e-05,-0.000359463887727091,-4.71355148421448e-05,0.000379817948851127,-0.000472525308348459,0.00156171352860696,-0.00626857415459625,-0.0331824432944687,-0.00033268271069864,0.000514043890632365,-7.86468664693007e-05,-0.000271735628077252,3.369384181795e-05,3.80316313977058e-05,-0.00864001638688083,-0.00816029606389607,-0.000385361475987264,0.000426953463693272,0.00203423883695542,-0.0269138691398725,0.000846726601331005,-0.000193088761607951,4.33778957975584e-06
policy_cf_strict_debt_cap,严格债务余额限额规则,1,16,0.999656178448195,0.991623254507581,0.0016521864322272,-0.00638073750838652,0.000792883523363652,-0.00690083593535462,2.62598961220314e-05,-0.000270253998227367,-4.70757839884373e-05,0.000290482082368315,-0.000440102240816795,0.00174114246493459,-0.00655196204154862,-0.0306117397471724,-0.000326071661198468,0.000510862329069717,-8.01916930157631e-05,-0.00027025269220049,4.08468773305248e-05,2.904074851795e-05,-0.00803292394061372,-0.00769371945871827,-0.000296513894349398,0.000337557866356752,0.00218124470575139,-0.0240597777056237,0.000836933990268185,-0.000190060999184727,-1.18061288125748e-05
policy_cf_strict_debt_cap,严格债务余额限额规则,1,17,0.999430530210696,0.992032600162506,0.0014265381947276,-0.00597139185346207,0.000699370666022381,-0.00647402049900103,2.45138423495897e-05,-0.000201144329312182,-4.48449987499044e-05,0.00022070011140575,-0.000406604253108983,0.00186135749634274,-0.00679476724361816,-0.0279850887571502,-0.000318478557536639,0.000493883272260742,-8.13641504908702e-05,-0.00026535677708539,4.66803987331232e-05,2.30180440086158e-05,-0.00739793004818967,-0.00717339116502341,-0.000225658171661772,0.000265545110155654,0.00226796174945172,-0.0211903215135321,0.000812361829797381,-0.00018399262659452,-2.36623547245074e-05
policy_cf_strict_debt_cap,严格债务余额限额规则,1,18,0.999223916650661,0.992472848549523,0.00121992463469278,-0.00553114346644512,0.000613186806085186,-0.0060063941888282,2.17022796081164e-05,-0.000147408218542949,-4.15002935169884e-05,0.000165899269619671,-0.000372743152964455,0.00193041480478331,-0.0069976412154924,-0.0253550467334378,-0.000310127116610492,0.000466993381784686,-8.23814886897756e-05,-0.00025817092169611,5.13575388467746e-05,1.93708943769799e-05,-0.0067510681011379,-0.00661958099491339,-0.000169110498151066,0.000207399563136659,0.00230315795774777,-0.0183574055179454,0.000777120498395178,-0.000175789433006335,-3.19866444697947e-05
policy_cf_strict_debt_cap,严格债务余额限额规则,1,19,0.999035933371784,0.992930275536757,0.00103194135581552,-0.00507371647921073,0.000534270585377195,-0.00551467408411177,1.85128098291257e-05,-0.00010530952707135,-3.77453248606441e-05,0.000122462462079281,-0.000339120117556463,0.00195582982691495,-0.00716182030266133,-0.0227653407381867,-0.000301268827234136,0.000433199123924588,-8.33512884238496e-05,-0.000249530906117124,5.50371290108931e-05,1.75656561578474e-05,-0.00610565783502626,-0.00604894466948896,-0.000123822336900475,0.000160207786939925,0.00229494994447141,-0.0156035204355254,0.000734467951158724,-0.000166179617693274,-3.74714728530456e-05
policy_cf_strict_debt_cap,严格债务余额限额规则,1,20,0.998866139150637,0.99339358261914,0.000862147134669256,-0.00461040939682822,0.000462539701447329,-0.00501249196978226,1.53686528269643e-05,-7.19813717149492e-05,-3.40183988432052e-05,8.7615475680064e-05,-0.00030623249418453,0.00194455026186871,-0.00728900728927862,-0.0202516569578632,-0.000292140008798625,0.000394840890955539,-8.43135397374795e-05,-0.000240049271602705,5.78682293770338e-05,1.71444723087166e-05,-0.00547255653149747,-0.00547503167122959,-8.73500245419136e-05,0.000121633874523269,0.00225078275605324,-0.0129626496685846,0.000686980899754164,-0.000155735731865225,-4.07237570683172e-05
policy_cf_strict_debt_cap,严格债务余额限额规则,1,21,0.998713998332265,0.993853578828,0.00071000631629714,-0.00415041318796783,0.000397859951665303,-0.00451086721640714,1.25073464923922e-05,-4.52702324591353e-05,-3.0569914273415e-05,5.92772602621416e-05,-0.000274482074287152,0.00190294206537441,-0.00738126418133422,-0.0178424234685419,-0.000282942121886176,0.000353748916453345,-8.52699223773401e-05,-0.000230168141388765,5.99858958463262e-05,1.77272721930688e-05,-0.00486041950426497,-0.00490872716807245,-5.77775789515275e-05,8.98471745355567e-05,0.00217742413966156,-0.0104611592872077,0.000636691038339521,-0.000144898219011425,-4.22586236532574e-05
policy_cf_strict_debt_cap,严格债务余额限额规则,1,22,0.998578855927323,0.994302898807881,0.000574863911355417,-0.00370109320808665,0.000340032816507851,-0.00401860154788258,1.00425985822689e-05,-2.35836032269204e-05,-2.75238219589052e-05,3.59120972517613e-05,-0.000244184125560917,0.00183678657661566,-0.00744091670236102,-0.0155595763052121,-0.000273835619349128,0.000311357374607191,-8.62031076614977e-05,-0.000220201261420416,6.1508847517544e-05,1.9006313816794e-05,-0.00427595711944206,-0.00435863436439043,-3.36262018091893e-05,6.34359192106665e-05,0.00208097070217658,-0.00811865960285107,0.000585192993956318,-0.000133998153758919,-4.25025337007501e-05
policy_cf_strict_debt_cap,严格债务余额限额规则,1,23,0.998459935400759,0.994735754830463,0.00045594338479138,-0.00326823718550517,0.000288795073142056,-0.0035426100359579,8.00986924977959e-06,-5.75718016436466e-06,-2.49232826138451e-05,1.64001222835858e-05,-0.000215576670800813,0.00175128706079028,-0.00747047045560301,-0.0134192998367917,-0.000264941127063767,0.000268788589235402,-8.70887662249853e-05,-0.000210366670695072,6.2538875670981e-05,2.0737496860157e-05,-0.00372418057029655,-0.00383140510909996,-1.37670494141443e-05,4.13234048974309e-05,0.00196686373159109,-0.00594882938118868,0.000533729716299169,-0.000123277904470087,-4.1801378810824e-05
policy_cf_strict_debt_cap,严格债务余额限额规则,1,24,0.998356350854154,0.995147718892244,0.000352358838185518,-0.00285627312372427,0.000243825577955881,-0.00308820083946293,6.39832020341707e-06,9.05383595054682e-06,-2.27629152257658e-05,-6.88818967281568e-08,-0.000188829660344045,0.00165108307772151,-0.0074725383545573,-0.0114327342631499,-0.000256344130888153,0.00022691593146118,-8.79025123263766e-05,-0.000200811673682244,6.31615457997725e-05,2.27307920901421e-05,-0.00320863196190979,-0.00333202641741881,2.65551574712974e-06,2.26940333290376e-05,0.00183991273806555,-0.00396019590859265,0.000483260062349333,-0.000112909161355867,-4.04307537096305e-05
policy_cf_strict_debt_cap,严格债务余额限额规则,1,25,0.998267127291639,0.99553553083268,0.000263135275671345,-0.00246846118328836,0.000204755788485667,-0.00265931390053509,5.17222551082649e-06,2.14601868490649e-05,-2.10105875750599e-05,-1.40790437703486e-05,-0.00016405380299718,0.00154027121349685,-0.00744977869868979,-0.00960664469307471,-0.000248100924740258,0.000186411521630792,-8.86234971885225e-05,-0.000191631706872752,6.34477123104826e-05,2.48410138781185e-05,-0.00273159645895971,-0.00286406968902075,1.62879613382384e-05,6.93154380471128e-06,0.00170432501649403,-0.00215686599438492,0.000434512446371049,-0.00010300820968423,-3.86066984323641e-05
policy_cf_strict_debt_cap,严格债务余额限额规则,1,26,0.998191224472401,0.995896928805892,0.000187232456433484,-0.00210706321007603,0.000171181728229886,-0.00225872659818649,4.28467992490134e-06,3.19038483321127e-05,-1.96215059904137e-05,-2.60522361316545e-05,-0.000141308905792406,0.0014224308405035,-0.0074048431370155,-0.00794404773524349,-0.000240244585519966,0.000147783063225937,-8.9235894467965e-05,-0.000182884473531431,6.34554413803112e-05,2.69595116153543e-05,-0.00229429566650952,-0.00242990832641637,2.76191684072113e-05,-6.43073014124085e-06,0.00156373974629591,-0.000539204598227983,0.000388027648745903,-9.36485790634656e-05,-3.6495929764957e-05
policy_cf_strict_debt_cap,严格债务余额限额规则,1,27,0.998127561330537,0.996230499028463,0.000123569314569139,-0.00177349298750518,0.000142675940926096,-0.00188823247239778,3.68592379377738e-06,4.0706853989117e-05,-1.85468844784847e-05,-3.62957511069045e-05,-0.000120611633514858,0.00130065370095747,-0.00734033369210518,-0.00644479284090504,-0.000232790365155999,0.000111402853402831,-8.9729139825856e-05,-0.000174600469422415,6.32320442432999e-05,2.90069884643085e-05,-0.00189706230207431,-0.00203090841332387,3.70209301953396e-05,-1.77488666284198e-05,0.00142126533447233,0.000895540851200138,0.00034419321855883,-8.48713295965586e-05,-3.42250557789914e-05
policy_cf_strict_debt_cap,严格债务余额限额规则,1,28,0.99807503906651,0.996535542312221,7.10470505422833e-05,-0.00146844970374749,0.000118798579212487,-0.0015487976255063,3.32805421633664e-06,4.81071612652081e-05,-1.77389475393974e-05,-4.50372428695833e-05,-0.000101942641226857,0.00117757623843122,-0.0072587679910292,-0.00510609678145091,-0.000225740259332641,7.75311023384351e-05,-9.00974973888635e-05,-0.000166790786098936,6.2816024884782e-05,3.09274581344887e-05,-0.00153949675428977,-0.00166759620471879,4.47791070488715e-05,-2.72982953301859e-05,0.00127951887965808,0.00215267120957829,0.000303271361671076,-7.66932887100724e-05,-3.18885667502933e-05
policy_cf_strict_debt_cap,严格债务余额限额规则,1,29,0.998032561825447,0.996811955394277,2.85698094786291e-05,-0.00119203662169065,9.91071799057996e-05,-0.00124069825691042,3.16740729887008e-06,5.42845846636941e-05,-1.71535492964475e-05,-5.24499039042531e-05,-8.52530621690689e-05,0.00105541372898034,-0.00716255185342263,-0.00392303063293475,-0.000219086717999972,4.63350497919013e-05,-9.03393170419431e-05,-0.000159452876135946,6.22388288276099e-05,3.26832522337117e-05,-0.00122060643116928,-0.00133980543681622,5.1117177364824e-05,-3.52963546078056e-05,0.00114066679114941,0.00323952122048787,0.000265421767791874,-6.91135590940029e-05,-2.95555765938982e-05
policy_cf_strict_debt_cap,严格债务余额限额规则,1,30,0.997999054437552,0.99706012547547,-4.93757841624198e-06,-0.000943866540497718,8.31649440942162e-05,-0.000963641935966431,3.16550722408507e-06,5.93792613927599e-05,-1.67513090656435e-05,-5.8670299049754e-05,-7.04703533385143e-05,0.00093599538637143,-0.00705395841042566,-0.00288895948073975,-0.000212815566821845,1.7904916315814e-05,-9.04562017488564e-05,-0.000152574800439287,6.15263405481237e-05,3.42509496766841e-05,-0.000938928962081476,-0.00104680688006065,5.62137541686748e-05,-4.19189899841105e-05,0.00100646573970994,0.00416499892968591,0.000230720483137659,-6.21185986904305e-05,-2.72753908714396e-05
policy_cf_strict_debt_cap,严格债务余额限额规则,1,31,0.997973477065877,0.997280836678478,-3.05149500905433e-05,-0.000723155337489567,7.05475058169758e-05,-0.000716874604161699,3.28918384386728e-06,6.3504589406925e-05,-1.64978722786424e-05,-6.38107686211642e-05,-5.75035145463504e-05,0.000820799733036073,-0.00693511296471083,-0.00199593576068491,-0.000206908252380233,-7.73258729835913e-06,-9.04522075578784e-05,-0.000146138348686042,6.07001182255651e-05,3.56180899998559e-05,-0.000692640387399024,-0.000787422109978675,6.02154055630577e-05,-4.73128963425218e-05,0.000878303247582424,0.00493917720402592,0.000199175665081874,-5.56861411281639e-05,-2.50820282257092e-05
policy_cf_strict_debt_cap,严格债务余额限额规则,1,32,0.997954836838888,0.997475187354522,-4.91551770801513e-05,-0.00052880466144567,6.08482698901125e-05,-0.000499274864236066,3.51024813542017e-06,6.67561283777887e-05,-1.63636939196493e-05,-6.79678710836656e-05,-4.62477058289917e-05,0.000710989638500456,-0.00680798284642226,-0.00123504772816752,-0.000201343533645315,-3.06026856842223e-05,-9.03331370867289e-05,-0.000140121324736175,5.97783799807239e-05,3.67805390797393e-05,-0.000479649484365519,-0.000560123134126178,6.32458802423685e-05,-5.16041771640163e-05,0.000757237344329448,0.00557293511825474,0.000170740847961093,-4.97881876494466e-05,-2.29978409009846e-05
policy_cf_strict_debt_cap,严格债务余额限额规则,1,33,0.997942196681238,0.997644517321128,-6.17953347298306e-05,-0.000359474694839657,5.36824506518485e-05,-0.00030943681315021,3.80496706925415e-06,6.92175893385674e-05,-1.63235933446498e-05,-7.12279768591007e-05,-3.65882940882994e-05,0.000607446529298325,-0.00667437156935069,-0.0005967250056651,-0.000196098734377315,-5.07725419727212e-05,-9.01059494387013e-05,-0.000134499213728878,5.87767696007546e-05,3.77403898561557e-05,-0.000297679360109826,-0.000363119263802059,6.54126222693133e-05,-5.49043835144508e-05,0.000644034823386624,0.00607764656368559,0.000145326192404593,-4.43932642901768e-05,-2.10363797445989e-05
policy_cf_strict_debt_cap,严格债务余额限额规则,1,34,0.997934681627148,0.997790344219973,-6.93103888198543e-05,-0.000213647795994865,4.86899655095518e-05,-0.000145742469909727,4.15348005939134e-06,7.09647522288345e-05,-1.63562289808988e-05,-7.36708423481058e-05,-2.84043636974568e-05,0.000510803368222137,-0.0065359166438137,-7.10035123008268e-05,-0.00019115065557429,-6.83425820938721e-05,-8.97782877525843e-05,-0.000129246391292748,5.77089355993099e-05,3.8504297286357e-05,-0.00014433740717501,-0.000194432435419278,6.68112721694432e-05,-5.7314613367207e-05,0.000539207731919594,0.00646491313151287,0.000122808073480418,-3.94681035401634e-05,-1.92046383129529e-05
policy_cf_strict_debt_cap,严格债务余额限额规则,1,35,0.99793148292929,0.997914308257332,-7.25090866782185e-05,-8.96837586359389e-05,4.55373414541271e-05,-6.42470941725204e-06,4.53923462839442e-06,7.20679304022087e-05,-1.64435757380454e-05,-7.5371775806285e-05,-2.15717281442651e-05,0.000421476085928546,-0.00639409045586348,0.000352247661434824,-0.000186476229407484,-8.34389528070467e-05,-8.93581142020761e-05,-0.000124336993444163,5.65869581625744e-05,3.90821632283433e-05,-1.71746719577204e-05,-5.19620508713792e-05,6.75286957738143e-05,-5.89282000682395e-05,0.000443047814072811,0.0067463381172983,0.000103037276600437,-3.49788792420869e-05,-1.75047949342311e-05
policy_cf_strict_debt_cap,严格债务余额限额规则,1,36,0.997931860278069,0.998018124641128,-7.2131737899328e-05,1.41326251595908e-05,4.3918786687136e-05,0.00011037848164408,4.94847860694342e-06,7.25934345321283e-05,-1.6570446573827e-05,-7.64028419104612e-05,-1.59654810111404e-05,0.000339693224342102,-0.00625020367547791,0.000683134694241083,-0.00018205297922802,-9.62069720547021e-05,-8.88534373124639e-05,-0.000119745534769677,5.54216561874377e-05,3.94861019941128e-05,8.62643630589188e-05,6.6459694956944e-05,6.76449559251849e-05,-5.98323953366342e-05,0.000355658705353243,0.00693333836971899,8.5846007173318e-05,-3.08920974572136e-05,-1.59355541933248e-05
policy_cf_strict_debt_cap,严格债务余额限额规则,1,37,0.997935142432344,0.998103543066139,-6.88495836242975e-05,9.95510501710095e-05,4.35565680377836e-05,0.000206577676854725,5.36982218977966e-06,7.26043636027074e-05,-1.67240747206004e-05,-7.68334283194894e-05,-1.14621249863028e-05,0.000265523619126545,-0.00610541070857717,0.000931579946011674,-0.000177859335530273,-0.000106805460959536,-8.82721152860588e-05,-0.000115447339642749,5.42228027182734e-05,3.9729630378682e-05,0.000168400633795307,0.000163021108816941,6.72345414129277e-05,-6.01093535988889e-05,0.000276985744112848,0.00703699065458885,7.10538745707368e-05,-2.71752243566903e-05,-1.44931723395914e-05
policy_cf_strict_debt_cap,严格债务余额限额规则,1,38,0.997940726540121,0.998172313628436,-6.32654758474516e-05,0.000168321612467937,4.42008209408096e-05,0.000284092907689715,5.79386981010982e-06,7.21609580274507e-05,-1.68937589448831e-05,-7.67304056962237e-05,-7.94131735676329e-06,0.000198902007990331,-0.00596071675821985,0.0011071924553514,-0.000173874845623812,-0.000115401867144982,-8.76217198995111e-05,-0.000111418834410237,5.29992725863959e-05,3.98270369854625e-05,0.000231587088315388,0.000239892086748905,6.63670882173409e-05,-5.98366467513406e-05,0.000206843325347095,0.00706790921357126,5.84729784788296e-05,-2.37971145107263e-05,-1.31722356009334e-05
policy_cf_strict_debt_cap,严格债务余额限额规则,1,39,0.997948076401175,0.998226158575534,-5.59156147933448e-05,0.000222166559565529,4.5628904232542e-05,0.000344821121382566,6.21291512654248e-06,7.13206815731865e-05,-1.70705669306631e-05,-7.61580448259136e-05,-5.28726968826443e-06,0.000139652503142212,-0.00581698610895209,0.00121916514711007,-0.000170080305159415,-0.000122168102555942,-8.69094473940901e-05,-0.000107637736114996,5.17591415840624e-05,3.97928947282189e-05,0.000278082174358874,0.000299192217150024,6.5107766446644e-05,-5.90874778952505e-05,0.000144939772830477,0.00703615125606216,4.79122026034728e-05,-2.07282887209059e-05,-1.19662468558435e-05
policy_cf_strict_debt_cap,严格债务余额限额规则,1,40,0.997956719895757,0.99826674932277,-4.72721202114945e-05,0.000262757306802364,4.76443979038899e-05,0.0003906095650279,6.62068977640845e-06,7.01381485952446e-05,-1.72470887647158e-05,-7.51778046529372e-05,-3.38983825096117e-06,8.75099102722182e-05,-0.00567495129447959,0.0012761959287042,-0.000166457832253664,-0.000127277027987427,-8.61420649601596e-05,-0.000104083164227498,5.05097523775255e-05,3.964168774373e-05,0.000310029427013858,0.00034296516712401,6.35174588188361e-05,-5.79307158882214e-05,9.08997485231794e-05,0.0069511472231838,3.91808042662367e-05,-1.79410992673379e-05,-1.08680646337955e-05
