scenario,label,rho_z,phi_z_ds,phi_z_b,horizon,z1,z2,b1,b2,debt_ratio1,debt_ratio2,ds1,ds2,fs1,fs2,ig1,ig2,kg1,kg2,y1,y2,c1,c2,pinf1,pinf2,z_gap,debt_ratio_gap,ds_gap,fs_gap,ig_gap,kg_gap,y_gap,c_gap,pinf_gap
policy_cf_no_transfer_stabilizer,No central transfer stabilizer,0,0,0,1,0,0,0.0069132757378077,0.0180291703895776,0.0128856748565726,0.035706513038981,0.00620467860637473,0.0179182290152575,-0.00750947114112366,-0.0191538574105492,-0.000596195403316027,-0.0011246870209716,-0.000596195403316457,-0.00112468702097157,-0.0170639974821855,-0.0176773426494033,-0.0109582443754574,-0.0109468555726141,-0.0173797366546381,-0.0175622732986109,0,0.0228208381824084,0.0117135504088828,-0.0116443862694255,-0.000528491617655572,-0.000528491617655114,-0.000613345167217894,1.13888028433484e-05,-0.00018253664397283
policy_cf_no_transfer_stabilizer,No central transfer stabilizer,0,0,0,2,0,0,0.0122362531825893,0.0320454577935254,0.0174946431566845,0.0481304285068004,0.00513228168317992,0.0148179475904367,-0.00628108434130116,-0.0159422707958495,-0.000958106896521399,-0.00192598339190206,-0.00153939741475462,-0.0030225532373489,-0.0150239713545578,-0.016084970713275,-0.00676135409766343,-0.00673034454841326,-0.0112637237607306,-0.0114230870092941,0,0.0306357853501159,0.00968566590725681,-0.00966118645454833,-0.00096787649538066,-0.00148315582259428,-0.00106099935871717,3.10095492501716e-05,-0.000159363248563471
policy_cf_no_transfer_stabilizer,No central transfer stabilizer,0,0,0,3,0,0,0.0154310357232777,0.0404504473261851,0.0196335148508845,0.0538311883149033,0.00344836757820003,0.00996351591680997,-0.00436648495182147,-0.0108988161960214,-0.0011717024111348,-0.00249382666336204,-0.00267261489052117,-0.0054408160697772,-0.0120070832217336,-0.0133807409887182,-0.00377978035700577,-0.00372818377157502,-0.00684497540943496,-0.00697031823835137,0,0.0341976734640188,0.00651514833860994,-0.00653233124419991,-0.00132212425222723,-0.00276820117925602,-0.00137365776698462,5.15965854307465e-05,-0.000125342828916408
policy_cf_no_transfer_stabilizer,No central transfer stabilizer,0,0,0,4,0,0,0.0168737084308523,0.0442072644157585,0.0200621069977648,0.0548959559850937,0.00204196875994442,0.00590321860209143,-0.00273853952910826,-0.00665034734612981,-0.00129586682153536,-0.00289353025655659,-0.00390166633979305,-0.0081983259245888,-0.00910971019117834,-0.0106886915693352,-0.00193024559288102,-0.0018609227301567,-0.00390144756919852,-0.00399037194076224,0,0.0348338489873289,0.00386124984214701,-0.00391180781702155,-0.00159766343502123,-0.00429665958479575,-0.00157898137815682,6.93228627243192e-05,-8.89243715637145e-05
policy_cf_no_transfer_stabilizer,No central transfer stabilizer,0,0,0,5,0,0,0.0171049698694501,0.0447567962179134,0.0194554987966555,0.0531735050585838,0.00108429644425251,0.00313009059290313,-0.0015978174826059,-0.00371841003913989,-0.00136655604400991,-0.0031688782369855,-0.00517068072530869,-0.0111622460134599,-0.00671579693487268,-0.00841670884067036,-0.000903057726573175,-0.000820555118366539,-0.00204999488865887,-0.00210479882527037,0,0.0337180062619282,0.00204579414865063,-0.00212059255653399,-0.00180232219297559,-0.00599156528815126,-0.00170091190579769,8.2502608206636e-05,-5.48039366115027e-05
policy_cf_no_transfer_stabilizer,No central transfer stabilizer,0,0,0,6,0,0,0.0165830197447949,0.0433271305491538,0.0182933419907376,0.0499732298093691,0.000508368084432542,0.00145421855179929,-0.000882022901222912,-0.00191877417685676,-0.00140397302587988,-0.00334843984561678,-0.00644538673305561,-0.0142316297087399,-0.0048866349884078,-0.00664609926021531,-0.000400930141808531,-0.000310201265132148,-0.000940031541347697,-0.000965303288749775,0,0.0316798878186315,0.000945850467366747,-0.00103675127563385,-0.0019444668197369,-0.00778624297568431,-0.00175946427180751,9.07288766763825e-05,-2.5271747402078e-05
policy_cf_no_transfer_stabilizer,No central transfer stabilizer,0,0,0,7,0,0,0.0156339919550283,0.040791733384274,0.01687823091925,0.0461176057789099,0.000197890325141701,0.000543497805052157,-0.000469719732332424,-0.000915770905768123,-0.00141874752210074,-0.00345116807064824,-0.00770299958683029,-0.0173270070366689,-0.003554968469205,-0.00532587239463589,-0.00020291097035563,-0.000108604510066668,-0.000305087832072504,-0.000306223958778773,0,0.0292393748596598,0.000345607479910456,-0.000446051173435699,-0.00203242054854751,-0.0096240074498386,-0.00177090392543089,9.43064602889621e-05,-1.13612670626928e-06
policy_cf_no_transfer_stabilizer,No central transfer stabilizer,0,0,0,8,0,0,0.0144692678773252,0.0377141044914437,0.0153851399015236,0.0420790338771118,5.14411806870011e-05,0.000107640103086518,-0.000251532125078974,-0.000412744258125139,-0.00141625620278385,-0.0034903731509557,-0.0089266807999433,-0.020384205011708,-0.00261677721199549,-0.00436492938566801,-0.000164279298171199,-7.03910297588095e-05,3.91957324130665e-05,5.68504554507854e-05,0,0.0266938939755882,5.61989223995165e-05,-0.000161212133046165,-0.00207411694817185,-0.0114575242117647,-0.00174815217367252,9.38882684123898e-05,1.76547230377189e-05
policy_cf_no_transfer_stabilizer,No central transfer stabilizer,0,0,0,9,0,0,0.0132175522041647,0.0344342740169967,0.0139073894767316,0.0381065248900769,-3.12389570391583e-06,-6.02987747765765e-05,-0.000147585141910267,-0.000196387851907412,-0.00139930081507245,-0.00347621832635508,-0.0101028145950171,-0.0233508182127702,-0.00197096363590532,-0.00367225087308021,-0.000198332092034903,-0.000108080873435501,0.000212883594122193,0.000244489482665422,0,0.0241991354133454,-5.71748790726607e-05,-4.8802709997145e-05,-0.00207691751128264,-0.0132480036177531,-0.00170128723717489,9.0251218599402e-05,3.16058885432291e-05
policy_cf_no_transfer_stabilizer,No central transfer stabilizer,0,0,0,10,0,0,0.0119535889374238,0.031146707237363,0.0124903384371856,0.0343183298176321,-1.16146592143841e-05,-9.21145079930269e-05,-0.000105649228612351,-0.000129578706708613,-0.00136961249535501,-0.0034171454863427,-0.0112198567254973,-0.0261841932437932,-0.00153356999931931,-0.00317162258026904,-0.000257242939713631,-0.000173076839578568,0.000290675273578733,0.000332094660574489,0,0.0218279913804465,-8.04998487786428e-05,-2.39294780962629e-05,-0.00204753299098769,-0.0149643365182959,-0.00163805258094973,8.41661001350635e-05,4.14193869957558e-05
policy_cf_no_transfer_stabilizer,No central transfer stabilizer,0,0,0,11,0,0,0.0107191499144453,0.0279573252281657,0.0111532676904247,0.030761984444182,-6.7205474077979e-07,-6.48105598025882e-05,-9.4169837442884e-05,-0.000131232286407837,-0.00132860886042317,-0.00332061429560543,-0.0122679691677829,-0.0288502027083037,-0.0012403365027982,-0.00280465921601625,-0.000317117711375325,-0.000240788706777129,0.000317249159728528,0.000365089846102951,0,0.0196087167537573,-6.41385050618084e-05,-3.70624489649529e-05,-0.00199200543518226,-0.0165822335405208,-0.00156432271321805,7.63290045981968e-05,4.7840686374423e-05
policy_cf_no_transfer_stabilizer,No central transfer stabilizer,0,0,0,12,0,0,0.00953684096381341,0.0249209978787006,0.00990242808996298,0.0274500366540473,1.55372050334355e-05,-1.96652201839616e-05,-9.54071774707244e-05,-0.000157112035628154,-0.00127771612810433,-0.00319343938509388,-0.0132389860666926,-0.0313223870256891,-0.00104453464614163,-0.00252903877534671,-0.000367764213084376,-0.000300432615103152,0.000318320104361502,0.000369893634027951,0,0.0175476085640843,-3.52024252173971e-05,-6.17048581574298e-05,-0.00191572325698955,-0.0180834009589965,-0.00148450412920509,6.73315979812239e-05,5.15735296664488e-05
policy_cf_no_transfer_stabilizer,No central transfer stabilizer,0,0,0,13,0,0,0.00841855426208699,0.0220644581848941,0.00873823971801594,0.0243797114097355,3.0331576450444e-05,2.35393789478656e-05,-0.000100173391786154,-0.000185373240724665,-0.00121846009351434,-0.00304191293453152,-0.0141264715085399,-0.0335812402845779,-0.000913387016939882,-0.00231525322484138,-0.00040624759008423,-0.000348592928026137,0.000308076883278385,0.000361315399122653,0,0.0156414716917196,-6.79219750257835e-06,-8.51998489385108e-05,-0.00182345284101718,-0.019454768776038,-0.0014018662079015,5.76546620580931e-05,5.32385158442672e-05
policy_cf_no_transfer_stabilizer,No central transfer stabilizer,0,0,0,14,0,0,0.00737034807423548,0.0193994871676471,0.00765893187903616,0.0215428186207256,4.11952847022465e-05,5.70382400139052e-05,-0.000104242309300839,-0.000206854943602827,-0.00115244849715405,-0.00287182596085041,-0.0149257582179798,-0.0356135352383138,-0.000824525156573386,-0.00214333145307855,-0.000433092252458467,-0.000385417708645086,0.000293949178395758,0.000347307649122941,0,0.0138838867416894,1.58429553116586e-05,-0.000102612634301988,-0.00171937746369635,-0.020687777020334,-0.00131880629650516,4.76745438133808e-05,5.33584707271828e-05
policy_cf_no_transfer_stabilizer,No central transfer stabilizer,0,0,0,15,0,0,0.00639511364981676,0.0169300767058009,0.00666217056460531,0.0189301540196205,4.77345821224052e-05,7.9237902081709e-05,-0.000106078618051675,-0.000219041286037586,-0.00108131304247212,-0.00268845174788429,-0.0156339273050028,-0.0374116486052403,-0.000763019756538696,-0.00200007731381957,-0.000450185625831656,-0.000412509762273694,0.000279547702495719,0.000331906928280779,0,0.0122679834550152,3.15033199593038e-05,-0.000112962667985911,-0.00160713870541217,-0.0217777213002375,-0.00123705755728087,3.76758635579622e-05,5.23592257850591e-05
policy_cf_no_transfer_stabilizer,No central transfer stabilizer,0,0,0,16,0,0,0.00549395353231569,0.0146560903219779,0.00574563591714015,0.0165330322842185,5.05005409848669e-05,9.13411021166398e-05,-0.000105485696919108,-0.000222537449376281,-0.00100664581442189,-0.00249652383319983,-0.0162497249367997,-0.0389728812233088,-0.000719092528069898,-0.00187694196224064,-0.000459709065094516,-0.000431842659125325,0.000266416378779555,0.000316994803589266,0,0.0107873963670784,4.08405611317729e-05,-0.000117051752457173,-0.00148987801877794,-0.0227231562865091,-0.00115784943417074,2.78664059691902e-05,5.05784248097108e-05
policy_cf_no_transfer_stabilizer,No central transfer stabilizer,0,0,0,17,0,0,0.00466685387963167,0.0125750094460919,0.00490710913038523,0.0143434832376607,5.03571913436779e-05,9.55275277152844e-05,-0.000102845856515515,-0.000219142059408775,-0.00092994550920128,-0.00230022293529518,-0.0167734273225806,-0.040298782128021,-0.000686443573581608,-0.00176847379156875,-0.000463653703865252,-0.000445261854357559,0.000255041588569149,0.000303319353265108,0,0.00943637410727543,4.51703363716065e-05,-0.00011629620289326,-0.0013702774260939,-0.0235253548054404,-0.00108203021798714,1.83918495076929e-05,4.82777646959587e-05
policy_cf_no_transfer_stabilizer,No central transfer stabilizer,0,0,0,18,0,0,0.00391299645139859,0.0106827060606154,0.00414437196475718,0.012353938990059,4.81723506438425e-05,9.40565532186934e-05,-9.87210558710955e-05,-0.000210874046872728,-0.000852578484105859,-0.00210317743234983,-0.0172066701236222,-0.0413944900071694,-0.000661072895310255,-0.0016712329294436,-0.000463648768021518,-0.000454299653326218,0.00024541213063034,0.000291068090149116,0,0.00820956702530181,4.58842025748509e-05,-0.000112152991001632,-0.00125059894824397,-0.0241878198835472,-0.00101016003413334,9.34911469530064e-06,4.56559595187755e-05
policy_cf_no_transfer_stabilizer,No central transfer stabilizer,0,0,0,19,0,0,0.00323090370272922,0.00897376755068713,0.00345506926053825,0.0105568217388655,4.46882469206668e-05,8.88847708084249e-05,-9.36617901418635e-05,-0.000199538659517454,-0.000775754538812928,-0.00190847716944614,-0.0175522579093439,-0.0422681049264364,-0.000640473022311516,-0.00158305418817839,-0.00046094323037249,-0.000460145417201296,0.000237316027791978,0.000280176976777735,0,0.00710175247832727,4.41965238877581e-05,-0.00010587686937559,-0.00113272263063321,-0.0247158470170925,-0.000942581165866874,7.97813171193873e-07,4.28609489857568e-05
policy_cf_no_transfer_stabilizer,No central transfer stabilizer,0,0,0,20,0,0,0.00261851820740872,0.00744164841824491,0.00283659913571117,0.0089442080245864,4.0485477786908e-05,8.15517883063985e-05,-8.81297094535577e-05,-0.000186579187052685,-0.000700515204775695,-0.00171869831949546,-0.0178139666663863,-0.0429301006227707,-0.000623088366578428,-0.00150255960634149,-0.000456452828811571,-0.000463683135070725,0.000230488297997988,0.000270488946855441,0,0.00610760888887523,4.10663105194905e-05,-9.84494775991274e-05,-0.00101818311471977,-0.0251161339563843,-0.000879471239763063,-7.23030625915388e-06,4.00006488574522e-05
policy_cf_no_transfer_stabilizer,No central transfer stabilizer,0,0,0,21,0,0,0.00207326468548491,0.00607877953631397,0.00228605076946097,0.0075076233470206,3.5990741182147e-05,7.31928162903475e-05,-8.24782059930806e-05,-0.00017306755538217,-0.000627731727918482,-0.00153593643731356,-0.0179963492276451,-0.0433927845445146,-0.000607960239931593,-0.00142884381070663,-0.000450826911525093,-0.000465550703949824,0.000224677542725482,0.00026182955076326,0,0.00522157257755963,3.72020751082005e-05,-9.05893493890891e-05,-0.00090820470939508,-0.0253964353168694,-0.000820883570775033,-1.47237924247312e-05,3.71520080377774e-05
policy_cf_no_transfer_stabilizer,No central transfer stabilizer,0,0,0,22,0,0,0.00159211422446226,0.00487668776768047,0.00180018849103351,0.00623796361101692,3.15015322581483e-05,6.46013884955682e-05,-7.69596043488918e-05,-0.000159753194918677,-0.000558110065373152,-0.00136184496355261,-0.0181045505623265,-0.0436698098944541,-0.000594497904489288,-0.00136127584333645,-0.000444513683683589,-0.000466199261960676,0.00021967046974658,0.000254038870118212,0,0.00443777511998341,3.30998562374199e-05,-8.27935905697852e-05,-0.000803734898179462,-0.0255652593321276,-0.000766777938847163,-2.16855782770864e-05,3.43684003716316e-05
policy_cf_no_transfer_stabilizer,No central transfer stabilizer,0,0,0,23,0,0,0.00117165585976486,0.00382613972394874,0.00137547255625747,0.00512551739046752,2.72143531141514e-05,5.63036072509966e-05,-7.17422720881433e-05,-0.000147128793637957,-0.000492200636787107,-0.00119767683737013,-0.0181441374350557,-0.0437757414844624,-0.000582333418550296,-0.00129937766651878,-0.00043781540033927,-0.000465943854904838,0.000215296143347699,0.00024698165614967,0,0.00375004483421005,2.90892541368452e-05,-7.5386521549814e-05,-0.000705476200583019,-0.0256316040494067,-0.000717044247968479,-2.8128454565568e-05,3.16855128019711e-05
policy_cf_no_transfer_stabilizer,No central transfer stabilizer,0,0,0,24,0,0,0.000808174228517089,0.00291730603219387,0.00100810514554179,0.00416005810419495,2.32504291641225e-05,4.86265434798006e-05,-6.69294202716858e-05,-0.000135493658007552,-0.000430411051521029,-0.00104432734976276,-0.0181209450507005,-0.0437256752971136,-0.000571231191499155,-0.00124275207200109,-0.000430931548142666,-0.000465003219431437,0.000211421609614071,0.000240547555541593,0,0.00315195295865316,2.53761143156781e-05,-6.85642377358658e-05,-0.000613916298241729,-0.0256047302464131,-0.00067152088050193,-3.40716712887712e-05,2.91259459275217e-05
policy_cf_no_transfer_stabilizer,No central transfer stabilizer,0,0,0,25,0,0,0.000497729757751197,0.00213993643057031,0.00069409119087589,0.00333097817171468,1.96768391585852e-05,4.17545982155949e-05,-6.25760036247897e-05,-0.000125007212849124,-0.00037302047439218,-0.000902376814473194,-0.0180409418988248,-0.043534910229158,-0.000561032666070549,-0.00119104174114437,-0.000423990969448229,-0.000463529402546459,0.000207944782643521,0.000234647534288035,0,0.00263688698083879,2.20777590570096e-05,-6.2431209224334e-05,-0.000529356340081014,-0.0254939683303332,-0.000630009075073823,-3.95384330982296e-05,2.6702751644514e-05
policy_cf_no_transfer_stabilizer,No central transfer stabilizer,0,0,0,26,0,0,0.000236237630424296,0.00148353545339885,0.000429305748350695,0.00262744294258765,1.65228589722767e-05,3.57730575463733e-05,-5.87025314889578e-05,-0.000115731035578562,-0.000320194658817358,-0.000772132012750504,-0.0179101130101715,-0.0432186694861798,-0.000551623194075423,-0.0011439074891888,-0.000417074915315618,-0.00046162900404767,0.000204787319804778,0.000229209436676481,0,0.00219813719423696,1.92501985740966e-05,-5.7028504089604e-05,-0.000451937353933146,-0.0253085564760083,-0.000592284295113377,-4.45540887320517e-05,2.44221168717029e-05
policy_cf_no_transfer_stabilizer,No central transfer stabilizer,0,0,0,27,0,0,1.95424094707186e-05,0.0009375301929333,0.000209561856254664,0.00203854818803051,1.37921140779202e-05,3.07003687138041e-05,-5.53057421343178e-05,-0.000107660414431707,-0.00027200096308938,-0.000653665674897663,-0.0177343611480065,-0.0427918684239224,-0.000542912705096987,-0.00110101799509721,-0.000410233139018001,-0.000459377988738519,0.000201888560089181,0.000224173935733374,0,0.00182898633177584,1.69082546358839e-05,-5.23546722973889e-05,-0.000381664711808283,-0.0250575072759158,-0.000558105290000221,-4.91448497205171e-05,2.22853756441932e-05
policy_cf_no_transfer_stabilizer,No central transfer stabilizer,0,0,0,28,0,0,-0.000156513913676215,0.000491424007259544,3.0674764917249e-05,0.00155347016193663,1.14713701884856e-05,2.65113626548574e-05,-5.23665591337236e-05,-0.0001007473160929,-0.000228422882282101,-0.000546853501767058,-0.0175194250015878,-0.0422689252150912,-0.000534824795981326,-0.00106204615467709,-0.000403494884031685,-0.000456831790311418,0.000199200787048825,0.000219491288942164,0,0.00152279539701938,1.50399924663718e-05,-4.83807569591765e-05,-0.000318430619484958,-0.0247495002135034,-0.000527221358695762,-5.33369062797329e-05,2.02905018933386e-05
policy_cf_no_transfer_stabilizer,No central transfer stabilizer,0,0,0,29,0,0,-0.000296031826630128,0.000134932324917125,-0.000111480026861482,0.00116160136950783,9.53676633120475e-06,2.31536025092766e-05,-4.98558752561329e-05,-9.49167316867255e-05,-0.000189373788211461,-0.000451408414029561,-0.0172708131647594,-0.0416636104987429,-0.000527290856481843,-0.0010266690445907,-0.000396876247364397,-0.00045403208415995,0.00019668571871545,0.000215118925055435,0,0.00127308139636931,1.36168361780718e-05,-4.50608564305927e-05,-0.0002620346258181,-0.0243927973339835,-0.000499378188108857,-5.71558367955527e-05,1.8433206339985e-05
policy_cf_no_transfer_stabilizer,No central transfer stabilizer,0,0,0,30,0,0,-0.000403002830846322,-0.000141901415151358,-0.000220916335158139,0.00085266825613417,7.95816890492452e-06,2.05587018888165e-05,-4.77386818157344e-05,-9.0078117295847e-05,-0.00015470968603333,-0.000366911857364663,-0.0169937525216737,-0.0409889320936392,-0.000520247130537665,-0.000994569671285528,-0.000390385034454543,-0.000451011265555135,0.000194312000199481,0.000211019735363971,0,0.00107358459129231,1.2600532983892e-05,-4.23394354801127e-05,-0.000212202171331333,-0.0239951795719655,-0.000474322540747862,-6.06262311005912e-05,1.67077351644895e-05
policy_cf_no_transfer_stabilizer,No central transfer stabilizer,0,0,0,31,0,0,-0.000481266733959207,-0.00034861021672794,-0.00030149503331971,0.000616829211023795,6.70217774923149e-06,1.86500551551273e-05,-4.59769764170753e-05,-8.61332959636307e-05,-0.00012424087953132,-0.000292842097540588,-0.0166931495881633,-0.0402570508888385,-0.000513633430398563,-0.000965439427751735,-0.000384023914005716,-0.000447795381029681,0.000192053458438091,0.000207160904742709,0,0.000918324244343505,1.19478774058958e-05,-4.01563195465554e-05,-0.000168601218009268,-0.0235639013006752,-0.000451805997353172,-6.37714670239653e-05,1.51074463046186e-05
policy_cf_no_transfer_stabilizer,No central transfer stabilizer,0,0,0,32,0,0,-0.000534477444028958,-0.000494227883097387,-0.000356889987005032,0.000444752763138934,5.73418057513587e-06,1.73480535664173e-05,-4.45317866262507e-05,-8.29818522730397e-05,-9.77424966973062e-05,-0.000228599518642819,-0.0163735633451561,-0.0394792241352597,-0.000507392734354073,-0.00093898064623632,-0.000377792440869773,-0.000444406035817413,0.000189887908305764,0.000203513129680921,0,0.000801642750143966,1.16138729912814e-05,-3.8450065646789e-05,-0.000130857021945513,-0.0231056607901037,-0.000431587911882247,-6.66135949476399e-05,1.36252213751575e-05
policy_cf_no_transfer_stabilizer,No central transfer stabilizer,0,0,0,33,0,0,-0.000566076751951305,-0.000587232110161318,-0.000390561826031593,0.000327676809084632,5.01974219063641e-06,1.65735602756147e-05,-4.3364561504125e-05,-8.05247695804812e-05,-7.49638694277355e-05,-0.000173528996644801,-0.0160391881309554,-0.0386657725285229,-0.000501471216913463,-0.000914908919245949,-0.000371688336869958,-0.000440861633806855,0.000187796342734803,0.000200050099708582,0,0.000718238635116225,1.15538180849783e-05,-3.71602080763561e-05,-9.85651272170651e-05,-0.0226265843975675,-0.000413437702332486,-6.91732969368974e-05,1.22537569737791e-05
policy_cf_no_transfer_stabilizer,No central transfer stabilizer,0,0,0,34,0,0,-0.000579275429098469,-0.000635504731853365,-0.000405738970028063,0.000257450299657624,4.52553088973193e-06,1.62501873473778e-05,-4.24381137227176e-05,-7.86668420752201e-05,-5.56367908711441e-05,-0.000126939463767628,-0.0156938452185527,-0.0378260676790774,-0.000495818454486874,-0.000892955031510989,-0.000365708291909073,-0.000437178187967513,0.000185762381861077,0.000196748149913883,0,0.000663189269685688,1.17246564576459e-05,-3.62287283525026e-05,-7.13026728964838e-05,-0.0221322224605247,-0.000397136577024115,-7.14698960584403e-05,1.09857680528069e-05
policy_cf_no_transfer_stabilizer,No central transfer stabilizer,0,0,0,35,0,0,-0.000577040881401869,-0.00064630730912163,-0.000405405198186048,0.000226559136157212,4.21992278370814e-06,1.63057500355817e-05,-4.17172423203271e-05,-7.73182328772937e-05,-3.94826946249899e-05,-8.81208101458364e-05,-0.015340981782713,-0.0369685367972465,-0.000490387666330916,-0.000872866445278841,-0.000359848458917122,-0.000433369857220645,0.000183771891885121,0.00019358601938313,0,0.00063196433434326,1.20858272518736e-05,-3.56009905569665e-05,-4.86381155208465e-05,-0.0216275550145335,-0.000382478778947926,-7.35213983035221e-05,9.81412749800903e-06
policy_cf_no_transfer_stabilizer,No central transfer stabilizer,0,0,0,36,0,0,-0.000562090567793938,-0.000626270165477227,-0.00039229299600731,0.000228138172323367,4.07338109007643e-06,1.66731546954822e-05,-4.1169127653562e-05,-7.63954344690232e-05,-2.62188140468106e-05,-5.63582908249677e-05,-0.014983676052192,-0.03610068166814,-0.000485135919390367,-0.000854408337800594,-0.000354104755729834,-0.000429449310337504,0.000181812712038321,0.000190544671677673,0,0.000620431168330676,1.25997736054057e-05,-3.52263068154612e-05,-3.01394767781571e-05,-0.021117005615948,-0.000369272418410227,-7.53445546076703e-05,8.73195963935203e-06
policy_cf_no_transfer_stabilizer,No central transfer stabilizer,0,0,0,37,0,0,-0.000536890394206402,-0.00058139297780857,-0.000368881901324308,0.000255971242495878,4.05867699318756e-06,1.72908945380926e-05,-4.07635627397152e-05,-7.58218077149264e-05,-1.55633891534002e-05,-3.09446200465885e-05,-0.0146246475400407,-0.0352291092464823,-0.00048002426537741,-0.000837364220304448,-0.00034847304658292,-0.00042542798076739,0.000179874448488659,0.000187607149079394,0,0.000624853143820187,1.3232217544905e-05,-3.50582449752113e-05,-1.53812308931883e-05,-0.0206044617064416,-0.000357339954927038,-7.695493418447e-05,7.73270059073461e-06
policy_cf_no_transfer_stabilizer,No central transfer stabilizer,0,0,0,38,0,0,-0.000503657322263873,-0.000517055099480523,-0.000337401092044859,0.000304481083229224,4.15099792085887e-06,1.81032716448405e-05,-4.04730661101166e-05,-7.5527820981719e-05,-7.23999416875343e-06,-1.11899426539497e-05,-0.0142662713457087,-0.0343595714579745,-0.000475017800625754,-0.000821536182709748,-0.000342949249338198,-0.000421316252451454,0.000177948308532461,0.000184758443314559,0,0.000641882175274083,1.39522737239817e-05,-3.50547548716024e-05,-3.94994848519625e-06,-0.0200933001122658,-0.000346518382083993,-7.83670031132555e-05,6.81013478209813e-06
policy_cf_no_transfer_stabilizer,No central transfer stabilizer,0,0,0,39,0,0,-0.000464365475722983,-0.00043803390106123,-0.000299835497841183,0.00036871091320767,4.32797505524069e-06,1.90604262684125e-05,-4.02729081740022e-05,-7.54510738920633e-05,-9.81061634208746e-07,3.57012452689709e-06,-0.0139105956236998,-0.0334970120469977,-0.000470085651090857,-0.0008067448142689,-0.00033752939734577,-0.000417123601419545,0.000176026958418785,0.000181985372842197,0,0.000668546411048854,1.47324512131718e-05,-3.51781657180611e-05,4.55118616110584e-06,-0.0195864164232979,-0.000336659163178044,-7.9594204073774e-05,5.95841442341261e-06
policy_cf_no_transfer_stabilizer,No central transfer stabilizer,0,0,0,40,0,0,-0.000420755081361301,-0.000348529546270515,-0.000257934769623447,0.000444299304852902,4.56965248531345e-06,2.01182295857093e-05,-4.0141074126171e-05,-7.55361654420222e-05,3.4693202344005e-06,1.39681893483873e-05,-0.0135593614128728,-0.0326456185564741,-0.000465200890679585,-0.000792828851123417,-0.000332209673839845,-0.000412858708370045,0.000174104394829566,0.000179276461612643,0,0.000702234074476349,1.55485771003959e-05,-3.53950913158513e-05,1.04988691139868e-05,-0.0190862571436012,-0.000327627960443833,-8.06490345302002e-05,5.1720667830768e-06
policy_cf_central_transfer_stabilizer,Central transfer stabilizer,0.7,0.05,0.02,1,0.0147342613390865,0.0153022183246113,-0.00617726463977164,0.00518461026982231,-6.90656639516013e-05,0.0225365139176799,0.0065150397965799,0.0185694859853836,0.0068847607561586,-0.00448014819858207,0.000707496116387069,0.000704462071240114,0.000707496116387318,0.000704462071239753,-0.0174519970737715,-0.0173519036478575,-0.0121761150248776,-0.0121828935343268,-0.018253735453874,-0.0182102720890511,0.000567956985524865,0.0226055795816315,0.0120544461888037,-0.0113649089547407,-3.0340451469546e-06,-3.03404514756522e-06,0.000100093425913994,-6.77850944919012e-06,4.346336482286e-05
policy_cf_central_transfer_stabilizer,Central transfer stabilizer,0.7,0.05,0.02,2,0.0217487689140262,0.022844736477882,-0.0203227400406883,-0.000563528825253345,-0.0152155168877419,0.0138288190214513,0.00505639174108501,0.014632755245082,0.0155765999934958,0.00720597065604447,0.00143112459257266,0.00145783156095888,0.00212093330605079,0.00214468208041829,-0.0145920661512755,-0.0143923478467046,-0.0078124128152941,-0.00782616277934967,-0.011713750187479,-0.0116714704745358,0.0010959675638558,0.0290443359091932,0.00957636350399695,-0.00837062933745131,2.67069683862198e-05,2.37487743675047e-05,0.000199718304570884,-1.37499640555649e-05,4.22797129432384e-05
policy_cf_central_transfer_stabilizer,Central transfer stabilizer,0.7,0.05,0.02,3,0.0220646961194604,0.0237461985116642,-0.0363682948949643,-0.0120288580945592,-0.0324948464609547,-0.00126264333674686,0.00308616234888194,0.00935480015579683,0.018132299870277,0.0136388508192629,0.00208674501599805,0.00217352154995201,0.00415465498939849,0.00426458657835926,-0.0110669955257418,-0.0107662147578124,-0.00477681910863037,-0.0047971329044646,-0.00707263001932257,-0.00703244491006316,0.00168150239220374,0.0312322031242078,0.00626863780691489,-0.00449344905101418,8.67765339539611e-05,0.000109931588960777,0.000300780767929387,-2.03137958342259e-05,4.01851092594052e-05
policy_cf_central_transfer_stabilizer,Central transfer stabilizer,0.7,0.05,0.02,4,0.0184794253018249,0.0208162888816239,-0.0501475024204286,-0.0244310234922782,-0.0473890320196756,-0.0169521213263727,0.00147289535790771,0.00509452670885184,0.0164038857611264,0.015198994465823,0.00262467823566122,0.00279682906810226,0.00667546685032505,0.00695480098200285,-0.00788134400215157,-0.00747890216590552,-0.00291376951763445,-0.00293997356326248,-0.0040172305977928,-0.00397984117235373,0.00233686357979893,0.0304369106933029,0.00362163135094412,-0.00120489129530349,0.000172150832441043,0.0002793341316778,0.000402441836246048,-2.6204045628031e-05,3.73894254390716e-05
policy_cf_central_transfer_stabilizer,Central transfer stabilizer,0.7,0.05,0.02,5,0.0133628424583855,0.0163673934234024,-0.0596965648841361,-0.0349109612407792,-0.0578236498978353,-0.0300621074443238,0.000380385398648196,0.0022479573917916,0.0125732805389205,0.0137805060490711,0.00302421807521339,0.00330056830057054,0.00953279825428144,0.0100814992580229,-0.00535118567514503,-0.00484885379645539,-0.00187991321059278,-0.00191122371514074,-0.00211274612890922,-0.00207882444658891,0.00300455096501695,0.0277615424535115,0.00186757199314341,0.00120722551015057,0.000276350225357158,0.000548701003741492,0.000502331878689644,-3.13105045479656e-05,3.39216823203037e-05
policy_cf_central_transfer_stabilizer,Central transfer stabilizer,0.7,0.05,0.02,6,0.00822247691074723,0.0118285312468085,-0.0646342555666717,-0.0422881892167606,-0.0634133567609693,-0.0393974182270582,-0.000266689454768456,0.000572109307467981,0.00822243609252366,0.0110543599671309,0.00328474540998899,0.00367713199115108,0.0125792237079141,0.0135065937677235,-0.00348828230200693,-0.00289077098970236,-0.00136441657178077,-0.00140000017766773,-0.000979821942935888,-0.000950028915372103,0.00360605433606123,0.0240159385339111,0.000838798762236438,0.00283192387460729,0.000392386581162085,0.000927370059809363,0.000597511312304566,-3.55836058869574e-05,2.97930275637848e-05
policy_cf_central_transfer_stabilizer,Central transfer stabilizer,0.7,0.05,0.02,7,0.00382900969703315,0.00790478994926683,-0.065473781814693,-0.0464526958520118,-0.0647074352696257,-0.0449482451647484,-0.000595722913631708,-0.000296107759994437,0.0042573085602704,0.00809573812586845,0.00341778231225048,0.00393123149061929,0.0156825254274668,0.0171001604141496,-0.00218956155733518,-0.00150445068726346,-0.00114267891197761,-0.00118167218006771,-0.000336351430241022,-0.000311289545367743,0.00407578025223368,0.0197591901048773,0.00029961515363727,0.00383842956559804,0.000513449178368805,0.00141763498668279,0.000685110870071726,-3.89932680900928e-05,2.50618848732787e-05
policy_cf_central_transfer_stabilizer,Central transfer stabilizer,0.7,0.05,0.02,8,0.000459546717559212,0.00483488878658864,-0.0631114047273884,-0.047839799298982,-0.0626475414833443,-0.0472771815595554,-0.000720508010291002,-0.000665988348010006,0.0010787143308106,0.0054615507229131,0.00344109141811665,0.00407444727594544,0.0187315537098973,0.0207471036797413,-0.00132532355441173,-0.000562617739426563,-0.00107075634187448,-0.0011122731833374,1.02313709906543e-05,3.0076927304723e-05,0.00437534206902943,0.0153703599237889,5.45196622809964e-05,0.0043828363921025,0.000633355857828796,0.00201554996984399,0.000762705814985165,-4.15168414629186e-05,1.98455563140687e-05
policy_cf_central_transfer_stabilizer,Central transfer stabilizer,0.7,0.05,0.02,9,-0.00189069529180563,0.00260366865128211,-0.0585117530322906,-0.0470820119548203,-0.0582400666949115,-0.0471342637985823,-0.000725124515663052,-0.000756437907944886,-0.00122492620396274,0.00336375891032591,0.00337472549113654,0.00412154625449018,0.0216379903582871,0.0243499723422378,-0.000776246678226067,5.22518437620079e-05,-0.00106433457161526,-0.00110747456736093,0.000184066617871181,0.000198373673577112,0.00449436394308775,0.0111058028963292,-3.13133922818344e-05,0.00458868511428864,0.000746820763353639,0.00271198198395073,0.000828498521988075,-4.3139995745678e-05,1.4307055705931e-05
policy_cf_central_transfer_stabilizer,Central transfer stabilizer,0.7,0.05,0.02,10,-0.00336139270718003,0.00108319846682692,-0.0525434828171268,-0.0448142884709224,-0.0523875150616805,-0.0452500392948998,-0.000665786315386683,-0.000706795318329938,-0.00272968073259386,0.00182045232760007,0.00323858948257127,0.0040881758115007,0.024335630081902,0.0278293988451823,-0.000445622158418146,0.000435750823977399,-0.00107823038004173,-0.00112209187634549,0.000261689125931497,0.000270322864820871,0.00444459117400695,0.0071374757667807,-4.10090029432553e-05,0.00455013306019393,0.000849586328929425,0.00349376876328034,0.000881372982395545,-4.38614963037542e-05,8.63373888937424e-06
policy_cf_central_transfer_stabilizer,Central transfer stabilizer,0.7,0.05,0.02,11,-0.00413783235880089,0.000114191427297378,-0.0459122141615392,-0.0415838548188958,-0.0458210558320287,-0.0422442709362563,-0.000577542662762762,-0.000598733470660447,-0.00358020509443359,0.000759087317473886,0.00305106356115538,0.00398952096950299,0.0267783028910102,0.0311231848435556,-0.000260452370029918,0.000660416117360452,-0.00109086450820162,-0.00113456200913375,0.000288441936429962,0.000291458194332739,0.00425202378609826,0.00357678489577244,-2.11908078976849e-05,0.00433929241190747,0.000938457408347609,0.00434488195254534,0.000920868487390369,-4.36975009321383e-05,3.01625790277704e-06
policy_cf_central_transfer_stabilizer,Central transfer stabilizer,0.7,0.05,0.02,12,-0.00440287262444575,-0.000453223512248607,-0.0391490994822811,-0.0378217961220879,-0.03909022640844,-0.0386006930854326,-0.000480944002290505,-0.000476311220155397,-0.00393479064723418,7.75318188795532e-05,0.0028283240320251,0.00383959051569004,0.028937169350761,0.0341846957381566,-0.00016820878240309,0.000778896963344655,-0.00109384242253152,-0.00113652615311965,0.000290129665239114,0.0002877612513974,0.00394964911219714,0.000489533323007475,4.63278213510762e-06,0.00401232246611373,0.00101126648366494,0.00524752638739567,0.000947105745747745,-4.26837305881334e-05,-2.36841384171349e-06
policy_cf_central_transfer_stabilizer,Central transfer stabilizer,0.7,0.05,0.02,13,-0.00431498224978716,-0.00074314528757688,-0.0326271304596177,-0.0338465113514406,-0.0325807704721208,-0.0346747425524294,-0.00038724194621261,-0.000360860490007086,-0.00393786858944351,-0.000324392273218274,0.00258410043322092,0.00365089249743153,0.0307978405502132,0.0369809708421345,-0.000132457107134165,0.000828231200988849,-0.00108550724060141,-0.00112638252477382,0.000280780234724665,0.000273411470022022,0.00357183696221028,-0.00209397208030863,2.63814562055232e-05,0.00361347631622523,0.00106679206421061,0.0061831302919213,0.000960688308123014,-4.08752841724036e-05,-7.36876470264214e-06
policy_cf_central_transfer_stabilizer,Central transfer stabilizer,0.7,0.05,0.02,14,-0.00400123759055176,-0.000850655449410376,-0.0265883764011602,-0.0298807143672762,-0.0265433224240794,-0.0307145835457555,-0.000302018189361558,-0.00026091092368251,-0.00370906236241701,-0.000531457912444674,0.00232969169604151,0.00343433907172203,0.0323575862325001,0.0394907856428031,-0.000128725648802286,0.000833869178479274,-0.00106721605729132,-0.00110556056381672,0.000267582265122801,0.000255716723861932,0.00315058214114139,-0.00417126112167607,4.11072656790481e-05,0.00317760444997234,0.00110464737568051,0.00713319941030299,0.00096259482728156,-3.83445065254007e-05,-1.18655412608693e-05
policy_cf_central_transfer_stabilizer,Central transfer stabilizer,0.7,0.05,0.02,15,-0.0035580356880168,-0.000844679825683231,-0.0211729767164496,-0.0260719159337628,-0.0211235929554038,-0.0268848919851443,-0.000227551396370076,-0.000178334344225543,-0.00334127318258824,-0.000609519276654424,0.00207412650212324,0.00319927915686122,0.033622773078811,0.041702795158594,-0.000141096460130941,0.000812976051381531,-0.00104133983627663,-0.00107651736736725,0.000253909612976333,0.000238135263843864,0.00271335586233357,-0.00576129902974052,4.92170521445333e-05,0.00273175390593382,0.00112515265473798,0.00808002207978298,0.000954072511512472,-3.51775310906133e-05,-1.57743491324691e-05
policy_cf_central_transfer_stabilizer,Central transfer stabilizer,0.7,0.05,0.02,16,-0.00305519480316968,-0.000773013649178284,-0.0164454709022882,-0.0225115290091652,-0.0163896146664801,-0.0232884781957318,-0.000164287660458454,-0.000111915857605817,-0.00290311007792257,-0.00060678982822901,0.00182439573623969,0.00295359709637084,0.0346065994880815,0.0436138223759999,-0.000159589245166014,0.000776949186566567,-0.001010286575584,-0.00104175669186102,0.000241110843007375,0.000222065807841121,0.0022821811539914,-0.00689886352925166,5.23718028526371e-05,0.00229632024969356,0.00112920136013116,0.00900722288791833,0.000936538431732581,-3.14701162770215e-05,-1.90450351662541e-05
policy_cf_central_transfer_stabilizer,Central transfer stabilizer,0.7,0.05,0.02,17,-0.00254105921442177,-0.000667512638644258,-0.0124167877144477,-0.0192507258600005,-0.0123544025376322,-0.0199839751547028,-0.000111718414002138,-5.92972972515565e-05,-0.00244297011610502,-0.000556961956349217,0.00158571307173629,0.00270384119281748,0.035327147572616,0.0452273180094167,-0.000178243362329966,0.000733249294702309,-0.000976095371696073,-0.00100341866901854,0.000229530717217097,0.000207871908150858,0.00187354657577751,-0.00762957261707068,5.24211167505814e-05,0.0018860081597558,0.0011181281210812,0.00990017043680069,0.000911492657032276,-2.7323297322468e-05,-2.16588090662384e-05
policy_cf_central_transfer_stabilizer,Central transfer stabilizer,0.7,0.05,0.02,18,-0.00204742262008351,-0.000548587566572029,-0.00906165774102252,-0.016312725717515,-0.00899384318752757,-0.0169994150795544,-6.88858192809116e-05,-1.7950364256997e-05,-0.00199335227468317,-0.000482638309534433,0.00136177769874257,0.00245536183295317,0.0358057465820441,0.0465519968921342,-0.000193755867128442,0.000686689362039417,-0.000940326478787279,-0.000963165726255433,0.000219069728675914,0.000195445781417058,0.00149883505351148,-0.00800557189202681,5.09354550239146e-05,0.00151071396514874,0.0010935841342106,0.0107462503100901,0.000880445229167859,-2.28392474681538e-05,-2.36239472588551e-05
policy_cf_central_transfer_stabilizer,Central transfer stabilizer,0.7,0.05,0.02,19,-0.00159377188671511,-0.000428747451570732,-0.00633188458680001,-0.0137018911513253,-0.00626029648925766,-0.0143422112929178,-3.46630597824263e-05,1.43964678378725e-05,-0.00157474870856039,-0.000398386188299626,0.00115502444566276,0.00221244837789207,0.0360656273631559,0.0476006453477229,-0.000204537421549578,0.000640320141592543,-0.00090408933092645,-0.000922206946578963,0.000209474650569197,0.00018450388096225,0.00116502443514438,-0.00808191480366014,4.90595276202987e-05,0.00117636252026077,0.00105742393222931,0.011535017984567,0.000844857563142121,-1.81176156525131e-05,-2.49707696069468e-05
policy_cf_central_transfer_stabilizer,Central transfer stabilizer,0.7,0.05,0.02,20,-0.00119071866359546,-0.000315227625742709,-0.00416615271174919,-0.011410246929996,-0.00409262804246646,-0.0120062743049968,-7.90322013439603e-06,3.96188864605126e-05,-0.00119887840872729,-0.00031318480073883,0.000966853466324052,0.00197845942059224,0.0361308401454012,0.0483890886346217,-0.000210070483664948,0.000596027375000752,-0.000868122976092178,-0.000881375473455126,0.000200477897978057,0.000174731475810708,0.000875491037852755,-0.00791364626253033,4.75221065949086e-05,0.000885693607988458,0.00101160595426819,0.0122582484892204,0.0008060978586657,-1.32524973629478e-05,-2.57464221673498e-05
policy_cf_central_transfer_stabilizer,Central transfer stabilizer,0.7,0.05,0.02,21,-0.000842661923912413,-0.000211853668745376,-0.00249707450116465,-0.00942204221532517,-0.00242340637856606,-0.00997697130314956,1.24861033280275e-05,5.91960193145717e-05,-0.000871242332812591,-0.000232260705355744,0.000797835877772407,0.00175594400931685,0.0360254050195392,0.0489353054280732,-0.000210480350281705,0.000554929087824396,-0.000832886068782179,-0.000841216174866766,0.000191855460254464,0.000165845607201343,0.000630808255167037,-0.00755356492458351,4.67099159865442e-05,0.000638981627456847,0.000958108131544441,0.012909900408534,0.000765409438106102,-8.3301060845864e-06,-2.60098530531216e-05
policy_cf_central_transfer_stabilizer,Central transfer stabilizer,0.7,0.05,0.02,22,-0.000549794354714028,-0.000120316691143846,-0.00125610598004011,-0.00771688860558317,-0.00118391738944859,-0.00823452600960817,2.75088239037476e-05,7.42662356318681e-05,-0.000593074250213196,-0.000158400595100722,0.000647894270911803,0.00154675301464299,0.0357726641649636,0.0492586758070139,-0.000206253115975774,0.000517637404024995,-0.00079863745246167,-0.00080206459791976,0.000183443440375131,0.000157616198821486,0.000429477663570182,-0.00705060862015958,4.67574117281205e-05,0.000434673655112475,0.00089885874373119,0.0134860116420503,0.000723890520000769,-3.42714545809031e-06,-2.58272415536442e-05
policy_cf_central_transfer_stabilizer,Central transfer stabilizer,0.7,0.05,0.02,23,-0.000309580921704244,-4.10192097347051e-05,-0.000376854579359265,-0.00627189227499303,-0.000307535856824476,-0.00675632251567249,3.80678637024257e-05,8.56977034567209e-05,-0.000362792875726783,-9.28557286916792e-05,0.000516458524954425,0.00135214060190017,0.0353948060857938,0.0493793495137389,-0.00019805349295654,0.000484430240679457,-0.000765500932704777,-0.000764110767664805,0.000175135377466829,0.000149867341554755,0.000268561711969539,-0.00644878665884801,4.76298397542952e-05,0.000269937147035104,0.000835682076945746,0.0139845434279451,0.000682483733635997,1.39016503997169e-06,-2.52680359120738e-05
policy_cf_central_transfer_stabilizer,Central transfer stabilizer,0.7,0.05,0.02,24,-0.000117828232706202,2.63795711965831e-05,0.000202804510837817,-0.00506309066725752,0.000268117900952869,-0.00551845460954858,4.49635794595405e-05,9.41545288015329e-05,-0.000177060855835978,-3.5945478002633e-05,0.000402598234361493,0.00117285612973436,0.0349125341680114,0.0493177219056298,-0.000186609686043004,0.000455363942291065,-0.000733513915497919,-0.000727447427217753,0.000166872099993665,0.000142470427328512,0.000144207803902785,-0.00578657251050145,4.91909493419923e-05,0.000141115377833345,0.000770257895372869,0.0144051877376183,0.000641973628334069,6.06648828016532e-06,-2.4401672665153e-05
policy_cf_central_transfer_stabilizer,Central transfer stabilizer,0.7,0.05,0.02,25,3.05556532861351e-05,8.26218904115272e-05,0.000539480975969064,-0.00406641513730632,0.000599905970101516,-0.00449676278439048,4.88974998088289e-05,0.000100151346762029,-3.15429202769474e-05,1.25514094858475e-05,0.000305133544854605,0.00100922693943863,0.0343448543586664,0.0490940057974276,-0.000172642840378434,0.000430347647084162,-0.000702662114218766,-0.000692104828973639,0.000158629953092015,0.000135334964542766,5.20662371253922e-05,-0.005096668754492,5.12538469531996e-05,4.40943297627949e-05,0.000704093394584021,0.0147491514387612,0.000602990487462596,1.05572852451274e-05,-2.32949885492495e-05
policy_cf_central_transfer_stabilizer,Central transfer stabilizer,0.7,0.05,0.02,26,0.000141031683521559,0.000128643164393316,0.000683645856841497,-0.00325833275498633,0.000738534903213606,-0.00366752579402807,5.04784924049342e-05,0.000104095182987691,7.85615581861965e-05,5.31501615081281e-05,0.000222726439058907,0.000861232543829499,0.0337089594387585,0.0487278881963213,-0.000156825846777453,0.000409193039041744,-0.000672903244594902,-0.00065807489684655,0.000150410020707481,0.000128399728521744,-1.23885191282425e-05,-0.00440606069724168,5.3616690582757e-05,-2.54113966780684e-05,0.000638506104770592,0.0150189287575628,0.000566018885819197,1.48283477483524e-05,-2.20102921857368e-05
policy_cf_central_transfer_stabilizer,Central transfer stabilizer,0.7,0.05,0.02,27,0.000219069521853216,0.000165449064739531,0.00067944767013417,-0.00261627091963412,0.000728364124956915,-0.00300791922131227,5.02299356677518e-05,0.000106315992607658,0.000158152787830171,8.65088928146129e-05,0.000153954601123121,0.000728570728168246,0.0330201900539135,0.0482382617195816,-0.000139761299493557,0.000391648301678149,-0.000644182500992407,-0.000625327455667124,0.000142229285337914,0.000121625251216617,-5.36204571136845e-05,-0.00373628334626919,5.60860569399067e-05,-7.16438950155579e-05,0.000574616127045124,0.015218071665668,0.000531409601171706,1.88550453252834e-05,-2.06040341212965e-05
policy_cf_central_transfer_stabilizer,Central transfer stabilizer,0.7,0.05,0.02,28,0.000269910541703611,0.00019404563552336,0.000564830849249132,-0.0021188937690434,0.00060752097996204,-0.00249631565110808,4.859721197999e-05,0.000107088127316671,0.000211986799002167,0.000113338916528594,9.73699781173232e-05,0.000610716067120598,0.0322920552806831,0.0476430212437124,-0.00012197180203688,0.000377421882064688,-0.000616442157196917,-0.000593820781139787,0.000134113853154094,0.000114987855812654,-7.58649061802508e-05,-0.00310383663107012,5.8490915336681e-05,-9.86478824735737e-05,0.000513346089003275,0.0153509659630293,0.000499393684101568,2.26213760571303e-05,-1.91259973414404e-05
policy_cf_central_transfer_stabilizer,Central transfer stabilizer,0.7,0.05,0.02,29,0.00029841991149171,0.000215401455011643,0.000371854745928768,-0.00174627585938958,0.000408219080904171,-0.00211247544796045,4.59551976304657e-05,0.000106644993423896,0.000244520182381705,0.000134353442930071,5.15440790615496e-05,0.000506971352585123,0.0315362979777278,0.0469589170652043,-0.000103898099929722,0.00036619958857087,-0.00058962711727284,-0.000563508216912423,0.00012609402109387,0.00010847509777645,-8.30184564800662e-05,-0.00252069452886462,6.06897957934308e-05,-0.000110166739451634,0.000455427273523573,0.0154226190874764,0.000470097688500593,2.61189003604168e-05,-1.76189233174195e-05
policy_cf_central_transfer_stabilizer,Central transfer stabilizer,0.7,0.05,0.02,30,0.000309002528099234,0.000230428576967534,0.000127138207456579,-0.00148000305695928,0.000157203921887444,-0.00183766027229826,4.26155872195744e-05,0.000105188836790169,0.000259818471666298,0.000150239618259468,1.51019331943031e-05,0.00041651242069099,0.0307629924614794,0.0462014565592659,-8.59020412310452e-05,0.00035765721533898,-0.00056368777085114,-0.000534342146442546,0.000118200848236105,0.000102082359763056,-7.85739511316996e-05,-0.0019948641941857,6.25732495705949e-05,-0.00010957885340683,0.000401410487496687,0.0154384640977865,0.000443559256570025,2.93456244085943e-05,-1.61184884730492e-05
policy_cf_central_transfer_stabilizer,Central transfer stabilizer,0.7,0.05,0.02,31,0.000305564220701465,0.000239974111016089,-0.000147625147734809,-0.00130322053389897,-0.000123729815948354,-0.00165469058672252,3.8833958876671e-05,0.000102897173741361,0.000261509838689861,0.000161644338946665,-1.32535165013881e-05,0.000338426862008162,0.0299806641334417,0.0453848470072922,-6.82723765327298e-05,0.000351470052823544,-0.000538581121617421,-0.000506276234560232,0.000110463891362489,9.58103408192912e-05,-6.55901096853762e-05,-0.00153096077077416,6.40632148646899e-05,-9.98654997431958e-05,0.00035168037850955,0.0154041828738505,0.000419742429356273,3.23048870571885e-05,-1.46535505431977e-05
policy_cf_central_transfer_stabilizer,Central transfer stabilizer,0.7,0.05,0.02,32,0.000291504564153805,0.000244817600984715,-0.000435120723304039,-0.00120064137164144,-0.000417189494763326,-0.00154796150242542,3.48165145716848e-05,9.99269941443209e-05,0.00025277060657912,0.000169167933153636,-3.47249689899437e-05,0.000271747095412195,0.0291964225611165,0.0445219729275221,-5.12320815448941e-05,0.000347320130783979,-0.000514270861485921,-0.000479266569695214,0.000102909808071816,8.96632161302424e-05,-4.66869631690903e-05,-0.0011307720076621,6.51104795726361e-05,-8.36026734254841e-05,0.000306472064402138,0.0153255503664056,0.000398552212328873,3.50042917907079e-05,-1.32465919415736e-05
policy_cf_central_transfer_stabilizer,Central transfer stabilizer,0.7,0.05,0.02,33,0.000269731252606958,0.000245671423812627,-0.000721864195624644,-0.00115852526010674,-0.000709632979134428,-0.00150342699036154,3.07264428272831e-05,9.64175365132242e-05,0.000236332650794632,0.000173362169858471,-5.04108215259036e-05,0.000215478281394302,0.028416101175563,0.0436244018857277,-3.49463328291888e-05,0.00034490173025481,-0.000490726844693423,-0.000453272130817139,9.55615870783522e-05,8.36472905316743e-05,-2.40598287943317e-05,-0.000793794011227117,6.5691093685941e-05,-6.29704809361614e-05,0.000265889102920205,0.0152083007101647,0.000379848063083998,3.74547138762837e-05,-1.19142965466779e-05
policy_cf_central_transfer_stabilizer,Central transfer stabilizer,0.7,0.05,0.02,34,0.000242688638735777,0.000243182682881732,-0.000997670021084252,-0.00116463426271318,-0.000990834322506024,-0.00150855977991382,2.66898605442048e-05,9.2492182946019e-05,0.000214505380262631,0.000174730546188384,-6.1300445196838e-05,0.000168621543582922,0.0276443982009775,0.0427024133821678,-1.95305673663659e-05,0.000343925517200638,-0.000467924260212915,-0.00042825485727882,8.84382193910849e-05,7.77700130991654e-05,4.94044145954442e-07,-0.000517725457407797,6.58023224018142e-05,-3.97748340742465e-05,0.00022992198877976,0.0150580151811903,0.000363456084567004,3.96694029340949e-05,-1.06682062919194e-05
policy_cf_central_transfer_stabilizer,Central transfer stabilizer,0.7,0.05,0.02,35,0.000212395003925281,0.000237935801736033,-0.00125515050730535,-0.00120817101938242,-0.00125338011640899,-0.00155229256263401,2.28013004730304e-05,8.82598363071696e-05,0.000189206925412258,0.000173729713704496,-6.8273560808782e-05,0.000130192957036146,0.0268850146851447,0.0417650460046497,-5.05825970387175e-06,0.000344121543251585,-0.000445842692347931,-0.000404179499670754,8.15546701382619e-05,7.20392563349215e-05,2.55407978107525e-05,-0.000298912446225014,6.54585358341392e-05,-1.54772117077623e-05,0.000198466517844928,0.014880031319505,0.000349179802955457,4.16631926771771e-05,-9.51541380334042e-06
policy_cf_central_transfer_stabilizer,Central transfer stabilizer,0.7,0.05,0.02,36,0.00018048458145839,0.00023045543409278,-0.00148925385329535,-0.00127970371250874,-0.00149220498708017,-0.00162494500937349,1.91287218145953e-05,8.38160107483037e-05,0.000162000595076719,0.000170771441266621,-7.21027509132388e-05,9.92387481412171e-05,0.0261407865671028,0.0408201586026742,8.43181081378042e-06,0.000345241296864751,-0.000424465185367762,-0.000381013362710347,7.49220476914392e-05,6.64627910518245e-05,4.99708526343901e-05,-0.000132740022293321,6.46872889337085e-05,8.77084618990109e-06,0.000171341499054456,0.0146793720355713,0.000336809486050971,4.34518226574143e-05,-8.45925663961467e-06
policy_cf_central_transfer_stabilizer,Central transfer stabilizer,0.7,0.05,0.02,37,0.000148251445717951,0.000221209522434457,-0.00169684587777258,-0.00137108139483,-0.00170417100486767,-0.00171814034700613,1.57180329436427e-05,7.92437765366159e-05,0.000134133736356123,0.000166224816090257,-7.34582881210671e-05,7.48471337698592e-05,0.0254138086148048,0.0398745017713775,2.09289345574071e-05,0.000347058952176127,-0.000403777378592762,-0.000358726007176013,6.85478951667484e-05,6.10479080860316e-05,7.29580767165061e-05,-1.39693421384534e-05,6.35257435929733e-05,3.20910797341339e-05,0.000148305421890926,0.0144606931565727,0.00032613001761872,4.50513714167489e-05,-7.49998708071686e-06
policy_cf_central_transfer_stabilizer,Central transfer stabilizer,0.7,0.05,0.02,38,0.00011669320343563,0.000210612442011426,-0.0018763374083961,-0.00147534273548344,-0.00188769300205343,-0.0018247146764887,1.25971264629847e-05,7.46146401332075e-05,0.00010657693827093,0.000160418547653446,-7.29145923525493e-05,5.61572070008065e-05,0.0247055488070824,0.0389337964340939,3.24445533066431e-05,0.000349371941005261,-0.000383766745974734,-0.000337288949626813,6.24365507917446e-05,5.58011520233048e-05,9.39192385757959e-05,6.29783255647221e-05,6.20175136702228e-05,5.38416093825156e-05,0.000129071799353356,0.0142282476270115,0.000316927387698618,4.64777963479213e-05,-6.63539876843977e-06
policy_cf_central_transfer_stabilizer,Central transfer stabilizer,0.7,0.05,0.02,39,8.6553047439375e-05,0.000199028210209423,-0.00202735728864684,-0.00158662080174254,-0.00204240976260739,-0.00193862176090254,9.77943696331071e-06,6.99894017121318e-05,8.00621307612132e-05,0.000153643319985949,-7.09577494895086e-05,4.23652537275693e-05,0.0240169523374156,0.0380028167769693,4.30070684587225e-05,0.000352000959159993,-0.000364421953550464,-0.000316675380886644,5.65895395030491e-05,5.07281417678751e-05,0.000112475162770048,0.000103788001704852,6.02099647488211e-05,7.35811892247362e-05,0.000113323003217078,0.0139858644395536,0.00030899389070127,4.77465726638204e-05,-5.86139773517402e-06
policy_cf_central_transfer_stabilizer,Central transfer stabilizer,0.7,0.05,0.02,40,5.83592085260376e-05,0.000186773753063835,-0.00215046951408027,-0.00170004611541041,-0.00216889959124108,-0.00205483562287134,7.26704049183518e-06,6.54190081995736e-05,5.51185947039595e-05,0.000146154173062463,-6.79936307294987e-05,3.2728859395259e-05,0.0233485348982514,0.0370854752169398,5.26573633166105e-05,0.000354789507460929,-0.000345732335371052,-0.000296859913394232,5.10059698131116e-05,4.58334593034238e-05,0.000128414544537797,0.000114063968369737,5.81519677077384e-05,9.10355783585032e-05,0.000100722490124758,0.0137369403186884,0.000302132144144318,4.887242197682e-05,-5.17251050968781e-06
