variable,region,steady_state,impact,t4,t8,t12,signed_absolute_peak,peak_period,cumulative_1_40
mp,national,0,0.0025,5.34450470140077e-20,4.15280409458795e-20,3.53550678020446e-20,0.0025,1,0.0025
r,national,1.01010101010101,0.00181226535138879,0.00018254481922364,-3.03506618017924e-05,-2.93939863693637e-06,0.00181226535138879,1,0.00409924431223141
pinfagg,national,1,-0.00169330309935178,-0.000272361405108335,4.14514435156388e-05,5.8476540419683e-05,-0.00169330309935178,1,-0.00203713151329032
pinf1,low_debt,1,-0.0016556120840211,-0.000253603944192382,3.69524763113027e-05,4.60648637348182e-05,-0.0016556120840211,1,-0.00211300556003513
pinf2,high_debt,1,-0.00173099411468247,-0.00029111886602351,4.59504107204189e-05,7.08882171047698e-05,-0.00173099411468247,1,-0.00196125746654152
rb1,low_debt,1.01010101010101,0.00181226535138879,0.00018254481922364,-3.03506618017924e-05,-2.93939863693637e-06,0.00181226535138879,1,0.00409924431223163
rb2,high_debt,1.01010101010101,0.00181226535138879,0.00018254481922364,-3.03506618017924e-05,-2.93939863693637e-06,0.00181226535138879,1,0.00409924431223341
dann1,low_debt,0.4,0.00152701014710493,0.00286693875168831,0.00219969983846496,0.00144004204983406,0.00286693875168831,4,0.036191328937478
dann2,high_debt,1,0.00403501172958687,0.00778165735356184,0.00617752852958331,0.00412495014357939,0.00778165735356184,4,0.102184059648446
ds1,low_debt,0.0161616161616163,0.00271086570932557,0.00122448635057072,-7.50701236163637e-06,-2.57767100475953e-05,0.00447123829208732,2,0.0113668665718142
ds2,high_debt,0.0404040404040407,0.0070893493760564,0.00323657118496597,-2.73545372876036e-05,-0.000142741573289112,0.0114604321848371,2,0.0282786758555012
fs1,low_debt,0.12,-0.00284962529044124,-0.00130045671229155,-2.71405882890652e-05,4.74151941426415e-06,-0.00458713715903207,2,-0.0124050070625433
fs2,high_debt,0.12,-0.00718287446201077,-0.0033030306932407,-1.55889003609494e-05,0.000111566615141778,-0.0115452621428743,2,-0.0293830240534151
lamg1,low_debt,4.36893203883495,0.0489139530532494,0.0237283257869443,0.0144265475716008,0.00959013008109899,0.0489139530532494,1,0.372438589696878
lamg2,high_debt,4.36893203883495,0.0915380477696726,0.0594988563406176,0.0375051792775745,0.0236064347432823,0.0915380477696726,1,0.868345688049443
qg1,low_debt,4.36893203883495,0.00347989670506266,0.00499197839358345,0.0059895433518955,0.00633305842952048,0.00635816439233405,14,0.214128387661077
qg2,high_debt,4.36893203883495,0.0104639224979639,0.012648833269413,0.0144313442785178,0.0151447753933596,0.0151892930942941,13,0.515407633217321
ig1,low_debt,0.12,-0.000219356481882274,-0.00057622870679136,-0.0006994510948065,-0.00062971943970383,-0.0006994510948065,8,-0.0123062149143656
ig2,high_debt,0.12,-0.000490769900277396,-0.00138942559504655,-0.00173230956461157,-0.00155286703570939,-0.00173230956461157,8,-0.0293017650310216
kg1,low_debt,4.8,-0.000219356481882649,-0.00161965402846853,-0.00406460149713794,-0.00623524000545039,-0.00852706637656198,23,-0.252092083294131
kg2,high_debt,4.8,-0.000490769900276966,-0.00381475502888762,-0.00985239623856948,-0.0152403762620024,-0.020693467608595,22,-0.60735668570203
xloc1,low_debt,1,-0.00217360736241301,-0.00119004205860174,-0.000542739313990515,-0.00032950694188294,-0.00217360736241301,1,-0.0162620108516104
xloc2,high_debt,1,-0.00236198558915357,-0.00167844166306064,-0.00108454089979759,-0.000787326749128958,-0.00236198558915357,1,-0.027890426426908
k1,low_debt,10.6834532374101,-0.000709415412739389,-0.00270901482660868,-0.00255663745035761,-0.00101620087681908,-0.00295930004528699,6,-0.00166892785590456
k2,high_debt,10.6834532374101,-0.00075090668354072,-0.00285936187637148,-0.00244693677158203,-0.000317929829622088,-0.00307176867507231,5,0.020037838193204
inv1,low_debt,0.267086330935251,-0.000709415412740166,-0.000522930349971196,0.000190314885653575,0.000371859962370047,-0.00085296290416137,2,2.64202958616955e-05
inv2,high_debt,0.267086330935251,-0.00075090668354072,-0.00054211840123608,0.000300702136343534,0.000540911291507462,-0.000906133315275282,2,-4.78272115869149e-05
qk1,low_debt,1,-0.00531011259771241,-0.000102599201989517,0.000351310777649161,0.000135399307970019,-0.00531011259771241,1,-0.00658964198845524
qk2,high_debt,1,-0.00559025536830171,-0.000172363325164127,0.000404246725054458,0.000191534316916098,-0.00559025536830171,1,-0.00702002559024495
n1,low_debt,0.108259193121186,-0.00043102131201106,-0.0002210415302355,-8.00972992599652e-05,-3.67442704488768e-05,-0.00043102131201106,1,-0.00221124190571613
n2,high_debt,0.108259193121186,-0.000461741657557566,-0.000290692917174262,-0.000145179451070829,-8.28369656503264e-05,-0.000461741657557566,1,-0.00319614561255631
w1,low_debt,4.23366663023501,-0.0281097538785806,-0.00347383695874814,0.000480215166805742,0.000179633614432184,-0.0281097538785806,1,-0.0657309208556409
w2,high_debt,4.23366663023501,-0.028391298130293,-0.00385433641253652,0.000289611132506806,7.61400422888414e-06,-0.028391298130293,1,-0.08165306661133
rk1,low_debt,0.0351010101010102,-0.000372806410404582,-9.31032301777004e-05,-1.27319539381665e-05,-5.74683185052688e-06,-0.000372806410404582,1,-0.00125621078121776
rk2,high_debt,0.0351010101010102,-0.000385101167589469,-0.000118399097654931,-3.5411589362197e-05,-2.39010855698288e-05,-0.000385101167589469,1,-0.00178095414502426
muR_1,low_debt,-0.167717916947058,0.000264358966247102,0.000134461317979062,1.67063109210164e-05,-2.15040516687026e-05,0.000264358966247102,1,-7.55039281310765e-05
muK_1,low_debt,0,0.00246073180250567,0.00120593278657488,0.000451685131923493,0.000118349331384703,0.00246073180250567,1,0.0089489520909093
muQ_1,low_debt,-94.3689320388348,-0.433407227790894,0.0357131171344065,0.0508040614526948,0.00324477642112697,-0.433407227790894,1,-1.41164490953381
muI_1,low_debt,-2.35922330097087,-0.00566466443193203,0.00257044206447699,-0.00341427039704278,-0.00517561664138055,-0.00566466443193203,1,-0.0526995578089533
muR_2,high_debt,-0.167717916947058,0.000170980107105673,9.22849164209372e-05,-7.25400346268668e-06,-5.11520560191325e-05,0.000170980107105673,1,-0.00190776990932648
muK_2,high_debt,0,0.00443000856147608,0.00253485941281313,0.00107341992903769,0.000298685310694474,0.00443000856147608,1,0.0181285420488785
muQ_2,high_debt,-94.3689320388348,-0.426921412511547,0.0511139219827896,0.0539770483904221,-0.0170076060288125,-0.426921412511547,1,-2.67454598377543
muI_2,high_debt,-2.35922330097087,-0.00611472783780087,0.00044010990273069,-0.00724033997454132,-0.00921810443399496,-0.0092290859221329,11,-0.103545748140045
