d1_ann,d2_ann,phi_pi,unconditional_output_gap_sd,unconditional_inflation_sd,reported_output_gap_sd_x100,reported_inflation_sd_x100,reused_baseline_node
0.4,0.8,1.1,0.000482970363436956,0.00363315807986967,0.0482970363436956,0.363315807986966,0
0.4,0.8,1.3,0.000657292418786496,0.00331137819920026,0.0657292418786496,0.331137819920026,0
0.4,0.8,1.5,0.000818371941004731,0.00298524103581776,0.0818371941004731,0.298524103581776,0
0.4,0.8,2,0.00111368185385819,0.00237250082371778,0.111368185385819,0.237250082371778,0
0.4,0.8,2.5,0.0013075849420571,0.00197516952163487,0.13075849420571,0.197516952163487,0
0.4,0.8,3,0.00144536978566247,0.00170047223775651,0.144536978566247,0.170047223775651,0
0.4,1,1.1,0.00070777892691926,0.0036502271381463,0.0707778926919261,0.36502271381463,1
0.4,1,1.3,0.00096680813261102,0.0033272180478512,0.096680813261102,0.33272180478512,0
0.4,1,1.5,0.00120532041148255,0.00300091544499426,0.120532041148255,0.300091544499426,1
0.4,1,2,0.0016429088405209,0.00238742792753653,0.16429088405209,0.238742792753653,1
0.4,1,2.5,0.00193066714153836,0.00198919164088113,0.193066714153836,0.198919164088113,1
0.4,1,3,0.00213541392632842,0.00171366297932765,0.213541392632842,0.171366297932765,1
0.4,1.2,1.1,0.000922663861635065,0.00366654090752518,0.0922663861635065,0.366654090752518,0
0.4,1.2,1.3,0.00126459207667627,0.00334237355127238,0.126459207667627,0.334237355127238,0
0.4,1.2,1.5,0.00157845772302262,0.00301598041289877,0.157845772302262,0.301598041289877,0
0.4,1.2,2,0.00215476043186154,0.00240188660235575,0.215476043186154,0.240188660235575,0
0.4,1.2,2.5,0.00253431842142158,0.00200283497690265,0.253431842142158,0.200283497690265,0
0.4,1.2,3,0.00280473906419623,0.00172653608293238,0.280473906419623,0.172653608293238,0
0.4,1.4,1.1,0.00112840474575768,0.00368212317926007,0.112840474575768,0.368212317926007,0
0.4,1.4,1.3,0.00155133821263853,0.00335686324629692,0.155133821263853,0.335686324629692,0
0.4,1.4,1.5,0.00193848448320014,0.00303044818521704,0.193848448320014,0.303044818521704,0
0.4,1.4,2,0.00264996371960008,0.00241588111355719,0.264996371960008,0.241588111355719,0
0.4,1.4,2.5,0.0031192768029467,0.00201610065281935,0.31192768029467,0.201610065281935,0
0.4,1.4,3,0.00345408485986198,0.00173909116892878,0.345408485986198,0.173909116892878,0
0.4,1.6,1.1,0.00132570213471344,0.00369699959944322,0.132570213471344,0.369699959944322,0
0.4,1.6,1.3,0.00182768873035507,0.00337070673449792,0.182768873035507,0.337070673449792,0
0.4,1.6,1.5,0.00228605765282268,0.00304433224746453,0.228605765282268,0.304433224746453,0
0.4,1.6,2,0.00312920974496487,0.00242941700148312,0.312920974496487,0.242941700148312,0
0.4,1.6,2.5,0.00368624732815255,0.00202899092888229,0.368624732815255,0.202899092888229,0
0.4,1.6,3,0.00408415977127722,0.00175132885787572,0.408415977127722,0.175132885787572,0
