phi_reg,horizon,d,r,pinfagg,xagg,xloc1,xloc2,ds1,ds2,fs1,fs2,ig1,ig2,kg1,kg2,output_gap,ds_gap,fs_gap,ig_gap,regional_policy_component
0,1,-0.0025,-0.000975393842267636,-0.00236824464643781,-0.00248154116578814,-0.00251592173337545,-0.00244716059820071,0.00389377639685343,0.00960341806318482,-0.00405438877417599,-0.009700315735356,0.00014035963093488,0.000223858771032592,0.000140359630934839,0.000223858771033036,6.8761135174733e-05,0.00570964166633139,-0.00564592696118001,8.3499140097712e-05,0
0,2,-0.002,-0.00134358398546652,-0.00145732542845467,-0.00190147782583827,-0.00196409757501825,-0.0018388580766584,0.000892216815768388,0.00210250127182746,-0.00101760163065844,-0.00217531262193352,0.000256711794879169,0.000420585958843991,0.000393562435040629,0.000638848260600788,0.000125239498359853,0.00121028445605907,-0.00115771099127508,0.000163874163964822,0
0,3,-0.0016,-0.00139000186437666,-0.000892492107122722,-0.00140179828329667,-0.00148748549174926,-0.0013161110748442,-0.000608068866256329,-0.00163859265113765,0.00051311019648001,0.00158647997019432,0.000344513300850349,0.000584209294994698,0.000728236675015204,0.00120708634908073,0.000171374416905068,-0.00103052378488132,0.00107336977371431,0.000239695994144348,0
0,4,-0.00128,-0.00128003436604884,-0.000543704417586777,-0.00100059140779496,-0.00110476587955166,-0.000896416936038258,-0.00125799651629584,-0.0032504051386043,0.00118747004802547,0.00321491064982379,0.000404430747820844,0.000713520807035309,0.00111446150596084,0.0018904299973892,0.000208348943513403,-0.00199240862230846,0.00202744060179832,0.000309090059214465,0
0,5,-0.001024,-0.00110646519761071,-0.00032885357753587,-0.000692957992553755,-0.000811487009386491,-0.000574428975720909,-0.0014461378374558,-0.00370637980318222,0.00139433381827071,0.00368363473666883,0.000439591983157531,0.000809969362500065,0.00152619195146908,0.0026531386099542,0.000237058033665583,-0.00226024196572643,0.00228930091839812,0.000370377379342535,0
0,6,-0.000819199999999998,-0.000918963396677741,-0.00019651683584021,-0.000464945281440587,-0.000594104912000848,-0.000335785650880327,-0.00139951515925869,-0.00357533279770856,0.00136158846184611,0.00356203704264341,0.000454045714645149,0.000876386933562956,0.00194208286732778,0.00346319707826837,0.000258319261120521,-0.00217581763844987,0.00220044858079729,0.000422341218917807,0
0,7,-0.000655359999999998,-0.00074217508498764,-0.000114748108518858,-0.000300559085115948,-0.000437033679666299,-0.000164084490565708,-0.00124709412106349,-0.00318045763628702,0.00121919459727066,0.00317396055342826,0.000451938519689485,0.000916230260324655,0.00234546931533419,0.00429284741163638,0.000272949189100591,-0.00193336351522353,0.00195476595615761,0.00046429174063517,0
0,8,-0.000524287999999998,-0.000586658428571418,-6.38574684370674e-05,-0.000184969376594291,-0.000325856958844906,-4.40817943435645e-05,-0.00105932359047944,-0.00269833605731291,0.00103852140886429,0.00269659059636516,0.000437108540363815,0.000933138073739584,0.00272394112281393,0.00511866430008467,0.000281775164501341,-0.00163901246683347,0.00165806918750087,0.000496029533375769,0
0,9,-0.000419430399999998,-0.0004553764267472,-3.18011119921913e-05,-0.00010570759258588,-0.000248517839543716,3.71026543719566e-05,-0.000872451601430577,-0.00221982888084697,0.000856586624199102,0.00222129799605039,0.000412914262188771,0.000930679604139006,0.00306875685693253,0.00592137729672171,0.000285620493915673,-0.00134737727941639,0.00136471137185129,0.000517765341950235,0
0,10,-0.000335544319999999,-0.000347467776135701,-1.12638901438311e-05,-5.28685667385842e-05,-0.000195509795809179,8.97726623321216e-05,-0.000703267795131976,-0.00178699994747824,0.000690786765742954,0.00179055458218877,0.000382190568917903,0.000912217838752089,0.00337422850442692,0.00668556070305559,0.0002852824581413,-0.00108373215234626,0.00109976781644582,0.000530027269834185,0
0,11,-0.000268435455999999,-0.000260374247721851,2.17066549113021e-06,-1.88697927419046e-05,-0.000159625891460347,0.000121886305976648,-0.000557893744215218,-0.00141514023286249,0.000547703485285628,0.00141996643810924,0.000347269407435638,0.000880840857729936,0.00363714219925182,0.00739926254320977,0.000281512197436995,-0.000857246488647271,0.00087226295282361,0.000533571450294298,0
0,12,-0.000214748364799999,-0.000190992882417529,1.11578356758457e-05,1.94358277383344e-06,-0.00013555635664031,0.000139443522187754,-0.00043691857657217,-0.00110564259058812,0.000428264877845239,0.0011111639906586,0.000310029615435331,0.000839333076272153,0.00385624325970646,0.00805361405590155,0.000274999878828064,-0.000668724014015954,0.000682899112813357,0.000529303460836822,0
0,13,-0.000171798691839999,-0.000136261891236389,1.72922157366528e-05,1.37075830302091e-05,-0.000119475276998515,0.000146890443059045,-0.000338321997597601,-0.000853335995600502,0.000330694889005376,0.000859152263648896,0.000271956600201018,0.000790169557523826,0.00403179377841489,0.00864244326202801,0.00026636572005756,-0.000515013998002901,0.000528457374643521,0.000518212957322808,0
0,14,-0.000137438953471999,-9.3426806958119e-05,2.15349717285207e-05,1.94016306052092e-05,-0.000108676453833834,0.000147479715044252,-0.000259079712786259,-0.000650518885273371,0.000252141983612217,0.00065635848611148,0.000234201926163136,0.000735523432453505,0.0041652008601174,0.00916190561293018,0.000256156168878086,-0.000391439172487112,0.000404216502499263,0.00050132150629037,0
0,15,-0.0001099511627776,-6.01330102691922e-05,2.44718448136894e-05,2.11450302303184e-05,-0.000101277017482859,0.000143567077943496,-0.000195999838831978,-0.00048906447030056,0.0001895344777159,0.00049474914651812,0.000197638166733682,0.00067728057938625,0.00425870900534786,0.00961013855199333,0.000244844095426355,-0.000293064631468581,0.00030521466880222,0.000479642412652567,0
0,16,-8.79609302220798e-05,-3.44294172200943e-05,2.64673455734332e-05,2.04282395845912e-05,-9.59876754106359e-05,0.000136844154579929,-0.000146121859172583,-0.000361427991666698,0.000139994161105966,0.000366846467282397,0.000162907265171014,0.000617058151881136,0.00431514854538495,0.00998694324007499,0.000232831829990565,-0.000215306132494115,0.000226852306176431,0.000454150886710122,0
0,17,-7.03687441776639e-05,-1.47311922951143e-05,2.77559326620214e-05,1.82875892944523e-05,-9.19404279353664e-05,0.000128515606524271,-0.000106875240217293,-0.000261049633285111,0.000101005911888497,0.000266138332048499,0.000130462142948429,0.000556224967373647,0.00433773197469911,0.0102934946264464,0.000220456034459637,-0.000154174393067818,0.000165132420160002,0.000425762824425219,0
0,18,-5.62949953421312e-05,2.3249754144139e-07,2.84953573523872e-05,1.54343628175901e-05,-8.85624415918329e-05,0.000119431167227235,-7.61125777521098e-05,-0.000182441063054602,7.04588946121021e-05,0.000187170054726626,0.000100602000513469,0.000495922591275941,0.00432989067584444,0.0105320798520614,0.000207993608819068,-0.000106328485302492,0.000116711160114524,0.000395320590762471,0
0,19,-4.5035996273705e-05,1.14723325166377e-05,2.87975579513766e-05,1.23486571230735e-05,-8.54853644386422e-05,0.0001101826786849,-5.20825309348605e-05,-0.000121119434459589,4.66252834272624e-05,0.000125482223352971,7.35020333350184e-05,0.000437086421583507,0.00429514544228393,0.0107058642773437,0.000195668043123542,-6.90369035247287e-05,7.88569399257089e-05,0.000363584388248489,0
0,20,-3.60287970189641e-05,1.97880774026604e-05,2.87463991912595e-05,9.34688122744554e-06,-8.24810210212634e-05,0.000101174783476266,-3.33783639374398e-05,-7.34789773205874e-05,2.81129088580967e-05,7.74850899592366e-05,4.92383431115601e-05,0.000380466346995498,0.00423700514933767,0.0108186840174049,0.000183655804497529,-4.01006133831476e-05,4.93721811011399e-05,0.000331228003883938,0
0,21,-2.88230376151714e-05,2.58108692157144e-05,2.84078060450721e-05,6.62994512201642e-06,-7.9416300153734e-05,9.26761903978779e-05,-1.88807948180054e-05,-3.66473971063486e-05,1.38109865657626e-05,4.0316999796855e-05,2.78087765706314e-05,0.000326646705326034,0.00415888879717485,0.0108748636222966,0.000172092490551612,-1.77666022883431e-05,2.65060132310924e-05,0.000298837928755402,0
0,22,-2.30584300921372e-05,3.00382109319486e-05,2.78355621248227e-05,4.31752426388599e-06,-7.6221769125806e-05,8.4856817653689e-05,-7.70414445482384e-06,-8.34993413129786e-06,2.83826990053748e-06,1.17099212545435e-05,9.15033562384759e-06,0.000276065359657046,0.00406406691286954,0.0108790573913957,0.000161078586779495,-6.45789676474023e-07,8.87165135400603e-06,0.000266915024033199,0
0,23,-1.84467440737098e-05,3.28622585150651e-05,2.70746720520965e-05,2.47239338890815e-06,-7.28699773091535e-05,7.78147640871918e-05,8.50539364674607e-07,1.32094507373087e-05,-5.50244094643659e-06,-1.01283004825536e-05,-6.84629481112475e-06,0.000229031766209822,0.00395561894523677,0.0108361127228207,0.000150684741396345,1.23589113726341e-05,-4.62585953611705e-06,0.000235878061020947,0
0,24,-1.47573952589679e-05,3.45923444529106e-05,2.61633734004452e-05,1.11772914235253e-06,-6.93605323748292e-05,7.15959906594232e-05,7.33447886714853e-06,2.9447302516375e-05,-1.1762343156127e-05,-2.66123905629939e-05,-2.03246460566964e-05,0.000185743946252245,0.00383640382554873,0.0107509538510024,0.000140956523034252,2.21128236492264e-05,-1.48500474068669e-05,0.000206068592308942,0
0,25,-1.18059162071744e-05,3.54727414444422e-05,2.51344076052096e-05,2.49453493639251e-07,-6.57098768159781e-05,6.62087838030345e-05,1.218271163533e-05,4.14812406331067e-05,-1.63775239734737e-05,-3.8859640304742e-05,-3.1452415464539e-05,0.000146304303006634,0.00370904131444583,0.010628484307734,0.000131918660619013,2.92985289977767e-05,-2.24821163312683e-05,0.000177756718471173,0
0,26,-9.44473296573963e-06,3.56965921459729e-05,2.40158850930428e-05,-1.54918652683911e-07,-6.19443114840967e-05,6.16344741786179e-05,1.57391563694355e-05,5.01942108057235e-05,-1.96935811025561e-05,-4.77537346564305e-05,-4.04131554959664e-05,0.000110734247788888,0.00357590212608816,0.0104735064478296,0.000123578785662715,3.4455054436288e-05,-2.80601535538744e-05,0.000151147403284854,0
0,27,-7.55578637259178e-06,3.54168001046595e-05,2.28319250372699e-05,-1.29902521184277e-07,-5.80952570349291e-05,5.78354519924495e-05,1.82763070486064e-05,5.62851393376626e-05,-2.19850143663991e-05,-5.39950891173535e-05,-4.73994436847175e-05,7.89876195440159e-05,0.00343910512925127,0.0102906564061778,0.000115930709027379,3.80088322890562e-05,-3.20100747509544e-05,0.000126387063228733,0
0,28,-6.04462909807351e-06,3.47545367038737e-05,2.16031645809966e-05,2.82577321542021e-07,-5.41960576664335e-05,5.47612123094066e-05,2.00106039382579e-05,6.03085876673543e-05,-2.34703926700885e-05,-5.81402649173224e-05,-5.26073173476027e-05,5.09628994234679e-05,0.00330052018367244,0.0100843528954471,0.00010895726997584,4.02979837290963e-05,-3.46698722472338e-05,0.000103570216771071,0
0,29,-4.83570327845888e-06,3.38058894240323e-05,2.03471863455817e-05,1.03654872418701e-06,-5.02798498472901e-05,5.23529472955531e-05,2.11143908166282e-05,6.27056765977671e-05,-2.43241751705092e-05,-6.06327114119204e-05,-5.623179062067e-05,2.6514237398606e-05,0.00316177538845963,0.00985875831045924,0.000102632797142843,4.15912857811389e-05,-3.63085362414112e-05,8.2746028019276e-05,0
0,30,-3.86856262276719e-06,3.26470657341371e-05,1.90788890566118e-05,2.08444106331029e-06,-4.63781691905085e-05,5.05470513170181e-05,2.17252091458293e-05,6.38281656931278e-05,-2.46859165123348e-05,-6.1826706691484e-05,-5.84632983740979e-05,5.46132121015397e-06,0.00302426770537423,0.00961775067390835,9.69252205075266e-05,4.21029565472984e-05,-3.71407901791493e-05,6.39246195842519e-05,0
0,31,-3.09485009821383e-06,3.13384758729995e-05,1.7810814126662e-05,3.37886428947165e-06,-4.25200714669893e-05,4.92778000460437e-05,2.19530301906919e-05,6.39572067071686e-05,-2.4667442833845e-05,-6.20060049275756e-05,-5.94849333318964e-05,-1.24018707652329e-05,0.00288917607940764,0.00936490503629539,9.1797871513033e-05,4.20041765164768e-05,-3.73385620937305e-05,4.70830625666635e-05,0
0,32,-2.47588007857114e-06,2.99279450648449e-05,1.65534353029351e-05,4.87388927972177e-06,-3.8731613653753e-05,4.84793922130855e-05,2.18858967513426e-05,6.33179705777989e-05,-2.43584603704522e-05,-6.13983825224901e-05,-5.94703605219932e-05,-2.72993818666994e-05,0.00275747631690049,0.00910348302852082,8.72110058668385e-05,4.14320738264563e-05,-3.70399221520379e-05,3.21709786552937e-05,0
0,33,-1.98070406285698e-06,2.84532486738431e-05,1.53154159299174e-05,6.52595208494589e-06,-3.50355882589026e-05,4.80874924289054e-05,2.15943399225552e-05,6.20910833196153e-05,-2.38309552538368e-05,-6.01870129123272e-05,-5.85823079542885e-05,-3.94665965066099e-05,0.00262995710102398,0.00883642935630125,8.3123080687808e-05,4.04967433970602e-05,-3.63560576584904e-05,1.91157114476787e-05,0
0,34,-1.58456325028566e-06,2.69441195408504e-05,1.41038372833968e-05,8.29447116790227e-06,-3.14514362246276e-05,4.80403785605432e-05,2.11348516998798e-05,6.04215943547579e-05,-2.31426605578483e-05,-5.85193894662994e-05,-5.69715448890395e-05,-4.91445028094895e-05,0.00250723662860874,0.00856637411958427,7.94918147851709e-05,3.92867426548781e-05,-3.53767289084511e-05,7.8270420795501e-06,0
0,35,-1.2676506002286e-06,2.54238426633524e-05,1.29244009747786e-05,1.01422435845322e-05,-2.79952854734811e-05,4.82797726424344e-05,2.05526282661857e-05,5.84260344562229e-05,-2.2339802045912e-05,-5.65143505293769e-05,-5.47762697449966e-05,-5.65748309967057e-05,0.00238977944314911,0.00829563993559823,7.62750581159155e-05,3.78734061900372e-05,-3.41745484834649e-05,-1.79856125170907e-06,0
0,36,-1.01412048018295e-06,2.39105261952144e-05,1.1781608188155e-05,1.20356699229163e-05,-2.46800770385969e-05,4.87514168840963e-05,1.98837480055482e-05,5.61979914904254e-05,-2.14592842366912e-05,-5.42676323572328e-05,-5.21218389999412e-05,-6.19959977116169e-05,0.00227791311807035,0.0080262529394961,7.34314939226932e-05,3.63142434848772e-05,-3.28083481205416e-05,-9.87415871167574e-06,0
0,37,-8.1129638414643e-07,2.24181176986527e-05,1.0678918326068e-05,1.39448463831737e-05,-2.15157509848574e-05,4.94054437509828e-05,1.91569095341834e-05,5.38125329494349e-05,-2.05304403041312e-05,-5.18562769948466e-05,-4.91207766358942e-05,-6.5639785579788e-05,0.00217184451348285,0.00775995683042918,7.09211947358401e-05,3.46556234152515e-05,-3.13258366907154e-05,-1.65190089438938e-05,0
0,38,-6.49037107317212e-07,2.09572191887109e-05,9.61888943717959e-06,1.58435541295354e-05,-1.85094715313694e-05,5.01965797905513e-05,1.83948256071743e-05,5.13297283279146e-05,-1.95764403554399e-05,-4.93421465826704e-05,-4.58730109864219e-05,-6.77286875881006e-05,0.0020716753896588,0.00749822922208043,6.87060513219206e-05,3.29349027207403e-05,-2.97657062272305e-05,-2.18556766016786e-05,0
0,39,-5.19229685853836e-07,1.953574269975e-05,8.60330257079767e-06,1.77091699584686e-05,-1.56658759223882e-05,5.10842158394365e-05,1.7615346460189e-05,4.87974663867796e-05,-1.8615430660493e-05,-4.67747378404132e-05,-4.24662923990266e-05,-6.8473847168779e-05,0.00197741721251887,0.00724229964435974,6.67500917618247e-05,3.11821199265906e-05,-2.81593071799202e-05,-2.60075547697525e-05,0
0,40,-4.15383748683135e-07,1.81594390129547e-05,7.63327197272901e-06,1.95225177084257e-05,-1.2987335353265e-05,5.20323707702275e-05,1.683236925204e-05,4.6253718030409e-05,-1.76614597513641e-05,-4.41934463797089e-05,-3.89767510410449e-05,-6.80735270167793e-05,0.00188900503116418,0.00699316862623434,6.50197061234925e-05,2.9421348778369e-05,-2.65319866283448e-05,-2.90967759757343e-05,0
0.5,1,-0.0025,-0.00107443189899858,-0.00263896627982363,-0.00259278925329309,-0.00262058700965628,-0.0025649914969299,0.00432879406892482,0.0107125131901655,-0.00449608810832913,-0.0108140764898419,0.000126656286110263,0.000190956691431113,0.000126656286110638,0.000190956691430877,5.55955127263807e-05,0.00638371912124068,-0.00631798838151279,6.43004053208496e-05,6.94943909079759e-06
0.5,2,-0.002,-0.00149905202067013,-0.00169723810454647,-0.00200468444724688,-0.00205594389814467,-0.0019534249963491,0.00112361682341008,0.00270045076345133,-0.00125486495913003,-0.00277779850068051,0.00023277346012246,0.000361773253340775,0.000356263339079455,0.000547956027485696,0.000102518901795579,0.00157683394004125,-0.00152293354155048,0.000128999793218315,1.28148627244473e-05
0.5,3,-0.0016,-0.00157614640248127,-0.0011152819268111,-0.00149960311625008,-0.00157062114356255,-0.00142858508893762,-0.000491835276269909,-0.00133209132470235,0.000391569360842489,0.00127552512724138,0.000312854470926854,0.000505317700816701,0.000660211226529483,0.0010395748276153,0.000142036054624928,-0.00084025604843244,0.000883955766398895,0.000192463229889847,1.7754506828116e-05
0.5,4,-0.00128,-0.00148125564179602,-0.000756651253009166,-0.00109600704039514,-0.00118336727381585,-0.00100864680697443,-0.00120506524123871,-0.00310617856070457,0.00112952098699107,0.00306624022248901,0.000366976864600604,0.000619491196817354,0.00101068281046679,0.0016330766537429,0.000174720466841416,-0.00190111331946586,0.00193671923549794,0.000252514332216749,2.1840058355177e-05
0.5,5,-0.001024,-0.00131326388061792,-0.000535408582516883,-0.000788436213811305,-0.000888907903199843,-0.000687964524422768,-0.00142665692340822,-0.00364971783887113,0.00136991047948677,0.00362247722335864,0.000397887054771159,0.000705020500344308,0.00138330279497634,0.00229727023774373,0.000200943378777074,-0.00222306091546291,0.00225256674387186,0.000307133445573149,2.51179223471343e-05
0.5,6,-0.000819199999999999,-0.00112550663054267,-0.000397929639096128,-0.000562094733606133,-0.000672638502437484,-0.000451550964774672,-0.0013967078892599,-0.00356390281828387,0.00135376773435682,0.00354602322452713,0.000409369097562659,0.000764125865227783,0.00175808932266452,0.00300396434702765,0.000221087537662812,-0.00216719492902397,0.00219225549017031,0.000354756767665124,2.76359422078515e-05
0.5,7,-0.000655359999999999,-0.000944845269420069,-0.000311079539944581,-0.000400174591265068,-0.00051798315089846,-0.000282366031631676,-0.00125182828282678,-0.0031908956965035,0.00121876107561791,0.00317971514252374,0.000405370392225546,0.000799729306068933,0.00211950748182321,0.00372859454442054,0.000235617119266784,-0.00193906741367672,0.00196095406690583,0.000394358913843387,2.94521399083481e-05
0.5,8,-0.000524287999999999,-0.000783193288156347,-0.000254597332887463,-0.000287187901036878,-0.000409727417076344,-0.000164648384997301,-0.00106684697800214,-0.00271819061213538,0.00104069064188171,0.00271167120133549,0.000389567238258073,0.000814993085374194,0.00245608703303546,0.00445037276618443,0.000245079032079043,-0.00165134363413324,0.00167098055945378,0.00042542584711612,3.06348790098804e-05
0.5,9,-0.000419430399999999,-0.000644361447285968,-0.000216234099361112,-0.000210195288714243,-0.000335233583417249,-8.51569940112373e-05,-0.000880455688534789,-0.00224278141341704,0.00085905491836108,0.00223940954052286,0.000365178775887973,0.000813057876511258,0.00275986363309766,0.00515217132354095,0.000250076589406012,-0.00136232572488225,0.00138035462216178,0.000447879100623286,3.12595736757515e-05
0.5,10,-0.000335544319999999,-0.000528036438354418,-0.000188676568510182,-0.000158993842958366,-0.000284612128649497,-3.33755572673455e-05,-0.000710758342156512,-0.00181007387327854,0.000692589163842725,0.00180875233606148,0.00033491562340196,0.000796900302364456,0.00302578266567277,0.00582026734281715,0.000251236571382152,-0.00109931553112202,0.00111616317221876,0.000461984678962496,3.1404571422769e-05
0.5,11,-0.000268435455999999,-0.000432029444906501,-0.000167618328415164,-0.000125844773564254,-0.0002504344829658,-1.25506416270849e-06,-0.000564546245880709,-0.00143710323964663,0.000548558913230773,0.00143705354417675,0.000300997102568409,0.000769260962428853,0.00325113520159892,0.00644402162167523,0.000249179418803092,-0.000872556993765922,0.00088849463094598,0.000468263859860443,3.11474273503864e-05
0.5,12,-0.000214748364799999,-0.000353498229745064,-0.000150562150597056,-0.000105043291060536,-0.000227291389920614,1.72048077995424e-05,-0.000442721037083968,-0.00112611588196306,0.000428211122091057,0.00112679712283754,0.000265199632761948,0.000732613504296056,0.00343505645432085,0.00701553458543014,0.000244496197720157,-0.000683394844879094,0.000698586000746487,0.000467413871534109,3.05620247150196e-05
0.5,13,-0.00017179869184,-0.000289572963134255,-0.000136083941823073,-9.24777577531177e-05,-0.000211344198538188,2.63886830318416e-05,-0.000343385021749736,-0.000872315326558445,0.000329893149681446,0.000873360211785565,0.000228915886567899,0.000689157203108512,0.00357809592953107,0.00752930342390279,0.00023773288157003,-0.00052893030480871,0.000543467062104119,0.000460241316540613,2.97166101962537e-05
0.5,14,-0.000137438953472,-0.000237645078171145,-0.000123385487004191,-8.52410293642469e-05,-0.00019993157949183,2.94495207635581e-05,-0.000263541809079545,-0.00066813035513167,0.000250778500166526,0.000669296437165942,0.000193214182647949,0.000640822723011594,0.00368185771394103,0.00798189356131651,0.000229381100255388,-0.000404588546052125,0.000418517936999416,0.000447608540363645,2.86726375319235e-05
0.5,15,-0.0001099511627776,-0.000195472786144624,-0.000112026111015684,-8.13135544597277e-05,-0.000191250564326562,2.86234554072173e-05,-0.000199985218926047,-0.000505450317457037,0.000187776091991262,0.000506583690640841,0.000158893183870551,0.000589285047904495,0.00374870445496267,0.00837163127018847,0.000219874019733779,-0.00030546509853099,0.000318807598649579,0.000430391864033944,2.74842524667224e-05
0.5,16,-8.79609302220797e-05,-0.000161192395061738,-0.000101764040605468,-7.93171366803014e-05,-0.00018411013007924,2.54758567186375e-05,-0.000149725880859652,-0.000376701473718516,0.000137972587707119,0.000377710214711821,0.000126530021536689,0.0005359801153349,0.00378151686512584,0.00869832060376829,0.000209585986797878,-0.000226975592858863,0.000239737627004702,0.000409450093798211,2.61982483497347e-05
0.5,17,-7.03687441776637e-05,-0.000133285772263347,-9.24642642979867e-05,-7.83297741033806e-05,-0.000177747147483309,2.1087599276548e-05,-0.000110163376358368,-0.000275284368543238,9.88162857311486e-05,0.000276119352272175,9.6521547089598e-05,0.000482123169951498,0.00378350049058707,0.00896298575862531,0.000198834746759857,-0.00016512099218487,0.000177303066541026,0.0003856016228619,2.48543433449822e-05
0.5,18,-5.6294995342131e-05,-0.000110531338409547,-8.40461903023337e-05,-7.77496891551932e-05,-0.00017169232927372,1.61929509634451e-05,-7.91251541734823e-05,-0.000195675758842391,6.81645933551939e-05,0.000196316934274479,6.91191618871073e-05,0.000428727703626175,0.00375803214020998,0.00916763881828597,0.000187885280237166,-0.000116550604668909,0.000128152340919285,0.000359608541739068,2.34856600296457e-05
0.5,19,-4.50359962737048e-05,-9.1952682292229e-05,-7.64547745125688e-05,-7.71972456857783e-05,-0.000165674516364733,1.12800249931766e-05,-5.48411762904752e-05,-0.000133367959880296,4.42647829225346e-05,0.000133814603294161,4.44579718696242e-05,0.000376624330698946,0.00370853930857429,0.00931507217852801,0.00017695454135791,-7.85267835898204e-05,8.95498203716261e-05,0.000332166358829322,2.21193176697387e-05
0.5,20,-3.60287970189638e-05,-7.67713868496944e-05,-6.9645248326311e-05,-7.64451606866112e-05,-0.000159553452745209,6.66313137198671e-06,-3.58922147e-05,-8.47408616766118e-05,2.57065801409079e-05,8.50046947572097e-05,2.25810761159267e-05,0.000326479216125802,0.0036384069019757,0.00940867459019046,0.000166216584117196,-4.88486469766118e-05,5.92981146163019e-05,0.000303898140009876,2.07770730146495e-05
0.5,21,-2.8823037615171e-05,-6.43665812634087e-05,-6.35755563497264e-05,-7.53693764380392e-05,-0.00015327324015757,2.53448728160244e-06,-2.11516503354318e-05,-4.69166473703667e-05,1.13669343980993e-05,4.70170028263606e-05,3.45974954923944e-06,0.000278811824478073,0.00355090647897605,0.0094522695499144,0.000155807727439172,-2.57649970349348e-05,3.56500684282612e-05,0.000275352074928834,1.94759659298965e-05
0.5,22,-2.30584300921368e-05,-5.4241638024477e-05,-5.82030410470891e-05,-7.39147650995475e-05,-0.000146830532082864,-9.98998116119587e-07,-9.73036689887533e-06,-1.76215352453227e-05,3.56943032575607e-07,1.75819789562798e-05,-1.29898126789846e-05,0.000234011842550577,0.00344914400432295,0.00944997465371689,0.000145831533966745,-7.89116834644735e-06,1.72250359237042e-05,0.000247001655229562,1.82289417458431e-05
0.5,23,-1.84467440737094e-05,-4.59974519193551e-05,-5.34833737576568e-05,-7.20713451278776e-05,-0.000140253079237262,-3.8896110183817e-06,-9.28701293697459e-07,4.9352788047477e-06,-8.02482861317344e-06,-5.08929168546723e-06,-2.68926239427453e-05,0.000192355178267781,0.0033360227802719,0.00940608046564151,0.000136363468218881,5.86398009844516e-06,2.93553692770621e-06,0.000219247802210526,1.70454335273601e-05
0.5,24,-1.47573952589675e-05,-3.93113602057404e-05,-4.937060095489e-05,-6.98578753038914e-05,-0.00013358545693487,-6.1302936729124e-06,5.80353057779565e-06,2.21627231271337e-05,-1.43314102528241e-05,-2.24054579877203e-05,-3.84034386207849e-05,0.000154018970424635,0.00321421877214423,0.00932494742442547,0.000127455163261958,1.63591925493381e-05,-8.07404773489617e-06,0.00019242240904542,1.59318954077448e-05
0.5,25,-1.1805916207174e-05,-3.39206957620242e-05,-4.58176837045965e-05,-6.73105902727622e-05,-0.000126879724207107,-7.74145633852807e-06,1.0899334383134e-05,3.5169849110922e-05,-1.8999130918379e-05,-3.54763795033103e-05,-4.76973017659865e-05,0.000119095566473854,0.00308616600107481,0.00921091930528828,0.000119138267868579,2.4270514727788e-05,-1.64772485849313e-05,0.00016679286823984,1.48922834835724e-05
0.5,26,-9.44473296573919e-06,-2.96100426435686e-05,-4.27772010124228e-05,-6.44755026655286e-05,-0.000120189439562601,-8.76156576845588e-06,1.4700153041617e-05,4.48310944202099e-05,-2.2372852617733e-05,-4.51780170243749e-05,-5.49617981179529e-05,8.76054435683116e-05,0.00295405005293059,0.00906825176622483,0.000111427873794145,3.01309413785929e-05,-2.28051644066418e-05,0.000142567241686264,1.39284842242682e-05
0.5,27,-7.55578637259134e-06,-2.62013969911656e-05,-4.02020523992963e-05,-6.14031734142984e-05,-0.000113565943255844,-9.24040357286326e-06,1.74759389897083e-05,5.18375976538699e-05,-2.47258052662458e-05,-5.22034803003973e-05,-6.03907381621915e-05,5.95090634834816e-05,0.00281980806344517,0.00890105453555279,0.000104325539682981,3.43616586641615e-05,-2.74776750341515e-05,0.000119899801645673,1.30406924603726e-05
0.5,28,-6.04462909807307e-06,-2.35465799500734e-05,-3.80460850883946e-05,-5.81451897176954e-05,-0.000107056158526353,-9.23422090914894e-06,1.94407683651483e-05,5.6737239870007e-05,-2.62750605054124e-05,-5.71028777080207e-05,-6.41790632975869e-05,3.47176657390647e-05,0.00268513379856117,0.00871324583790312,9.7821937617204e-05,3.72964715048586e-05,-3.08278172026083e-05,9.88967290366516e-05,1.22277422021505e-05
0.5,29,-4.83570327845844e-06,-2.15213818712812e-05,-3.62646185947391e-05,-5.47518264953917e-05,-0.000100701402940939,-8.80225004984414e-06,2.07649404429695e-05,5.99657544462853e-05,-2.71935552569741e-05,-6.03142879836149e-05,-6.65187874468592e-05,1.31030154783135e-05,0.00255148666615046,0.00850851770743333,9.18991528910951e-05,3.92008140033158e-05,-3.31207327266408e-05,7.96218029251727e-05,1.14873941113869e-05
0.5,30,-3.86856262276675e-06,-2.00210304790449e-05,-3.4814863137278e-05,-5.12705308448602e-05,-9.45368653675338e-05,-8.00419632218663e-06,2.15843415990007e-05,6.1870851255523e-05,-2.76194222972176e-05,-6.21877850896929e-05,-6.75958205586524e-05,-5.4938665346449e-06,0.00242010367893819,0.00829031089821353,8.65326690453472e-05,4.02865096565223e-05,-3.45683627924753e-05,6.21019540240075e-05,1.08165836306684e-05
0.5,31,-3.09485009821339e-06,-1.89566684090092e-05,-3.36562390409467e-05,-4.77449814222375e-05,-8.85915162844864e-05,-6.89844656009964e-06,2.20076974686775e-05,6.27309217149999e-05,-2.76632366900675e-05,-6.30040723262754e-05,-6.75875420306782e-05,-2.12549551261432e-05,0.00229201354493469,0.00806179817063146,8.16930697243867e-05,4.07232242463224e-05,-3.53408356362078e-05,4.6332586904535e-05,1.02116337155483e-05
0.5,32,-2.4758800785707e-06,-1.82525992318272e-05,-3.27506083626083e-05,-4.42145514175651e-05,-8.28882951052767e-05,-5.54080772974253e-06,2.21222022194004e-05,6.27695601470857e-05,-2.74136570180411e-05,-6.2988953746082e-05,-6.66610104319149e-05,-3.4378408680133e-05,0.0021680521958789,0.00782587480768626,7.73474873755342e-05,4.06473579276853e-05,-3.55752967280409e-05,3.22826017517819e-05,9.66843592194178e-06
0.5,33,-1.98070406285656e-06,-1.784411856387e-05,-3.2062430769475e-05,-4.07140560177988e-05,-7.74444693800724e-05,-3.98364265541407e-06,2.19979030356039e-05,6.21668627749719e-05,-2.69418327980553e-05,-6.23245989286036e-05,-6.49717110284692e-05,-4.5072643166208e-05,0.002048879179954,0.00758515529432735,7.34608267246584e-05,4.0168959739368e-05,-3.53827661305484e-05,1.98990678622613e-05,9.1826033405823e-06
0.5,34,-1.58456325028524e-06,-1.76757911547476e-05,-3.15588550531265e-05,-3.72737007489077e-05,-7.22720950837585e-05,-2.27530641405682e-06,2.1691129672291e-05,6.10682460213743e-05,-2.63048634190494e-05,-6.11583389622111e-05,-6.2662755286727e-05,-5.35512367857149e-05,0.00193499444516831,0.00734197517518353,6.99967886697017e-05,3.93771163490833e-05,-3.48534755431618e-05,9.11151850101211e-06,8.74959858371271e-06
0.5,35,-1.26765060022819e-06,-1.77000686645279e-05,-3.12097564949543e-05,-3.39191712730447e-05,-6.73785302429675e-05,-4.59812303010843e-07,2.12471901389899e-05,5.95913534217549e-05,-2.55485266151129e-05,-5.96095601311242e-05,-5.98644573098772e-05,-6.00286064589145e-05,0.00182675512672947,0.00709839718934546,6.69187179399566e-05,3.8344163282765e-05,-3.40610335160113e-05,-1.64149149037285e-07,8.36483974249458e-06
0.5,36,-1.01412048018254e-06,-1.78761685365458e-05,-3.09877290570748e-05,-3.06718217912838e-05,-6.27669696292577e-05,1.42332604657902e-06,2.07025006949586e-05,5.78314870634394e-05,-2.47094425945282e-05,-5.77751291028078e-05,-5.66942214770411e-05,-6.47163953436114e-05,0.00172439202708397,0.00685622086426818,6.41902956758367e-05,3.71289863684808e-05,-3.30656865082796e-05,-8.02217386657034e-06,8.02378695947958e-06
0.5,37,-8.11296384146031e-07,-1.81691538374551e-05,-3.08680402230088e-05,-2.75489306715837e-05,-5.84369786972294e-05,3.33911735417303e-06,2.00862780574372e-05,5.58658971078138e-05,-2.38168003338646e-05,-5.57336815519699e-05,-5.32566837062043e-05,-6.78205097120604e-05,0.00162802554270058,0.00661699483294953,6.17760960514024e-05,3.57796190503766e-05,-3.19168812181053e-05,-1.45638260058562e-05,7.72201200642531e-06
0.5,38,-6.49037107316821e-07,-1.85491686319761e-05,-3.08285553239918e-05,-2.45639999706393e-05,-5.43850120674483e-05,5.25701212628071e-06,1.9421891215312e-05,5.37571848215068e-05,-2.28937424907316e-05,-5.35490283817552e-05,-4.96440559733385e-05,-6.95387436781408e-05,0.00153768084815997,0.00638203121844771,5.9642024193729e-05,3.43352936061948e-05,-3.06552858910236e-05,-1.98946877048023e-05,7.45525302421612e-06
0.5,39,-5.19229685853454e-07,-1.89907945764567e-05,-3.08496373409017e-05,-2.1727081276679e-05,-5.06049067623415e-05,7.15074420898354e-06,1.87279471958075e-05,5.15560150487274e-05,-2.19584826578051e-05,-5.12728744699459e-05,-4.59366301516634e-05,-7.00589313126776e-05,0.00145330219680417,0.00615242150667328,5.77556509713251e-05,3.28280678529198e-05,-2.93143918121408e-05,-2.41223011610142e-05,7.21945637141563e-06
0.5,40,-4.15383748682761e-07,-1.94725027899967e-05,-3.09140274548092e-05,-1.90451145017922e-05,-4.70883438403735e-05,8.99811483678903e-06,1.80191677382202e-05,4.93032887789804e-05,-2.10252115066117e-05,-4.89469997874692e-05,-4.2203403005453e-05,-6.95575674709153e-05,0.00137476623887878,0.00592905340153571,5.60864586771626e-05,3.12841210407602e-05,-2.79217882808575e-05,-2.73541644654623e-05,7.01080733464532e-06
1,1,-0.0025,-0.00115149798397707,-0.00284743200954762,-0.00267486302389053,-0.00269764996177002,-0.00265207608601115,0.00466375818741363,0.011566306671155,-0.00483597180113471,-0.0116713181687021,0.000116321460104582,0.000165966988286151,0.000116321460104984,0.000165966988285859,4.55738757588753e-05,0.0069025484837414,-0.00683534636756743,4.96455281815689e-05,1.13934689397188e-05
1,2,-0.002,-0.00162095689141961,-0.00188294376184894,-0.00207884514008372,-0.0021214606439206,-0.00203622963624683,0.00130202944087098,0.00316126362610664,-0.0014374600597556,-0.00324189009251155,0.000214744951753706,0.000317135898085519,0.000328158375356047,0.000478953711664509,8.52310076737695e-05,0.00185923418523565,-0.00180443003275595,0.000102390946331812,2.13077519184424e-05
1,3,-0.0016,-0.00172326434604275,-0.00128902660865515,-0.00156854938728634,-0.00162841125907642,-0.00150868751549638,-0.000402363008362626,-0.00109632095538026,0.000298407865358966,0.00103658302547374,0.000289037658206856,0.000445480899631034,0.000608992074178971,0.00091246076850382,0.000119723743580047,-0.000693957947017633,0.000738175160114776,0.000156443241424178,2.99309358950117e-05
1,4,-0.00128,-0.00164154936208982,-0.00092417620185592,-0.00116268994036084,-0.00123727002996088,-0.0010881098507608,-0.00116469809340483,-0.00299623306823096,0.00108571277432046,0.00295314831454428,0.000338823087639578,0.000548216954087702,0.00093259035996418,0.00143786620337849,0.000149160179200081,-0.00183153497482614,0.00186743554022382,0.000209393866448124,3.72900448000202e-05
1,5,-0.001024,-0.00147926275318566,-0.000699386468388297,-0.000855284468974538,-0.000942040150972656,-0.00076852878697653,-0.00141233735056535,-0.0036078916812048,0.00135219902981638,0.00357746104640735,0.000366554764657093,0.000625515703883264,0.00127583036562129,0.00202743525217741,0.000173511363996126,-0.00219555433063945,0.00222526201659097,0.000258960939226172,4.33778409990315e-05
1,6,-0.000819200000000001,-0.00129249692786693,-0.000559239108113618,-0.000630771250233808,-0.000727185055762747,-0.000534357444704869,-0.00139539764095942,-0.00355730212413796,0.00134897532224809,0.00353614372834762,0.000375814898224192,0.000679128386622055,0.00161974950470523,0.00265587775749498,0.000192827611057877,-0.00216190448317855,0.00218716840609953,0.000303313488397863,4.82069027644694e-05
1,7,-0.000655360000000001,-0.00110979298894964,-0.000469612455699986,-0.00047159446838041,-0.000575246284191477,-0.000367942652569453,-0.00125638526202202,-0.0032012585152702,0.0012196624689302,0.00318668947286543,0.000370400202989091,0.00071156811249147,0.00194965597007624,0.00330104892604943,0.000207303631622024,-0.00194487325324818,0.00196702700393524,0.00034116790950238,5.18259079055061e-05
1,8,-0.000524288000000001,-0.000944106348648166,-0.000409761273997833,-0.000361647608917437,-0.000470283558239859,-0.000253011659595015,-0.00107353281675062,-0.00273573586723819,0.00104351067444683,0.00272571762778756,0.000353865414843252,0.000725633604222453,0.00225477998566781,0.00394415630712075,0.000217271898644844,-0.00166220305048757,0.00168220695334073,0.000371768189379201,5.4317974661211e-05
1,9,-0.000419430400000001,-0.000799913019258636,-0.000367257079183947,-0.000287533108118798,-0.000399116886374506,-0.00017594932986309,-0.000887446778161303,-0.00226253328604838,0.00086196780117255,0.00225556640349218,0.000329325510949038,0.000724139111773325,0.00252773599697509,0.00456969151121545,0.000223167556511417,-0.00137508650788707,0.00139359860231963,0.000394813600824287,5.57918891278542e-05
1,10,-0.000335544320000001,-0.000677341899149919,-0.000334784385058295,-0.000238742312771989,-0.000351485869396484,-0.000125998756147494,-0.000717269913356132,-0.00182969663800141,0.000694831623511832,0.00182470759634386,0.000299398439582571,0.000709767334544587,0.00276394103663335,0.00516521655797941,0.00022548711324899,-0.00111242672464528,0.00112987597283203,0.000410368894962015,5.63717783122475e-05
1,11,-0.000268435456000001,-0.000574512705552976,-0.000308130839093756,-0.000207358628895093,-0.000319734235763924,-9.49830220262626e-05,-0.000570327535595249,-0.00145564957571662,0.000549916218726271,0.00145188863181417,0.000266219588014774,0.000684994758499924,0.00296106209873148,0.00572108090253032,0.000224751213737662,-0.000885322040121367,0.000901972413087898,0.00041877517048515,5.61878034344154e-05
1,12,-0.000214748364800001,-0.00048880946167662,-0.00028493882477143,-0.000187598497568109,-0.00029833615587127,-7.68608392650583e-05,-0.000447772395050873,-0.00114332133243025,0.000428727097019493,0.00114027795374419,0.000231489028006543,0.00065205897346518,0.00311852457426998,0.00623011285343189,0.000221475316606212,-0.000695548937379373,0.000711550856724696,0.000420569945458638,5.53688291515531e-05
1,13,-0.000171798691840001,-0.000417535589917417,-0.000263938492032767,-0.000175343223818292,-0.000283417626884885,-6.7268820751698e-05,-0.000347805669495962,-0.000888214443122128,0.000329712746244312,0.000885550869613574,0.000196530265321126,0.000612949878975561,0.00323709172523401,0.00668730991107225,0.000216148806133187,-0.000540408773626166,0.000555838123369262,0.000416419613654434,5.40372015332968e-05
1,14,-0.000137438953472,-0.000358219344726018,-0.000244482395233336,-0.000167727100090387,-0.000272337888740704,-6.31163114401811e-05,-0.000267452889327949,-0.000682858587370938,0.000250067278652788,0.000680359436453309,0.000162349502317111,0.000569414159259776,0.00331851393442051,0.00708954132255446,0.000209221577300522,-0.000415405698042989,0.000430292157800521,0.000407064656942666,5.23053943251306e-05
1,15,-0.0001099511627776,-0.000308728782295375,-0.000226267250819867,-0.000162802062386613,-0.000263350367374238,-6.2253757398989e-05,-0.000203494962564332,-0.000519150266491228,0.000186683100727919,0.000516685269228559,0.000129690246887471,0.000522966875505099,0.00336524133294702,0.00743526966499619,0.000201096609975249,-0.000315655303926896,0.00033000216850064,0.000393276628617628,5.02741524938122e-05
1,16,-8.79609302220804e-05,-0.000267288634816953,-0.000209170555985239,-0.000159277535889291,-0.000255341043642443,-6.32140281360272e-05,-0.000152917329691159,-0.000389485532136899,0.000136616770137418,0.000386982512032924,9.908128467917e-05,0.00047490665837284,0.00338019158430214,0.00772429458174351,0.000192127015506416,-0.00023656820244574,0.000250365741895506,0.00037582537369367,4.8031753876604e-05
1,17,-7.03687441776643e-05,-0.000232451259833732,-0.000193156875077594,-0.000156325243642175,-0.000247633355910493,-6.50171313738568e-05,-0.000113093373889823,-0.000287226036069531,9.72848606640153e-05,0.000284651620362605,7.08776827939156e-05,0.000426332514483443,0.00336656447748851,0.00795751973168368,0.000182616224536636,-0.000174132662179707,0.00018736675969859,0.000355454831689528,4.5654056134159e-05
1,18,-5.62949953421315e-05,-0.000203050061157617,-0.000178225800145149,-0.000153436342579916,-0.000239846463860882,-6.70262212989492e-05,-8.18282867862639e-05,-0.000206814079265441,6.65168761640328e-05,0.000204160111715021,4.52952780149313e-05,0.000378161135469998,0.00332769564356639,0.00813674287386146,0.000172820242561933,-0.000124985792479177,0.000137643235550988,0.000332865857455067,4.32050606404832e-05
1,19,-4.50359962737052e-05,-0.000178150006008071,-0.000164384426838082,-0.000150318868424981,-0.000231794446753364,-6.88432900964875e-05,-5.73352854665136e-05,-0.000143716704374595,4.2537902603057e-05,0.00014099078824148,2.243941463137e-05,0.00033114408967154,0.00326694266710792,0.00826446839168682,0.000162951156656876,-8.63814189080818e-05,9.84528856384226e-05,0.00030870467504017,4.07377891642191e-05
1,20,-3.60287970189641e-05,-0.000157002096516257,-0.000151633950234653,-0.000146825277747342,-0.000223415928102155,-7.02346273926402e-05,-3.81838008245011e-05,-9.42982366676434e-05,2.39212890507101e-05,9.15172291991728e-05,2.32876404064608e-06,0.000285884548044277,0.00318759786447043,0.00834374122993875,0.000153181300709515,-5.61144358431423e-05,6.75959401484627e-05,0.000283555784003631,3.82953251773788e-05
1,21,-2.88230376151713e-05,-0.000139004432334389,-0.000139964166193107,-0.000142901947774887,-0.000214725781460201,-7.10781140896843e-05,-2.32404423087841e-05,-5.56736385046649e-05,9.53269545192481e-06,5.28592323710136e-05,-1.50849909881928e-05,0.000242853343955407,0.0030928229268703,0.00837800104314557,0.000143647667370517,-3.24331961958808e-05,4.33265369190888e-05,0.0002579383349436,3.59119168426292e-05
1,22,-2.30584300921371e-05,-0.000123670329264636,-0.0001293522214042,-0.000138554410627822,-0.000205782557417988,-7.13262638376566e-05,-1.16128429624267e-05,-2.55682550607886e-05,-1.52398292527223e-06,2.27440231997528e-05,-2.99009203019174e-05,0.000202404247193325,0.0029856014333971,0.0083709552642599,0.000134456293580332,-1.39554120983619e-05,2.4268006125025e-05,0.000232305167495242,3.36140733950829e-05
1,23,-1.84467440737097e-05,-0.000110602940537108,-0.000119763501633452,-0.00013382370193471,-0.000196666926225331,-7.09804776442002e-05,-2.60060073584839e-06,-2.19475935785141e-06,-9.95429798883452e-06,-6.15780767043717e-07,-4.22554777438355e-05,0.00016478837754226,0.00286870591981803,0.00832646976019547,0.00012568644858113,4.05841377996985e-07,9.3385172217908e-06,0.000207043855286096,3.14216121452826e-05
1,24,-1.47573952589677e-05,-9.94754347325433e-05,-0.00011115347021029,-0.00012877046905968,-0.000187467731960878,-7.0073206158483e-05,4.34555560791666e-06,1.5849668769323e-05,-1.63131926381455e-05,-1.86242846091367e-05,-5.23115187026496e-05,0.000130167710140322,0.00274467675311918,0.00824847572633125,0.000117394525802395,1.15041131614063e-05,-2.31109197099122e-06,0.000182479228842972,2.93486314505986e-05
1,25,-1.18059162071742e-05,-9.00157129137824e-05,-0.000103469810763257,-0.00012346444456246,-0.000178273239428872,-6.86556496960478e-05,9.65674606801317e-06,2.96666928533695e-05,-2.10374215547787e-05,-3.23851791847601e-05,-6.02493089145589e-05,9.86276428616012e-05,0.00261581052537707,0.00814089147603436,0.000109617589732824,2.00099467853564e-05,-1.13477576299814e-05,0.00015887695177616,2.74043974332061e-05
1,26,-9.44473296573935e-06,-8.19947263772658e-05,-9.66545406348995e-05,-0.000117977599319197,-0.000169165880202771,-6.67893184355117e-05,1.36720605080042e-05,4.01230726073606e-05,-2.44713369007554e-05,-4.27676597615778e-05,-6.62592011565211e-05,7.01886098093685e-05,0.00248415606108576,0.00800755779894313,0.000102376561767259,2.64510120993565e-05,-1.82963228608224e-05,0.00013644781096589,2.55941404418147e-05
1,27,-7.55578637259148e-06,-7.52175931222343e-05,-9.06459373293256e-05,-0.000112379801796569,-0.000160219326694189,-6.45402768990611e-05,1.66589869745812e-05,4.79026546342104e-05,-2.68871298504114e-05,-5.0458188830621e-05,-7.05357143074015e-05,4.48167368393426e-05,0.002351516445251,0.00785218559080914,9.56790497951276e-05,3.12436676596292e-05,-2.35710589802096e-05,0.000115352451146744,2.39197624487819e-05
1,28,-6.04462909807319e-06,-6.95168583659811e-05,-8.53802163303108e-05,-0.000106736173710931,-0.000151497093037634,-6.19752543841168e-05,1.88292617665162e-05,5.35468381461027e-05,-2.85005913422537e-05,-5.6000807814649e-05,-7.32727953773743e-05,2.24335457098268e-05,0.00221945573874205,0.00767831449674805,8.95218386535168e-05,3.47175763795865e-05,-2.75002164723953e-05,9.57063410872011e-05,2.23804596633792e-05
1,29,-4.83570327845855e-06,-6.47473801942411e-05,-8.07929487173231e-05,-0.000101105587162365,-0.000143052119786824,-5.9159054537794e-05,2.03511127432193e-05,5.74859176499104e-05,-2.94833288750629e-05,-5.9828377183116e-05,-7.4660081699221e-05,2.92472321002102e-06,0.00208930926357453,0.00748928135753957,8.389306524903e-05,3.71348049066911e-05,-3.03450483080531e-05,7.7584804909242e-05,2.09732663122575e-05
1,30,-3.86856262276685e-06,-6.07824373017873e-05,-7.68202313492505e-05,-9.55399249153999e-05,-0.000134926977465311,-5.61528723654892e-05,2.13586996095604e-05,6.00633013723012e-05,-2.99722197871499e-05,-6.22867282376871e-05,-7.48800095485835e-05,-1.38520195806929e-05,0.00196219652243634,0.00728819730402019,7.87741050998214e-05,3.87046017627408e-05,-3.23145084505372e-05,6.10279899678906e-05,1.96935262749554e-05
1,31,-3.09485009821348e-06,-5.75107502709393e-05,-7.33996327588748e-05,-9.00838467132736e-05,-0.000127154445558775,-5.30132478676615e-05,2.19593947940709e-05,6.15542149970047e-05,-3.00767290964121e-05,-6.36533254176203e-05,-7.41056387109917e-05,-2.80599650103464e-05,0.00183903597066415,0.00707793240640964,7.41411976911133e-05,3.95948202029338e-05,-3.35765963212081e-05,4.60456737006454e-05,1.85352994227783e-05
1,32,-2.47588007857078e-06,-5.48341826771548e-05,-7.04709409913296e-05,-8.47748871234399e-05,-0.000119758305763829,-4.97914684831624e-05,2.22394093974364e-05,6.21801595399596e-05,-2.9884586088616e-05,-6.41517005142422e-05,-7.24990813101151e-05,-3.98772440773215e-05,0.00172056099008699,0.00686110685217223,6.99668372806661e-05,3.99407501425232e-05,-3.42671144256262e-05,3.26218372327935e-05,1.74917093201665e-05
1,33,-1.98070406285663e-06,-5.26659464301638e-05,-6.79767391965624e-05,-7.96437664087879e-05,-0.000112754243550728,-4.6533289266959e-05,2.22681540188938e-05,6.21201096142263e-05,-2.94662026980863e-05,-6.39626398559051e-05,-7.02104386154506e-05,-4.94914843241212e-05,0.00160733652671929,0.00664008769654334,6.62209542837688e-05,3.98519555953325e-05,-3.44964371578188e-05,2.07189542913294e-05,1.65552385709422e-05
1,34,-1.5845632502853e-06,-5.09291802666123e-05,-6.58628328314981e-05,-7.47148337346681e-05,-0.000106150788987458,-4.32788784817673e-05,2.21016328523574e-05,6.15192117207411e-05,-2.88781276644862e-05,-6.32328804444637e-05,-6.73771623661279e-05,-5.70952014255222e-05,0.001499775951185,0.00641699030270448,6.28719105056907e-05,3.94175788683837e-05,-3.43547527799776e-05,1.02819609406057e-05,1.57179776264227e-05
1,35,-1.26765060022824e-06,-4.9555804079171e-05,-6.40785498919882e-05,-7.0006587552407e-05,-9.99502523129081e-05,-4.00629227919058e-05,2.178509814579e-05,6.04955643734861e-05,-2.816576071768e-05,-6.20818942456552e-05,-6.41237679840506e-05,-6.2881882536614e-05,0.00139815778442109,0.00619368366259998,5.98873295210023e-05,3.87104662276962e-05,-3.39161335279753e-05,1.24188544743664e-06,1.49718323802506e-05
1,36,-1.0141204801826e-06,-4.8485577197166e-05,-6.25769331601411e-05,-6.55322352536292e-05,-9.41496260340458e-05,-3.69148444731016e-05,2.13551373225811e-05,5.91455243124997e-05,-2.73654972875875e-05,-6.06072030027438e-05,-6.05618363490185e-05,-6.70427076160107e-05,0.00130264200346186,0.0059717988634187,5.72347815609442e-05,3.77903869899186e-05,-3.32417057151563e-05,-6.48087126699226e-06,1.4308695390236e-05
1,37,-8.11296384146078e-07,-4.76653078000933e-05,-6.13148412113018e-05,-6.13002659125561e-05,-8.87414361340211e-05,-3.38590956910911e-05,2.08413233625908e-05,5.75478776409233e-05,-2.65064332248821e-05,-5.88885610258716e-05,-5.67902488956273e-05,-6.97638541020257e-05,0.00121328570447954,0.00575274003773174,5.48823404429299e-05,3.67065542783325e-05,-3.23821278009895e-05,-1.29736052063983e-05,1.37205851107325e-05
1,38,-6.49037107316863e-07,-4.70481748640061e-05,-6.02529729559764e-05,-5.73150179804527e-05,-8.37145321739285e-05,-3.09155037870879e-05,2.0267527499937e-05,5.57671343927521e-05,-2.56117279377049e-05,-5.69912634315883e-05,-5.28956079047099e-05,-7.12243303803151e-05,0.00113005795396237,0.00553769720640762,5.27990283868407e-05,3.54996068928151e-05,-3.13795354938834e-05,-1.83287224756051e-05,1.31997570967102e-05
1,39,-5.19229685853492e-07,-4.6593134627626e-05,-5.93558287589335e-05,-5.35772293724923e-05,-7.90548108878797e-05,-2.80996478569939e-05,1.96529695207955e-05,5.38561440094135e-05,-2.46997008825217e-05,-5.496877653062e-05,-4.89528001721973e-05,-7.15942843212553e-05,0.00105285370494101,0.00532766049192634,5.09551630308858e-05,3.4203174488618e-05,-3.02690756480983e-05,-2.2641484149058e-05,1.27387907577214e-05
1,40,-4.15383748682795e-07,-4.62643914056482e-05,-5.85916196713665e-05,-5.00845613352618e-05,-7.47458711111149e-05,-2.54232515595199e-05,1.90130630484051e-05,5.18581828855419e-05,-2.37847186587287e-05,-5.28648409270915e-05,-4.50256678715261e-05,-7.10337346647716e-05,0.000981506694445855,0.00512343524496384,4.9322619551595e-05,3.28451198371368e-05,-2.90801222683629e-05,-2.60080667932455e-05,1.23306548878988e-05
1.5,1,-0.0025,-0.001213755859794,-0.00301389387899897,-0.00273716238786614,-0.00275600002526533,-0.00271832475046696,0.00493121571705481,0.0122478435588995,-0.0051071543045263,-0.0123554782358877,0.000108263097046701,0.000146320316076282,0.000108263097046368,0.000146320316075865,3.76752747983655e-05,0.00731662784184468,-0.00724832393136139,3.80572190295803e-05,1.41282280493871e-05
1.5,2,-0.002,-0.0017202636757303,-0.00203209902120072,-0.00213326755255805,-0.00216907346041373,-0.00209746164470237,0.0014447010535967,0.00352957118903863,-0.00158317119773624,-0.00361262219557633,0.000200711035019813,0.000282071587097033,0.000306267554640804,0.000424733895271423,7.16118157113588e-05,0.00208487013544193,-0.00202945099784009,8.13605520772198e-05,2.68544308917595e-05
1.5,3,-0.0016,-0.00184413657300886,-0.0014297342843731,-0.00161784701247281,-0.00166892520944728,-0.00156676881549822,-0.000330937158870993,-0.000908251912516513,0.000224395670752747,0.000846214197801842,0.000270522339801793,0.000398513494364691,0.000569133205575945,0.000812629042254542,0.00010215639394906,-0.00057731475364552,0.000621818527049095,0.000127991154562898,3.83086477308975e-05
1.5,4,-0.00128,-0.00177435670053971,-0.00106114481261843,-0.00120978590253418,-0.0012743104173486,-0.00114526138771975,-0.0011328022834401,-0.002909405110776,0.00105145236588815,0.00286405738714103,0.000316957532191714,0.000492312846374077,0.000871862407628932,0.00128462616257252,0.000129049029628847,-0.00177660282733591,0.00181260502125288,0.000175355314182363,4.83933861108177e-05
1.5,5,-0.001024,-0.00161790367456272,-0.000834766364895545,-0.000902604459768863,-0.000978576444485402,-0.000826632475052436,-0.00140149870341515,-0.0035760734785151,0.00133902796473689,0.00354334217243221,0.00034223695471805,0.00056319880551596,0.00119230280215632,0.00181570931402408,0.000151943969432966,-0.00217457477509995,0.00220431420769532,0.00022096185079791,5.69789885373623e-05
1.5,6,-0.000819200000000004,-0.00143301106102989,-0.00069365932789256,-0.000680025693963193,-0.00076533979908211,-0.000594711588844277,-0.00139509949284225,-0.00355396629330128,0.00134624143698166,0.00353041811725816,0.000349783322149785,0.00061254984932449,0.00151227855425162,0.0023828664304979,0.000170628210237833,-0.00215886680045903,0.0021841766802765,0.000262766527174704,6.39855788391874e-05
1.5,7,-0.000655360000000004,-0.00124953700058383,-0.000602849696794139,-0.000523788657866175,-0.000616330143323296,-0.000431247172409055,-0.00126082723163797,-0.00321158295443885,0.00122148171137733,0.00319450730882427,0.000343275373188873,0.000642555057781408,0.00181774696358428,0.00296584982751646,0.000185082970914241,-0.00195075572280088,0.00197302559744694,0.000299279684592535,6.94061140928404e-05
1.5,8,-0.000524288000000004,-0.00108126648279661,-0.000541165025189083,-0.000417192791412613,-0.000514928210269106,-0.00031945737255612,-0.00107965973245605,-0.00275173924217996,0.00104678754771967,0.00273909002096359,0.000326173454669926,0.000655725795330978,0.00209847674416519,0.00354742937715979,0.000195470837712985,-0.00167207950972391,0.00169230247324392,0.000329552340661052,7.33015641423695e-05
1.5,9,-0.000419430400000003,-0.000933217073339598,-0.00049601344342376,-0.00034638908857898,-0.000447435970142074,-0.000245342207015886,-0.000893761671391257,-0.00228014443934465,0.000865198082186228,0.00227042987922846,0.000301512121941086,0.000654618790275299,0.00234752694750195,0.00411336243300564,0.000202093763126188,-0.00138638276795339,0.00140523179704223,0.000353106668334213,7.57851611723204e-05
1.5,10,-0.000335544320000003,-0.000805888178362357,-0.000460073769248837,-0.00030055618337177,-0.000403228749471185,-0.000197883617272354,-0.00072312909923118,-0.00184701169076688,0.000697387627547771,0.00183917629905266,0.000271837977990616,0.00064168518276693,0.00256067675180471,0.00465221355494805,0.000205345132198831,-0.0011238825915357,0.00114178867150488,0.000369847204776313,7.70044245745616e-05
1.5,11,-0.000268435456000003,-0.000697666821273479,-0.00042921647934413,-0.000271583806645492,-0.00037441713075903,-0.000168750482531954,-0.000575529969880988,-0.00147191346723093,0.000551627785371933,0.00146523162994279,0.000239221842737919,0.000619193588636532,0.0027358816757479,0.00515510180471068,0.000205666648227076,-0.000896383497349945,0.000913603844570857,0.000379971745898613,7.71249930851536e-05
1.5,12,-0.000214748364800002,-0.000606140010275924,-0.000401210915081718,-0.000253589048332059,-0.000355346055716632,-0.000151832040947597,-0.000452326842488509,-0.0011583470186394,0.000429642124588223,0.00115233508328066,0.000205305041675305,0.000589195943161397,0.0028727896755294,0.00561542020275407,0.000203514014769035,-0.000706020176150891,0.000722692958692442,0.000383890901486092,7.63177555383882e-05
1.5,13,-0.000171798691840002,-0.000528771873077538,-0.000374930461074396,-0.000242424021248078,-0.000342089990381433,-0.000142758052114722,-0.000351803800089381,-0.000902063018171764,0.000329965327976134,0.000896410376108228,0.000171357828268229,0.000553517576212706,0.00297232776190981,0.00602855227389831,0.000199331938266711,-0.000550259218082383,0.000566445048132094,0.000382159747944477,7.47494768500168e-05
1.5,14,-0.000137438953472002,-0.000463221513468337,-0.000349870315085155,-0.000235242907715816,-0.000332011609648242,-0.00013847420578339,-0.000271004245075927,-0.000695672133864227,0.000249809160500408,0.000690189114806949,0.00013833855993875,0.000513760652133252,0.00303635812780012,0.0063915991191843,0.000193537403864852,-0.0004246678887883,0.000440379954306541,0.000375422092194502,7.25765264493194e-05
1.5,15,-0.000109951162777602,-0.000407465035284993,-0.000325859597650746,-0.000230149477475572,-0.000323404289619966,-0.000136894665331178,-0.000206697060855899,-0.000531071827172977,0.000186051453680156,0.000525651351535622,0.000106948261584958,0.000471314700861702,0.00306739743619033,0.00670312384206628,0.000186509624288789,-0.000324374766317078,0.000339599897855467,0.000364366439276745,6.99411091082958e-05
1.5,16,-8.79609302220814e-05,-0.000359816560267845,-0.000302892999167748,-0.00022592369965535,-0.000315216212103286,-0.000136631187207414,-0.000155844908060431,-0.000400626945713245,0.000135722014520098,0.000395216902745035,7.76785030666693e-05,0.00042737067495334,0.00306839100335221,0.00696291642096813,0.000178585024895872,-0.000244782037652814,0.000259494888224937,0.00034969217188667,6.6969384335952e-05
1.5,17,-7.03687441776652e-05,-0.000318901802055516,-0.000281035059747858,-0.000221816774844341,-0.00030684468628861,-0.000136788863400072,-0.000115797392945233,-0.000297660579231737,9.62089240831715e-05,0.000292244292923363,5.08522282381269e-05,0.000382936538925571,0.00304253345650629,0.00717178004936958,0.000170055822888537,-0.000181863186286504,0.000196035368840192,0.000332084310687444,6.37709335832015e-05
1.5,18,-5.62949953421322e-05,-0.000283613356471202,-0.000260367944865614,-0.000217401356045421,-0.000297986871806599,-0.000136815840284243,-8.43393401468336e-05,-0.000216580723809853,6.53163398456474e-05,0.000211163369325862,2.6657988840717e-05,0.000338853293590166,0.00299312810893415,0.0073313388417251,0.000161171031522356,-0.00013224138366302,0.000145847029480214,0.000312195304749449,6.04391368208834e-05
1.5,19,-4.50359962737058e-05,-0.000253062733311271,-0.000240964802177057,-0.000212464337748797,-0.000288533834512328,-0.000136394840985155,-5.96684906922045e-05,-0.000152828729745272,4.12489570142394e-05,0.000147428045132528,5.17836272981298e-06,0.000295810839090582,0.0029234782689409,0.00744386620977266,0.000152138993527173,-9.31602390530674e-05,0.000106179088118288,0.000290632476360769,5.705212257269e-05
1.5,20,-3.60287970189647e-05,-0.000226536183506765,-0.000222877811661637,-0.000206931460180915,-0.000278496853935328,-0.000135366066426612,-4.03436760460368e-05,-0.000102752438905854,2.25648869867368e-05,9.73924896089523e-05,-1.35865921709472e-05,0.000254363354615622,0.00283680472004644,0.00751213290914432,0.000143130787508716,-6.24087628598169e-05,7.48276026222155e-05,0.000267949946786569,5.36740453157686e-05
1.5,21,-2.88230376151718e-05,-0.000203457042635469,-0.000206134400279612,-0.0002008151350682,-0.000267957157895404,-0.000133673112240995,-2.52250942638227e-05,-6.34583892622428e-05,8.11914236585609e-06,5.81654741108745e-05,-2.97000461679103e-05,0.000214944019806401,0.00273618455587776,0.00753927360622164,0.000134284045654409,-3.82332949984202e-05,5.00463317450184e-05,0.000244644065974312,5.03565171204035e-05
1.5,22,-2.30584300921374e-05,-0.000183355082541192,-0.000190737769174443,-0.000194178905636999,-0.000257032341213659,-0.000131325470060339,-1.34172442382875e-05,-3.26697777115748e-05,-2.99128501898838e-06,2.74698197051393e-05,-4.32725644972376e-05,0.000177878980573351,0.0026245073774831,0.00752867074663932,0.000125706871153319,-1.92525334732872e-05,3.04611047241277e-05,0.000221151545070589,4.71400766824948e-05
1.5,23,-1.844674407371e-05,-0.000165842317601417,-0.000176669506753657,-0.000187113639311787,-0.000245854466808693,-0.000128372811814881,-4.21896704224864e-06,-8.60156878791651e-06,-1.14759847782697e-05,3.51852411807629e-06,-5.44491380224388e-05,0.000143400503271884,0.00250444555502405,0.00748385448124544,0.000117481654993812,-4.38260174566787e-06,1.4994508896346e-05,0.000197849641294323,4.40556206226794e-05
1.5,24,-1.4757395258968e-05,-0.00015059430921327,-0.000163893035072471,-0.00017972188690607,-0.000234556222660331,-0.000124887551151809,2.91817095162544e-06,1.01439454624278e-05,-1.78918611254963e-05,-1.50889878918758e-05,-6.33985864366693e-05,0.000111659284103643,0.0023784358297112,0.00740841740331799,0.000109668671508523,7.22577451080231e-06,2.8028732336205e-06,0.000175057870540313,4.1125751815696e-05
1.5,25,-1.18059162071744e-05,-0.000137335938779293,-0.000152357211839038,-0.000172107859263471,-0.000223262552918047,-0.000120953165608784,8.4234872788462e-06,2.46617990294282e-05,-2.26762078287673e-05,-2.94510556878846e-05,-7.03049317516274e-05,8.27358948664869e-05,0.00224867000221707,0.00730594286310193,0.000102309387309263,1.6238311750582e-05,-6.77484785911731e-06,0.000153040826618114,3.83660202409736e-05
1.5,26,-9.44473296573954e-06,-0.000125830700341556,-0.000141999743304977,-0.000164371225512161,-0.000212085953168462,-0.000116656497855971,1.26337817379189e-05,3.58115843681686e-05,-2.61730062230126e-05,-4.04307103438889e-05,-7.53604139081127e-05,5.66513566242766e-05,0.00211709283825368,0.00717994564814806,9.54294553124901e-05,2.31778026302497e-05,-1.42577041208763e-05,0.000132011770532389,3.57860457421838e-05
1.5,27,-7.55578637259164e-06,-0.000115872704162134,-0.000132750251507052,-0.000156603482925899,-0.000201124177645395,-0.000112082788206402,1.5814107471427e-05,4.42701337877993e-05,-2.86535499231244e-05,-4.8708159341021e-05,-7.87598801916534e-05,3.33768417422331e-05,0.00198540563710559,0.00703382384868689,8.9041389438993e-05,2.84560263163723e-05,-2.00546094178966e-05,0.000112136721933886,3.33905210396224e-05
1.5,28,-6.04462909807332e-06,-0.000107280733357973,-0.000124532942264111,-0.000148886037178553,-0.000190459502281137,-0.000107312572076079,1.81738532974499e-05,5.0572437799698e-05,-3.03324801097377e-05,-5.48215820677656e-05,-8.0696327815849e-05,1.28425129104492e-05,0.00185507416836206,0.00687082076538026,8.3146930205058e-05,3.23985845022481e-05,-2.44891019580279e-05,9.35388407262983e-05,3.11800988268968e-05
1.5,29,-4.83570327845866e-06,-9.98938345930789e-05,-0.000117268873956689,-0.000141289404827605,-0.000180158964701693,-0.000102419844953405,1.98791330358224e-05,5.51432550990397e-05,-3.13801901763722e-05,-5.919866714163e-05,-8.13574167931735e-05,-5.05448453298751e-06,0.00172733989735985,0.00669399576171248,7.7739119748288e-05,3.52641220632173e-05,-2.78184769652579e-05,7.6302932260186e-05,2.9152169905608e-05
1.5,30,-3.86856262276693e-06,-9.35680421889629e-05,-0.00011087785291175,-0.000133873139346541,-0.000170275193832947,-9.74710848602456e-05,2.10623072990392e-05,5.83214606329971e-05,-3.1932400481105e-05,-6.21809217708907e-05,-8.09228001253381e-05,-2.04428535314632e-05,0.00160323359980019,0.00650620301413873,7.28041089727016e-05,3.72591533339579e-05,-3.02485212897857e-05,6.04799465938749e-05,2.73015408647631e-05
1.5,31,-3.09485009821355e-06,-8.81739313145502e-05,-0.000105279991765239,-0.00012668621222045,-0.000160847572710843,-9.25248517300581e-05,2.18292995209854e-05,6.03787812799433e-05,-3.20975486071684e-05,-6.4042391570665e-05,-7.95621421782189e-05,-3.34707696138525e-05,0.00148359061762715,0.00631007716917154,6.83227209807846e-05,3.85494817589579e-05,-3.19448429634966e-05,4.60913725643664e-05,2.56210203677942e-05
1.5,32,-2.47588007857084e-06,-8.35947719906027e-05,-0.000100396969760053,-0.000119767669295001,-0.000151903566702805,-8.76317718871977e-05,2.22652251543783e-05,6.153421975294e-05,-3.19625033519677e-05,-6.5004083851905e-05,-7.74337152831123e-05,-4.43002631129452e-05,0.00136906713690355,0.00610802497682883,6.42717948156069e-05,3.92689945985618e-05,-3.30415804999373e-05,3.31334521701671e-05,2.41019230558526e-05
1.5,33,-1.98070406285668e-06,-7.97251144917244e-05,-9.61530326378801e-05,-0.00011314744256663,-0.00014346010880073,-8.28347763324189e-05,2.24387349284129e-05,6.19651772765725e-05,-3.15969964195389e-05,-6.52450997333798e-05,-7.46834802368146e-05,-5.31023192044122e-05,0.001260156978244,0.00590222203320412,6.06253324683115e-05,3.95264423481596e-05,-3.36481033138408e-05,2.15811610324024e-05,2.27344996756168e-05
1.5,34,-1.58456325028534e-06,-7.64696816035748e-05,-9.24757668125942e-05,-0.000106847237950847,-0.000135524973234991,-7.81695026667029e-05,2.24053787869841e-05,6.18160526087846e-05,-3.10570740480465e-05,-6.4911249078009e-05,-7.14445693036636e-05,-6.0052652030837e-05,0.00115720848448397,0.00569461383034309,5.73554705682877e-05,3.94106738218006e-05,-3.38541750299626e-05,1.13919172728266e-05,2.15083014631079e-05
1.5,35,-1.26765060022828e-06,-7.37424770402839e-05,-8.92966790351224e-05,-0.000100881446618906,-0.000128098094840157,-7.36647983976546e-05,2.2210223523729e-05,6.12049120158401e-05,-3.0387798871101e-05,-6.41217403968414e-05,-6.78371011881423e-05,-6.53281065258193e-05,0.00106044117118387,0.00548692037805854,5.44332964425021e-05,3.89946884921111e-05,-3.37339415257404e-05,2.50899466232302e-06,2.04124861659383e-05
1.5,36,-1.01412048018262e-06,-7.14660446359261e-05,-8.65516093231378e-05,-9.5258045588964e-05,-0.000121172808833725,-6.93432823442031e-05,2.18899005389114e-05,6.02286832603605e-05,-2.96253768200111e-05,-6.29743970663038e-05,-6.39682667132324e-05,-6.91036398520195e-05,0.000969961875190606,0.00528064372875559,5.18295264895219e-05,3.8338782721449e-05,-3.33490202462927e-05,-5.13537313878709e-06,1.94360724335707e-05
1.5,37,-8.11296384146098e-07,-6.9570831737753e-05,-8.41810017631062e-05,-8.99794653780317e-05,-0.000114736996945863,-6.52219338102e-05,2.14742170824497e-05,5.89672182345763e-05,-2.87988415339502e-05,-6.15497432904927e-05,-5.99326319533772e-05,-7.15498335464027e-05,0.000885780196357544,0.00507707780198974,4.95150631356633e-05,3.74930011521266e-05,-3.27509017565425e-05,-1.16172015930255e-05,1.85681486758738e-05
1.5,38,-6.49037107316879e-07,-6.79946240995655e-05,-8.21300549807003e-05,-8.50434106697273e-05,-0.000108774133213752,-6.13126881257031e-05,2.09874318044985e-05,5.74864863324906e-05,-2.79313966722872e-05,-5.99142210542386e-05,-5.58126125812797e-05,-7.28308874382716e-05,0.000807823078867287,0.00487731996950203,4.74614450880484e-05,3.64990545279921e-05,-3.19828243819514e-05,-1.70182748569919e-05,1.77980419080181e-05
1.5,39,-5.19229685853504e-07,-6.66820297656745e-05,-8.03487715858031e-05,-8.04436254666641e-05,-0.000103264227555133,-5.76230233783059e-05,2.04492709397312e-05,5.58410980482579e-05,-2.70414923351642e-05,-5.81227369537418e-05,-5.16790793768235e-05,-7.31030470728228e-05,0.000735948422518895,0.00468228392319148,4.56412041768273e-05,3.53918271085267e-05,-3.10812446185776e-05,-2.14239676959993e-05,1.71154515663102e-05
1.5,40,-4.15383748682804e-07,-6.55839968526362e-05,-7.87919237136281e-05,-7.61705979701599e-05,-9.81846683648646e-05,-5.41565275754552e-05,1.98757430498984e-05,5.40763108732231e-05,-2.61436935960202e-05,-5.62206905509594e-05,-4.75920603501268e-05,-7.25134176333547e-05,0.000669957651606268,0.00449271340747881,4.40281407894094e-05,3.42005678233247e-05,-3.00769969549392e-05,-2.4921357283228e-05,1.65105527960285e-05
2,1,-0.0025,-0.00126557661196847,-0.00315070673067763,-0.0027854166782878,-0.00280105512763962,-0.00276977822893598,0.00515102199628586,0.0128077855948252,-0.00532983682867659,-0.0129174576216679,0.000101815071223504,0.000130449236168201,0.000101815071223754,0.000130449236167784,3.1276898703636e-05,0.00765676359853935,-0.00758762079299134,2.86341649446964e-05,1.5638449351818e-05
2,2,-0.002,-0.00180366405880594,-0.00215547660821003,-0.00217362158387702,-0.00220391420262078,-0.00214332896513325,0.00156215347016615,0.00383260237678211,-0.00170284779097991,-0.00391746954388637,0.000189503501416874,0.000253772698197083,0.000288773195859626,0.000380960703460609,6.05852374875315e-05,0.00227044890661596,-0.00221462175290646,6.42691967802089e-05,3.02926187437658e-05
2,3,-0.0016,-0.00194656460546438,-0.00154717372810476,-0.00165310377278338,-0.00169707501797589,-0.00160913252759087,-0.000272240396030021,-0.000753832998081926,0.000163901869629945,0.000690117851534902,0.000255758959803981,0.000360642153692539,0.000537312825767522,0.000732078839567052,8.79424903850179e-05,-0.000481592602051904,0.000526215981904957,0.000104883193888558,4.39712451925089e-05
2,4,-0.00128,-0.00188788440751453,-0.00117663091307707,-0.00124286175049348,-0.0012992564287182,-0.00118646707226866,-0.00110688022682959,-0.00283888245266237,0.0010239377962286,0.00279190315040688,0.00029954320662344,0.000447273667062417,0.000823423211746999,0.00116105053563942,0.000112789356449539,-0.00173200222583277,0.00176796535417828,0.000147730460438977,5.63946782247693e-05
2,5,-0.001024,-0.001737396393511,-0.000950083687993541,-0.000935934895151869,-0.00100319598662657,-0.000868673803677167,-0.00139311515091536,-0.00355131629487966,0.00132907274045597,0.00351692032204719,0.000322885513465529,0.000513033394324416,0.00112572314491821,0.00164505766657275,0.000134522182949404,-0.0021582011439643,0.00218784758159121,0.000190147880858887,6.72610914747018e-05
2,6,-0.000819199999999998,-0.00155503869650886,-0.000809261499436276,-0.000715365114492328,-0.00079172184924714,-0.000639008379737516,-0.00139551701838082,-0.00355293947465556,0.00134497477507535,0.00352763732467,0.000329078974193736,0.000558994971168403,0.00142665904048922,0.00216292619607739,0.000152713469509624,-0.00215742245627474,0.00218266254959465,0.000229915996974667,7.63567347548122e-05
2,7,-0.000655359999999998,-0.00137172916924655,-0.000718431126938035,-0.000562214704019626,-0.000645799940725778,-0.000478629467313585,-0.00126519160815079,-0.00322189024378885,0.00122396478365193,0.00320293845073967,0.000321707427609647,0.000587083338240799,0.0017126999920869,0.0026959363794159,0.000167170473412193,-0.00195669863563806,0.00197897366708774,0.000265375910631152,8.35852367060963e-05
2,8,-0.000524287999999998,-0.00120193162143734,-0.000656031812092062,-0.000459204636872323,-0.000548163314251782,-0.000370245959492865,-0.00108539727270932,-0.0027666678533513,0.001050403412648,0.00275200760929865,0.000304156008839693,0.000599576261785861,0.00197403850112465,0.00322811423171565,0.000177917354758916,-0.00168127058064198,0.00170160419665065,0.000295420252946169,8.89586773794582e-05
2,9,-0.000419430399999999,-0.0010511172997929,-0.000609318695113492,-0.000392037560374425,-0.000484611346926012,-0.000299463773822728,-0.000899605492215814,-0.00229626066000879,0.000868668687038318,0.00228440310452005,0.000279395610429556,0.00059882157329684,0.00220408314902532,0.0037462329492195,0.000185147573103284,-0.00139665516779298,0.00141573441748173,0.000319425962867284,9.25737865516418e-05
2,10,-0.000335544319999999,-0.000920105173866981,-0.00057096173662996,-0.000349572986633961,-0.000444158266670325,-0.000254987706597598,-0.000728534889686844,-0.00186271600327115,0.000700180543774159,0.00185261952034325,0.000249916546656723,0.000587082865793315,0.00239889761695711,0.00423965999128306,0.000189170560072727,-0.00113418111358431,0.0011524389765691,0.000337166319136592,9.45852800363634e-05
2,11,-0.000268435455999999,-0.000807520301173481,-0.000536905877795868,-0.000323494487040277,-0.000418676387368477,-0.000228312586712076,-0.00058033176104764,-0.00148658653171878,0.00055360413712674,0.00147754627576008,0.000217738747177426,0.000566460577682712,0.00255666392371001,0.00470012906918349,0.000190363800656401,-0.000906254770671138,0.000923942138633338,0.000348721830505286,9.51819003282006e-05
2,12,-0.000214748364799999,-0.000711136197987017,-0.000505038261179092,-0.000307804199603967,-0.000402371416397873,-0.000213236982810172,-0.000456539429199671,-0.00117185671075758,0.000430852688274072,0.00116341338780188,0.000184457223799658,0.000538856560869772,0.00267720454941678,0.00512148240332344,0.000189134433587701,-0.000715317281557912,0.000732560699527804,0.000354399337070113,9.45672167938505e-05
2,13,-0.000171798691839999,-0.000628568889478487,-0.000474367676644882,-0.00029830854095525,-0.000391253988023643,-0.000205363093886968,-0.00035551364997647,-0.000914489529129793,0.000330536627710723,0.000906357980361747,0.000151300221542888,0.000505963196844303,0.00276157465722449,0.00549940854008479,0.000185890894136675,-0.000558975879153323,0.000575821352651024,0.000354662975301415,9.29454470683377e-05
2,14,-0.000137438953471999,-0.000557604238878184,-0.000444526296784153,-0.000292165664669164,-0.000382677406932652,-0.000201653922405676,-0.000274312825087959,-0.000707162544473248,0.000249883317897923,0.000699177863909314,0.00011918833904942,0.000469265979309186,0.0028117236298435,0.00583118930589155,0.000181023484526976,-0.00043284971938529,0.000449294546011392,0.000350077640259766,9.05117422634882e-05
2,15,-0.000109951162777599,-0.000496325317447699,-0.000415472287632723,-0.000287516737122573,-0.000374962826113712,-0.000200070648131434,-0.00020969439309592,-0.000541769683016113,0.000185757372277343,0.000533847693716366,8.87890778290407e-05,0.000430053180464171,0.00283021961692587,0.00611546275370856,0.000174892177982278,-0.000332075289920193,0.000348090321439024,0.00034126410263513,8.74460889911388e-05
2,16,-8.79609302220794e-05,-0.00044313655793804,-0.000387316298412155,-0.000283199774123832,-0.000367109734816018,-0.000199289813431647,-0.0001585998739374,-0.000410643723911128,0.000135164181775407,0.000402752652510607,6.0564665609289e-05,0.000389428988963991,0.00282002879211252,0.00635200517382994,0.000167819921384371,-0.000252043849973727,0.0002675884707352,0.000328864323354702,8.39099606921856e-05
2,17,-7.03687441776635e-05,-0.000396739335141838,-0.000360223410246441,-0.000278535054909601,-0.000358580006696529,-0.000198490103122673,-0.00011835674241796,-0.000307069261887831,9.54655743136967e-05,0.000299209855784383,3.48127625059425e-05,0.000348328115367225,0.0027843408348156,0.00654153315985084,0.000160089903573857,-0.00018871251946987,0.000203744281470686,0.000313515352861282,8.00449517869284e-05
2,18,-5.62949953421308e-05,-0.000356088723377557,-0.000334360368264841,-0.000273168395781731,-0.000349141166448463,-0.00019719562511511,-8.67307327668786e-05,-0.000225419944335323,6.44421249693661e-05,0.00021761179433076,1.1700502024925e-05,0.000307530776515672,0.00272643281596974,0.00668552560737012,0.000151945541333354,-0.000138689211568444,0.000153169669361394,0.000295830274490747,7.59727706666768e-05
2,19,-4.50359962737046e-05,-0.000320346761261803,-0.000309869478427371,-0.000266959139863854,-0.000338755250853362,-0.000195163028874346,-6.19049587647913e-05,-0.000161111010402198,4.02793710335553e-05,0.000153383342996263,-8.7073419274275e-06,0.000267677480564846,0.00264956465364286,0.00678606494775114,0.000143592221979016,-9.92060516374071e-05,0.000113103971962708,0.000276384822492273,7.17961109895082e-05
2,20,-3.60287970189636e-05,-0.000288839422353027,-0.000286857810981034,-0.000259901623351322,-0.000327501670306374,-0.000192301576396159,-4.2428141864552e-05,-0.000110473080313554,2.15209645278158e-05,0.000102858714864332,-2.64251942009019e-05,0.000229283311804801,0.00255690034310074,0.0068456966358621,0.000135200093910215,-6.80449384490023e-05,8.13377503365159e-05,0.000255708506005703,6.76000469551075e-05
2,21,-2.88230376151709e-05,-0.00026102007032569,-0.000265394873739,-0.000252071105699359,-0.000315524806879242,-0.000188617404519476,-2.71543015627797e-05,-7.06033610574017e-05,7.01170783068417e-06,6.31348739289495e-05,-4.15277049937435e-05,0.000192751561161608,0.00245145012952985,0.00686730578112726,0.000126907402359766,-4.3449059494622e-05,5.61231660982653e-05,0.000234279266155352,6.3453701179883e-05
2,22,-2.30584300921367e-05,-0.000236439903755326,-0.000245514706698646,-0.000243587234072584,-0.000302999247648317,-0.000184175220496852,-1.51848751281762e-05,-3.92219740581179e-05,-4.15810714593512e-06,3.19293794687481e-05,-5.41342452081428e-05,0.000158386623835868,0.00233602963108304,0.00685400976043482,0.000118824027151465,-2.40370989299417e-05,3.60874866146832e-05,0.000212520869044011,5.94120135757326e-05
2,23,-1.84467440737093e-05,-0.000214724830154722,-0.00022722005047715,-0.000234589871148327,-0.000290107370235826,-0.00017907237206094,-5.81793427800389e-06,-1.45453368674761e-05,-1.27020513774473e-05,7.45479445860009e-06,-6.4396264086844e-05,0.00012640612378699,0.00221323262621897,0.00680906564021022,0.000111034998174886,-8.72740258947222e-06,2.01568458360474e-05,0.000190802387873834,5.5517499087443e-05
2,24,-1.47573952589675e-05,-0.000195557798845947,-0.000210487265669856,-0.000225223514655037,-0.000277025439646805,-0.000173421589663381,1.49416202173749e-06,4.81983037792233e-06,-1.91790183708962e-05,-1.16866246352987e-05,-7.2487008432931e-05,9.69522444617954e-05,0.00208541480213054,0.00673579124366697,0.000103603849983425,3.32566835618484e-06,7.49239373559751e-06,0.000169439252894726,5.18019249917123e-05
2,25,-1.18059162071739e-05,-0.000178665548544288,-0.000195271288233934,-0.000215627607182078,-0.000263915475578358,-0.000167339738785688,7.1789734741208e-06,1.99624328794668e-05,-2.40269109049868e-05,-2.65884104152236e-05,-7.8593194628801e-05,7.01022562822895e-05,0.00195468623744866,0.00663749871885777,9.65757367926701e-05,1.27834594053459e-05,-2.56149951023688e-06,0.00014869545091109,4.8287868396335e-05
2,26,-9.44473296573914e-06,-0.000163808809026333,-0.000181510260075401,-0.000205930830227685,-0.000250920965058743,-0.000160940695396627,1.15710359230303e-05,3.1735210633238e-05,-2.7589424803548e-05,-3.81078119055106e-05,-8.29083009716708e-05,4.58782389845952e-05,0.00182291078054053,0.00651743948987082,8.99802696621155e-05,2.01641747102077e-05,-1.05183871019626e-05,0.000128786539956266,4.49901348310577e-05
2,27,-7.5557863725913e-06,-0.000150775140002501,-0.000169129675262614,-0.000196248054889492,-0.000238165086927755,-0.000154331022851228,1.49329673122395e-05,4.08081246438194e-05,-3.01370415484309e-05,-4.69190095890304e-05,-8.56272095103305e-05,2.42560032591155e-05,0.00169171080151731,0.00637875950588285,8.38340640765267e-05,2.58751573315799e-05,-1.67819680405995e-05,0.000109883212769446,4.19170320382634e-05
2,28,-6.04462909807303e-06,-0.000139373744750815,-0.000158045992883382,-0.000186679034922865,-0.000225750536244185,-0.000147607533601546,1.7471780951836e-05,4.77097511166688e-05,-3.18833303363103e-05,-5.3554413053214e-05,-8.69419756589496e-05,5.17322217731542e-06,0.00156247605582038,0.00622446374041363,7.81430026426388e-05,3.02379701648328e-05,-2.16710827169037e-05,9.2115197836265e-05,3.90715013213194e-05
2,29,-4.83570327845842e-06,-0.000129431738072672,-0.000148169725346925,-0.000177308218966887,-0.000213760332600232,-0.000140856105333653,1.93514233504319e-05,5.28591855700547e-05,-3.29975375123887e-05,-5.84365182256935e-05,-8.70385426769565e-05,-1.14632111927471e-05,0.00143637561174792,0.00605738893571051,7.29042272665792e-05,3.35077622196228e-05,-2.54389807133049e-05,7.55753314842095e-05,3.64521136332896e-05
2,30,-3.86856262276672e-06,-0.00012079146897781,-0.000139408038662303,-0.000168205261168897,-0.000202259201309785,-0.000134151321027898,2.0702381919719e-05,5.65905474607942e-05,-3.36142824477748e-05,-6.19023977479621e-05,-8.60942487753286e-05,-2.57705778750894e-05,0.00131437197267825,0.0058801836344422,6.81078802818869e-05,3.58881655410752e-05,-2.82881153001874e-05,6.03236709002392e-05,3.40539401409434e-05
2,31,-3.09485009821337e-06,-0.000113308596640938,-0.000131666912359552,-0.000159425948720648,-0.000191295256794288,-0.000127556640646898,2.16290412497523e-05,5.91717727265045e-05,-3.38410212794432e-05,-6.42225003157637e-05,-8.42759989635039e-05,-3.78844513666959e-05,0.00119723667439775,0.00569529459221485,6.37386161473907e-05,3.75427314767522e-05,-3.03814790363205e-05,4.6391547596808e-05,3.18693080736954e-05
2,32,-2.47588007857069e-06,-0.000106850695527516,-0.000124852909096473,-0.000151013359733998,-0.000180901812570466,-0.000121124906897419,2.22153205958024e-05,6.0819025604196e-05,-3.37637999437285e-05,-6.56150825237706e-05,-8.17389932624146e-05,-4.79535081727434e-05,0.00108556676427618,0.00550495871923662,5.97769056730479e-05,3.86037050083936e-05,-3.18512825800421e-05,3.37854850896713e-05,2.9888452836524e-05
2,33,-1.98070406285654e-06,-0.00010129622523869,-0.000118874602062058,-0.000142999129023158,-0.000171099206021319,-0.000114899052024997,2.25290041432381e-05,6.1707764206588e-05,-3.34517009316637e-05,-6.62573024281798e-05,-7.86259187323529e-05,-5.61349943496436e-05,0.000979801676436409,0.00531119975690597,5.62001539963219e-05,3.91787600633499e-05,-3.28056014965161e-05,2.24909243827093e-05,2.8100076998161e-05
2,34,-1.58456325028523e-06,-9.65337459595261e-05,-0.000113643704493183,-0.000135404742394707,-0.000161896568519282,-0.000108912916270021,2.26250787096968e-05,6.19812554090229e-05,-3.29602939929535e-05,-6.62937668411273e-05,-7.50665257828048e-05,-6.25908086954591e-05,0.000880240108743102,0.00511582895428742,5.2983652249261e-05,3.93561766993261e-05,-3.33334728481738e-05,1.24757170873457e-05,2.64918261246305e-05
2,35,-1.26765060022817e-06,-9.24612944108727e-05,-0.000109075941254311,-0.000128242808738466,-0.000153293499389973,-0.000103192118086848,2.25483177691346e-05,6.17571467242742e-05,-3.23343270231258e-05,-6.58431376626689e-05,-7.11775201061304e-05,-6.74841608404725e-05,0.000787056585918045,0.00492044906958977,5.01013813031248e-05,3.92088289551396e-05,-3.35088106395431e-05,3.69335926565795e-06,2.50506906515624e-05
2,36,-1.01412048018253e-06,-8.89858605057636e-05,-0.000105091698122672,-0.00012151827825746,-0.000145281620448467,-9.7754936066563e-05,2.23352923721769e-05,6.11325574034066e-05,-3.16098362230233e-05,-6.50032579022075e-05,-6.70627108003974e-05,-7.0976760914207e-05,0.000700317460469613,0.00472646108193597,4.75266843819044e-05,3.87972650312297e-05,-3.33934216791842e-05,-3.91405011380963e-06,2.37633421909522e-05
2,37,-8.1129638414602e-07,-8.60229235584153e-05,-0.000101616480449152,-0.000115229587776766,-0.000137845999666042,-9.26131758874904e-05,2.20159451573901e-05,6.01880395892235e-05,-3.08158109946499e-05,-6.38551471597165e-05,-6.28133631783712e-05,-7.32264966587098e-05,0.000619996160780012,0.00453507305822942,4.52328237785515e-05,3.81720944318334e-05,-3.30393361650666e-05,-1.04131334803387e-05,2.26164118892758e-05
2,38,-6.4903710731681e-07,-8.34960205347013e-05,-9.85812093021732e-05,-0.000109369722398389,-0.000130966440124336,-8.77730046724423e-05,2.16148301192473e-05,5.89906755861652e-05,-2.99755159938464e-05,-6.24661319327952e-05,-5.85087116648092e-05,-7.4385553751749e-05,0.000545987545095272,0.00434731067802119,4.31934354518937e-05,3.73758454669179e-05,-3.24906159389488e-05,-1.58768420869398e-05,2.15967177259468e-05
2,39,-5.19229685853442e-07,-8.13363287139879e-05,-9.59223800581777e-05,-0.000103927188286002,-0.00012461863526203,-8.32357413099727e-05,2.11520955855082e-05,5.75965130889047e-05,-2.91075478567882e-05,-6.08923121387522e-05,-5.4216594253545e-05,-7.45989356227411e-05,0.000478121262214692,0.0041640289754481,4.13828939520577e-05,3.64444175033965e-05,-3.17847642819641e-05,-2.03823413691961e-05,2.06914469760289e-05
2,40,-4.15383748682748e-07,-7.94822522092176e-05,-9.35821056182728e-05,-9.8886895020911e-05,-0.000118775194480225,-7.89985955615968e-05,2.06442689449152e-05,5.60524916555089e-05,-2.82266854006175e-05,-5.91805168534965e-05,-4.99941753720201e-05,-7.40033401002427e-05,0.000416174055287044,0.00398592491096217,3.97765989186283e-05,3.54082227105937e-05,-3.0953831452879e-05,-2.40091647282226e-05,1.98882994593141e-05
