scenario,label,metric,diff_t1,diff_t4,diff_t8,diff_t12
scenario_01_baseline,基准,Local bond rate,0,0,0,0
scenario_01_baseline,基准,Debt service pressure,0.00543361799990202,0.00181861469197246,-7.71609875367153e-06,4.74868582013045e-06
scenario_01_baseline,基准,Fiscal space,-0.00539418258862845,-0.00185769605527843,-5.50844397244205e-05,-6.05293292583603e-05
scenario_01_baseline,基准,Public investment,-0.000299093947513984,-0.000902470170813366,-0.00116947911807566,-0.00107966043881845
scenario_01_baseline,基准,Public capital,-0.000299093947513818,-0.002429039261723,-0.00646796447989395,-0.0102018262169077
scenario_01_baseline,基准,Final output,-0.000346534152318001,-0.000890615660919303,-0.000984047230148111,-0.000834961041825566
scenario_01_baseline,基准,Private investment,-5.38321779723905e-05,-2.72004236840373e-05,0.000132547034718655,0.000206817109223989
scenario_01_baseline,基准,Labor demand,-3.44513743087832e-05,-7.43633636344498e-05,-6.8074295804757e-05,-4.94824415047945e-05
scenario_01_baseline,基准,Inflation,-0.000103013076826475,-5.00327364358899e-05,1.00381884562406e-05,2.90797276714105e-05
scenario_02_risk_premium,地方债风险溢价,Local bond rate,5.19845342217273e-06,0.000136921141409729,0.000297391888645304,0.00031842199666321
scenario_02_risk_premium,地方债风险溢价,Debt service pressure,0.00550405806335173,0.00288021230369608,0.000843092117499644,0.000529611547403122
scenario_02_risk_premium,地方债风险溢价,Fiscal space,-0.00548347863360253,-0.00296770068735445,-0.000959758217583456,-0.00062667075334881
scenario_02_risk_premium,地方债风险溢价,Public investment,-0.000554114389541088,-0.00169777271478809,-0.00220166637357801,-0.00194819769362087
scenario_02_risk_premium,地方债风险溢价,Public capital,-0.000554114389540672,-0.00454565542805341,-0.0121709349803565,-0.0190196283576407
scenario_02_risk_premium,地方债风险溢价,Final output,-0.000614519839772343,-0.00159320555182763,-0.00174816632205421,-0.00140872569794914
scenario_02_risk_premium,地方债风险溢价,Private investment,-7.22497247363507e-05,3.44468583309832e-05,0.000359571827393046,0.000474581881984459
scenario_02_risk_premium,地方债风险溢价,Labor demand,-6.09110339245544e-05,-0.000133408252119119,-0.000122425341089305,-8.40313435083589e-05
scenario_02_risk_premium,地方债风险溢价,Inflation,-0.000184091572172695,-9.04419709758519e-05,2.02455132640722e-05,5.81765075040597e-05
scenario_03_transfer_buffer,中央转移支付缓冲,Local bond rate,0,2.22044604925031e-16,2.22044604925031e-16,0
scenario_03_transfer_buffer,中央转移支付缓冲,Debt service pressure,0.00557609120143999,0.00151526442227282,-0.000225003410284837,-0.000222167247791509
scenario_03_transfer_buffer,中央转移支付缓冲,Fiscal space,-0.00528003949547998,0.00713503720668412,0.01031236841661,0.00347118718038855
scenario_03_transfer_buffer,中央转移支付缓冲,Public investment,0.000733733276256851,0.00246970295259036,0.0036491021724102,0.00365975458097792
scenario_03_transfer_buffer,中央转移支付缓冲,Public capital,0.00073373327625692,0.0063916696255264,0.0185559808429394,0.0311404542039861
scenario_03_transfer_buffer,中央转移支付缓冲,Final output,0.000929428191782655,0.00258985996797823,0.00320620030756147,0.00291723415194012
scenario_03_transfer_buffer,中央转移支付缓冲,Private investment,0.00021954726752782,0.000243485066766025,-0.000271702365057302,-0.000610065649540137
scenario_03_transfer_buffer,中央转移支付缓冲,Labor demand,8.99942962693662e-05,0.000212406760708939,0.000224181098996398,0.000177912998164345
scenario_03_transfer_buffer,中央转移支付缓冲,Inflation,0.000294934424380777,0.000163975140911932,-7.02619051651254e-06,-8.40062121190144e-05
scenario_04_risk_and_transfer,风险溢价+转移支付缓冲,Local bond rate,0.00234963661179122,0.00165897173694618,-0.00289609536798419,0.000758087484432401
scenario_04_risk_and_transfer,风险溢价+转移支付缓冲,Debt service pressure,0.00530373279550716,0.00067995081990898,-0.00356365698567623,0.000587821553216053
scenario_04_risk_and_transfer,风险溢价+转移支付缓冲,Fiscal space,-0.00466326872283679,0.0312086010741689,-0.0212390582509354,-0.000707310813918685
scenario_04_risk_and_transfer,风险溢价+转移支付缓冲,Public investment,0.000549382246316857,0.00184316213518555,0.00143896848241196,0.000558431230516299
scenario_04_risk_and_transfer,风险溢价+转移支付缓冲,Public capital,0.000549382246316732,0.00484597262050013,0.011162113193425,0.0132530808736249
scenario_04_risk_and_transfer,风险溢价+转移支付缓冲,Final output,0.000513852857845998,0.00154955732193496,0.000998689566697686,0.000334096551294349
scenario_04_risk_and_transfer,风险溢价+转移支付缓冲,Private investment,-2.30089462004424e-05,-0.000249458465290675,-0.000385813975489924,-0.000206198474670571
scenario_04_risk_and_transfer,风险溢价+转移支付缓冲,Labor demand,4.99943434652955e-05,0.00014047386181848,6.46525915405649e-05,4.75322985667159e-06
scenario_04_risk_and_transfer,风险溢价+转移支付缓冲,Inflation,0.000161207011101783,6.91364738438782e-05,-7.7820951907448e-05,-4.87950902916534e-05
scenario_05_strong_io,强跨地区投入产出联系,Local bond rate,0,0,0,0
scenario_05_strong_io,强跨地区投入产出联系,Debt service pressure,0.00538392593709585,0.00179336945424952,-5.68449050466439e-06,1.47434700830656e-05
scenario_05_strong_io,强跨地区投入产出联系,Fiscal space,-0.00534418003387738,-0.00183877194028004,-7.24925463604781e-05,-8.71298761575406e-05
scenario_05_strong_io,强跨地区投入产出联系,Public investment,-0.000299821060457242,-0.000909712582493116,-0.00118541691718488,-0.00109833043032287
scenario_05_strong_io,强跨地区投入产出联系,Public capital,-0.000299821060457006,-0.00244384520770513,-0.00653179903221801,-0.0103294742703728
scenario_05_strong_io,强跨地区投入产出联系,Final output,-0.000342282797662352,-0.000976959372033126,-0.00119414275317697,-0.00106187844482419
scenario_05_strong_io,强跨地区投入产出联系,Private investment,-3.95551959246343e-05,-6.63499262611444e-05,-8.54939278560618e-06,4.31652655831782e-05
scenario_05_strong_io,强跨地区投入产出联系,Labor demand,-1.75681137826594e-05,-4.07690697162844e-05,-4.01208273267395e-05,-2.92346710637631e-05
scenario_05_strong_io,强跨地区投入产出联系,Inflation,-3.02603648073552e-05,-1.41183516008114e-05,6.45516696540227e-06,1.42934440237052e-05
scenario_06_weak_io,弱跨地区投入产出联系,Local bond rate,0,0,0,0
scenario_06_weak_io,弱跨地区投入产出联系,Debt service pressure,0.00546968440139791,0.00183385223550415,-9.50220854637699e-06,6.36713359510824e-07
scenario_06_weak_io,弱跨地区投入产出联系,Fiscal space,-0.00542929665445124,-0.00186626232876436,-4.23482945701437e-05,-4.63546923661212e-05
scenario_06_weak_io,弱跨地区投入产出联系,Public investment,-0.000299270829964809,-0.00090009257480661,-0.00116296005975408,-0.00107129897403375
scenario_06_weak_io,弱跨地区投入产出联系,Public capital,-0.000299270829964726,-0.00242528839212053,-0.00644480425854965,-0.0101505765166348
scenario_06_weak_io,弱跨地区投入产出联系,Final output,-0.000333524940416607,-0.000799486916807091,-0.00083444613928263,-0.000697470092191121
scenario_06_weak_io,弱跨地区投入产出联系,Private investment,-4.99227798588242e-05,2.66318926378517e-05,0.000232802960105361,0.000298251796323146
scenario_06_weak_io,弱跨地区投入产出联系,Labor demand,-4.28726128125223e-05,-8.57891578967956e-05,-7.44244099693397e-05,-5.48566363465647e-05
scenario_06_weak_io,弱跨地区投入产出联系,Inflation,-0.000156055123168297,-7.20447127571244e-05,1.24859403152211e-05,3.46481194373194e-05
