scenario,label,metric,low_var,high_var,low_t1,high_t1,diff_t1,low_t4,high_t4,diff_t4,low_t8,high_t8,diff_t8,low_t12,high_t12,diff_t12
scenario_01_baseline,Baseline,Local bond rate,rb1,rb2,0.00293488858000979,0.00293488858000979,0,0.000472475888019463,0.000472475888019463,0,-0.000231383694958121,-0.000231383694958121,0,0.000113390781056211,0.000113390781056211,0
scenario_01_baseline,Baseline,Central transfer,z1,z2,0,0,0,0,0,0,0,0,0,0,0,0
scenario_01_baseline,Baseline,Debt service pressure,ds1,ds2,0.00620467860637475,0.0179182290152576,0.0117135504088829,0.00204196875994442,0.00590321860209143,0.00386124984214701,5.14411806869994e-05,0.000107640103086505,5.61989223995061e-05,1.55372050334381e-05,-1.96652201839634e-05,-3.52024252174015e-05
scenario_01_baseline,Baseline,Fiscal space,fs1,fs2,-0.00750947114112369,-0.0191538574105492,-0.0116443862694255,-0.00273853952910826,-0.00665034734612982,-0.00391180781702156,-0.000251532125078974,-0.000412744258125125,-0.000161212133046151,-9.54071774707244e-05,-0.000157112035628154,-6.17048581574298e-05
scenario_01_baseline,Baseline,Public investment,ig1,ig2,-0.000596195403316027,-0.0011246870209716,-0.000528491617655572,-0.00129586682153535,-0.00289353025655659,-0.00159766343502124,-0.00141625620278385,-0.00349037315095573,-0.00207411694817188,-0.00127771612810434,-0.00319343938509392,-0.00191572325698958
scenario_01_baseline,Baseline,Public capital,kg1,kg2,-0.000596195403316457,-0.00112468702097157,-0.000528491617655114,-0.00390166633979305,-0.0081983259245888,-0.00429665958479575,-0.0089266807999433,-0.0203842050117071,-0.0114575242117638,-0.0132389860666926,-0.0313223870256891,-0.0180834009589965
scenario_01_baseline,Baseline,Intermediate output,ym1,ym2,-0.0172158451998277,-0.0175254949317608,-0.000309649731933148,-0.00952890075196799,-0.010269501008543,-0.000740600256574964,-0.00308218103728741,-0.00389952556037299,-0.000817344523085572,-0.00141385574573794,-0.00215971767574719,-0.000745861930009251
scenario_01_baseline,Baseline,Final output,y1,y2,-0.0170639974821855,-0.0176773426494031,-0.000613345167217672,-0.00910971019117834,-0.0106886915693353,-0.00157898137815693,-0.00261677721199549,-0.00436492938566813,-0.00174815217367263,-0.00104453464614152,-0.00252903877534671,-0.0014845041292052
scenario_01_baseline,Baseline,Private investment,inv1,inv2,-0.00550955770341205,-0.00560580005581751,-9.62423524054623e-05,-0.00588359777676212,-0.00593423858262176,-5.06408058596475e-05,-0.00103624171104072,-0.000804165204953355,0.000232076506087364,0.000600945695046706,0.000964833224850581,0.000363887529803875
scenario_01_baseline,Baseline,Labor demand,n1,n2,-0.00338867910951381,-0.00344962898247612,-6.09498729623181e-05,-0.00170369205516856,-0.00183549936584378,-0.000131807310675219,-0.000308431562908176,-0.000429391358741704,-0.000120959795833528,1.97803571746202e-05,-6.81947735671345e-05,-8.79751307417548e-05
scenario_01_baseline,Baseline,Real wage,w1,w2,-0.247162132863788,-0.248165899202554,-0.00100376633876609,-0.0651780162320073,-0.0666108921883373,-0.00143287595633002,-0.00874285215803638,-0.00955808940475578,-0.000815237246719391,-0.0056843894721279,-0.00629307048556527,-0.000608681013437362
scenario_01_baseline,Baseline,Consumption,c1,c2,-0.0109582443754574,-0.010946855572614,1.13888028434594e-05,-0.00193024559288102,-0.0018609227301567,6.93228627243192e-05,-0.000164279298171199,-7.03910297588095e-05,9.38882684123898e-05,-0.000367764213084376,-0.000300432615103152,6.73315979812239e-05
scenario_01_baseline,Baseline,Inflation,pinf1,pinf2,-0.0173797366546381,-0.017562273298611,-0.000182536643972941,-0.00390144756919864,-0.00399037194076224,-8.89243715636034e-05,3.91957324130665e-05,5.68504554507854e-05,1.76547230377189e-05,0.000318320104361502,0.000369893634027951,5.15735296664488e-05
scenario_02_risk_premium,Local debt risk premium,Local bond rate,rb1,rb2,0.00467626031659951,0.00469196408029871,1.5703763699193e-05,0.0028650664445582,0.00309329920669121,0.000228232762133018,0.00108170649791073,0.00159949886208266,0.000517792364171932,0.00053696016621374,0.00110614806800657,0.000569187901792834
scenario_02_risk_premium,Local debt risk premium,Central transfer,z1,z2,0,0,0,0,0,0,0,0,0,0,0,0
scenario_02_risk_premium,Local debt risk premium,Debt service pressure,ds1,ds2,0.00619177843738341,0.0180345143768788,0.0118427359394954,0.0029242779577028,0.00869304760082638,0.00576876964312358,0.000593944382195063,0.00221810735079189,0.00162416296859683,0.000180647799291751,0.0011038792014922,0.000923231402200449
scenario_02_risk_premium,Local debt risk premium,Fiscal space,fs1,fs2,-0.00749429658272516,-0.0193019109198357,-0.0118076143371106,-0.0036368262788876,-0.0095436960546668,-0.0059068697757792,-0.000784818840644352,-0.0026120289119827,-0.00182721007133835,-0.000235155204976051,-0.00133105782500756,-0.00109590262003151
scenario_02_risk_premium,Local debt risk premium,Public investment,ig1,ig2,-0.00124449120354195,-0.00223196560022432,-0.00098747439668237,-0.0028082784272674,-0.00584108644989513,-0.00303280802262773,-0.00252347607572556,-0.00647097246870579,-0.00394749639298023,-0.00152721567430884,-0.00503119689081002,-0.00350398121650118
scenario_02_risk_premium,Local debt risk premium,Public capital,kg1,kg2,-0.00124449120354164,-0.00223196560022387,-0.000987474396682231,-0.00841033546211634,-0.0165225505227218,-0.00811221506060544,-0.0181552918179033,-0.0399249805207802,-0.0217696887028769,-0.0237402355594494,-0.0578226526134618,-0.0340824170540124
scenario_02_risk_premium,Local debt risk premium,Intermediate output,ym1,ym2,-0.0173068548448528,-0.0178592274658912,-0.000552372621038355,-0.0100767627880947,-0.0114115824948403,-0.00133481970674565,-0.00333412368845165,-0.00479770390903744,-0.00146358022058579,-0.00134708246523008,-0.00261586087873211,-0.00126877841350204
scenario_02_risk_premium,Local debt risk premium,Final output,y1,y2,-0.0170342531557242,-0.0181318291550198,-0.00109757599929561,-0.00931866364561362,-0.0121696816373125,-0.00285101799169885,-0.00249624456888764,-0.00563558302859679,-0.00313933845970915,-0.000712844539332291,-0.00325009880462712,-0.00253725426529483
scenario_02_risk_premium,Local debt risk premium,Private investment,inv1,inv2,-0.00516622993312305,-0.00529766804623172,-0.000131438113108673,-0.00485927686995941,-0.0048032817805686,5.59950893908034e-05,1.64770967869821e-05,0.000655974393479475,0.000639497296692493,0.00110604381860724,0.00195588220985066,0.000849838391243418
scenario_02_risk_premium,Local debt risk premium,Labor demand,n1,n2,-0.00340659298358047,-0.00351531919131838,-0.000108726207737914,-0.00181388958554449,-0.00205249419695638,-0.000238604611411897,-0.000372715027823961,-0.000592615969623511,-0.00021990094179955,4.34435624449558e-06,-0.000147160635563345,-0.000151504991807841
scenario_02_risk_premium,Local debt risk premium,Real wage,w1,w2,-0.241986877335547,-0.243760612827114,-0.00177373549156723,-0.0627246689293788,-0.0653135351833187,-0.00258886625393995,-0.00711030212945651,-0.00862580859572137,-0.00151550646626486,-0.00473007361335043,-0.00576287699596723,-0.0010328033826168
scenario_02_risk_premium,Local debt risk premium,Consumption,c1,c2,-0.0106235320190592,-0.0106021955085639,2.13365104952956e-05,-0.001651108348387,-0.00152531340684847,0.000125794941538526,1.07544100508283e-05,0.000179415046629883,0.000168660636579054,-0.000291672683630839,-0.000174784123667338,0.000116888559963502
scenario_02_risk_premium,Local debt risk premium,Inflation,pinf1,pinf2,-0.0173435450484701,-0.0176728509415598,-0.00032930589308966,-0.00400288453832698,-0.0041653176578399,-0.000162433119512917,-3.10565470792445e-05,4.44359482076884e-06,3.55001419000134e-05,0.000272624105543295,0.000376621455914661,0.000103997350371365
scenario_03_transfer_buffer,Central transfer buffer,Local bond rate,rb1,rb2,0.00249234823527766,0.00249234823527766,0,0.000360955572040966,0.000360955572041188,2.22044604925031e-16,5.49145108390547e-05,5.49145108392768e-05,2.22044604925031e-16,0.00038419205102036,0.000384192051020582,2.22044604925031e-16
scenario_03_transfer_buffer,Central transfer buffer,Central transfer,z1,z2,0.0610567825499447,0.0617722464837123,0.000715463933767591,0.029674278523523,0.044081009929121,0.014406731405598,-0.0241399481482194,-0.00668247759336998,0.0174574705548494,-0.0132047149537891,-0.00741891728205193,0.0057857976717372
scenario_03_transfer_buffer,Central transfer buffer,Debt service pressure,ds1,ds2,0.0067493605381625,0.0187404015717128,0.0119910410335503,0.000196430307282332,0.00351035275413162,0.00331392244684929,-0.00153292001650846,-0.00184526095843491,-0.00031234094192645,-0.000511627900123011,-0.000938047086580306,-0.000426419186457295
scenario_03_transfer_buffer,Central transfer buffer,Fiscal space,fs1,fs2,0.0529257358952587,0.0418836737489459,-0.0110420621463128,0.0288556148668915,0.040321970876641,0.0114663560097495,-0.022761481429063,-0.00458135432270658,0.0181801271063564,-0.0127662855357372,-0.00618530416141948,0.00658098137431767
scenario_03_transfer_buffer,Central transfer buffer,Public investment,ig1,ig2,0.00146298859881808,0.00275604728005348,0.0012930586812354,0.00440325865295717,0.00875698834237665,0.00435372968941948,0.00478481716968193,0.0112320381841791,0.00644722101449718,0.0034713024293504,0.00995877781827512,0.00648747538892472
scenario_03_transfer_buffer,Central transfer buffer,Public capital,kg1,kg2,0.00146298859881799,0.00275604728005341,0.00129305868123542,0.011970185078523,0.0232365769593912,0.0112663918808682,0.0296242185098805,0.0623637065240823,0.0327394880142018,0.0421578686651172,0.0971891499174342,0.055031281252317
scenario_03_transfer_buffer,Central transfer buffer,Intermediate output,ym1,ym2,-0.0176520726244085,-0.0168436825896466,0.000808390034761852,-0.00690644877192226,-0.00478887646885495,0.00211757230306731,-0.000506624477145778,0.0021471515749818,0.00265377605212758,0.000339803082227919,0.00293138522579506,0.00259158214356714
scenario_03_transfer_buffer,Central transfer buffer,Final output,y1,y2,-0.0180696070721038,-0.0164261481419515,0.00164345893015228,-0.00813752993203332,-0.00355779530874201,0.00457973462329131,-0.00201993083722651,0.00366045793506165,0.00568038877228816,-0.000957285300527633,0.00422847360854828,0.00518575890907591
scenario_03_transfer_buffer,Central transfer buffer,Private investment,inv1,inv2,-0.00647429009832978,-0.00608167729295084,0.000392612805378945,-0.00897412129655117,-0.00852976554967433,0.000444355746876846,-0.00521878832437622,-0.00568222563356641,-0.000463437309190184,-0.00294144076338448,-0.00400793260583004,-0.00106649184244556
scenario_03_transfer_buffer,Central transfer buffer,Labor demand,n1,n2,-0.00347454388951829,-0.00331542452062637,0.000159119368891916,-0.00118767728645633,-0.000812242758288256,0.000375434528168073,0.000218487691929461,0.000615514952010385,0.000397027260080923,0.000421668235804251,0.000738102568271864,0.000316434332467613
scenario_03_transfer_buffer,Central transfer buffer,Real wage,w1,w2,-0.283509522134637,-0.281095057984359,0.00241446415027857,-0.082102724538121,-0.0783663108971373,0.00373641364098365,-0.0219093266731107,-0.0191546360407147,0.00275469063239608,-0.0163052299007171,-0.0140010277739062,0.00230420212681093
scenario_03_transfer_buffer,Central transfer buffer,Consumption,c1,c2,-0.0130583055725921,-0.0131005181290542,-4.22125564620845e-05,-0.00356666728844013,-0.00378501810144471,-0.000218350813004586,-0.00158595968253294,-0.0018893546155514,-0.000303394933018453,-0.00148714696649377,-0.00172237160389721,-0.000235224637403442
scenario_03_transfer_buffer,Central transfer buffer,Inflation,pinf1,pinf2,-0.0189103523086529,-0.0183887360745761,0.00052161623407676,-0.00413427936676702,-0.00384406143299854,0.000290217933768488,-3.43773543473036e-05,-4.56970436690796e-05,-1.1319689321776e-05,0.000276102533365963,0.000128336994347444,-0.000147765539018518
scenario_04_risk_and_transfer,Risk premium plus transfer buffer,Local bond rate,rb1,rb2,-0.00333179988212495,0.00177581290221429,0.00510761278433924,-0.00905212394502564,-0.00658753471704543,0.00246458922798021,0.00226067597840673,-0.00255607583438655,-0.00481675181279329,-0.000168692890728739,0.000870380742359123,0.00103907363308786
scenario_04_risk_and_transfer,Risk premium plus transfer buffer,Central transfer,z1,z2,0.0575257645774374,0.058897649690354,0.00137188511291661,-0.0328696075010227,0.0177712197314802,0.0506408272325029,0.00412150243715345,-0.0337393145922373,-0.0378608170293908,-0.000654371432977363,-0.00384935851602941,-0.00319498708305205
scenario_04_risk_and_transfer,Risk premium plus transfer buffer,Debt service pressure,ds1,ds2,0.00635903349556591,0.0178683093081022,0.0115092758125363,-0.0039667471168027,-0.00224567024254567,0.00172107687425703,0.00110690082638569,-0.00485963989648038,-0.00596654072286607,-0.000251044499862036,0.0004105722846987,0.000661616784560736
scenario_04_risk_and_transfer,Risk premium plus transfer buffer,Fiscal space,fs1,fs2,0.0498517520878035,0.0398915175065812,-0.0099602345812223,-0.0295846621424564,0.0195854411725792,0.0491701033150356,0.002802312751557,-0.0289428467486578,-0.0317451595002148,-0.00047307928457703,-0.00427757260310588,-0.00380449331852885
scenario_04_risk_and_transfer,Risk premium plus transfer buffer,Public investment,ig1,ig2,0.000790899063494443,0.00176749839691072,0.000976599333416275,0.00109746125860122,0.00435602468436588,0.00325856342576467,0.000429294660638568,0.00309575030533421,0.00266645564469564,0.000342155343517517,0.00142413605951983,0.00108198071600231
scenario_04_risk_and_transfer,Risk premium plus transfer buffer,Public capital,kg1,kg2,0.000790899063494166,0.00176749839691048,0.000976599333416317,0.00423447290569712,0.0128233898198786,0.00858891691418151,0.00609558216982542,0.026103511243492,0.0200079290736666,0.00696320520413796,0.0311173909303299,0.024154185726192
scenario_04_risk_and_transfer,Risk premium plus transfer buffer,Intermediate output,ym1,ym2,-0.0169648720131405,-0.0165104451990431,0.000454426814097353,-0.00822020653991928,-0.00686881660057315,0.00135138993934614,-0.00228357746320051,-0.00139648536606674,0.000887092097133779,-0.000761379919195115,-0.000403227041947063,0.000358152877248052
scenario_04_risk_and_transfer,Risk premium plus transfer buffer,Final output,y1,y2,-0.0171972153781678,-0.0162781018340158,0.000919113544151973,-0.00891656196372803,-0.00617246117676562,0.00274410078696241,-0.00277630080077629,-0.000903762028492294,0.00187253877228399,-0.000912217013833816,-0.000252389947309473,0.000659827066524343
scenario_04_risk_and_transfer,Risk premium plus transfer buffer,Private investment,inv1,inv2,-0.00605493406050622,-0.00609009079490558,-3.51567343993553e-05,-0.00735666327001538,-0.00778954911054414,-0.000432885840528752,-0.00251990796231261,-0.00321450536498985,-0.000694597402677244,-0.000481667461909085,-0.000868201466206142,-0.000386534004297057
scenario_04_risk_and_transfer,Risk premium plus transfer buffer,Labor demand,n1,n2,-0.00333927882826686,-0.00324983177330906,8.94470549577947e-05,-0.00144754733022094,-0.00120019498692185,0.00024735234329909,-0.000136666958290121,-1.27749920409009e-05,0.00012389196624922,0.000175914420337209,0.000188647125084276,1.27327047470677e-05
scenario_04_risk_and_transfer,Risk premium plus transfer buffer,Real wage,w1,w2,-0.262290727397724,-0.260910349758703,0.00138037763902021,-0.0721729434212701,-0.0686830630068149,0.00348988041445519,-0.0139918368478424,-0.0132089256605621,0.000782911187280355,-0.00931632324477505,-0.00965537563590679,-0.000339052391131744
scenario_04_risk_and_transfer,Risk premium plus transfer buffer,Consumption,c1,c2,-0.011933180381156,-0.011955509436021,-2.2329054864989e-05,-0.00265735995231353,-0.00273893675058734,-8.1576798273808e-05,-0.000685687499101695,-0.000785006968836544,-9.93194697348487e-05,-0.000772704895441678,-0.000808324540623073,-3.5619645181395e-05
scenario_04_risk_and_transfer,Risk premium plus transfer buffer,Inflation,pinf1,pinf2,-0.0178150083051047,-0.017526845196681,0.000288163108423722,-0.00397084717275942,-0.0038461806749609,0.00012466649779852,2.38417974096627e-06,-0.000129737155575071,-0.000132121335316038,0.000295931000351191,0.000203295287727556,-9.26357126236343e-05
scenario_05_strong_io,Stronger input-output linkages,Local bond rate,rb1,rb2,0.00293495358686346,0.00293495358686346,0,0.000472758137927576,0.000472758137927576,0,-0.000231001481969972,-0.000231001481969972,0,0.000113745198133675,0.000113745198133675,0
scenario_05_strong_io,Stronger input-output linkages,Central transfer,z1,z2,0,0,0,0,0,0,0,0,0,0,0,0
scenario_05_strong_io,Stronger input-output linkages,Debt service pressure,ds1,ds2,0.00622743332461498,0.0178528940485308,0.0116254607239158,0.00205364052680718,0.00587000488731756,0.00381636436051038,5.07590742652312e-05,0.000110478832728401,5.97197584631696e-05,1.12803977822037e-05,-6.2058619011221e-06,-1.74862596833258e-05
scenario_05_strong_io,Stronger input-output linkages,Fiscal space,fs1,fs2,-0.00753252196570331,-0.0190882279668832,-0.0115557060011799,-0.00274436819956937,-0.00662238669765412,-0.00387801849808475,-0.00023664161324205,-0.000428521106293836,-0.000191879493051786,-7.58290441057602e-05,-0.000184594653145867,-0.000108765609040107
scenario_05_strong_io,Stronger input-output linkages,Public investment,ig1,ig2,-0.000594703555610851,-0.00112444258860968,-0.000529739032998827,-0.00128704088869636,-0.0028974243692453,-0.00161038348054894,-0.00139950577687656,-0.0035017339687809,-0.00210222819190434,-0.00125952195848521,-0.00320821281736797,-0.00194869085888276
scenario_05_strong_io,Stronger input-output linkages,Public capital,kg1,kg2,-0.000594703555610643,-0.00112444258861011,-0.000529739032999466,-0.00388190775937058,-0.0082044876569114,-0.00432257989754081,-0.00885379319617385,-0.0204236510176914,-0.0115698578215175,-0.0131031769448855,-0.0314115933371797,-0.0183084163922942
scenario_05_strong_io,Stronger input-output linkages,Intermediate output,ym1,ym2,-0.0172916362580335,-0.0174493634416412,-0.000157727183607625,-0.00967994110619008,-0.010117197243705,-0.000437256137514885,-0.00319589836215783,-0.00378508893329998,-0.000589190571142151,-0.00147084301632672,-0.00210298080555194,-0.000632137789225218
scenario_05_strong_io,Stronger input-output linkages,Final output,y1,y2,-0.0170678699428988,-0.0176731297567759,-0.000605259813877157,-0.00903329453150015,-0.0107638438183988,-0.00173054928689864,-0.00243096054936665,-0.00455002674609506,-0.00211906619672841,-0.000844163274244636,-0.00272966054763757,-0.00188549727339293
scenario_05_strong_io,Stronger input-output linkages,Private investment,inv1,inv2,-0.00552291465624705,-0.00559332579395549,-7.04111377084482e-05,-0.00585116994808377,-0.00596977909355806,-0.000118609145474291,-0.000914072936851196,-0.000930592849389622,-1.65199125384263e-05,0.000743597573837684,0.000818684566128158,7.5086992290474e-05
scenario_05_strong_io,Stronger input-output linkages,Labor demand,n1,n2,-0.00340359743461775,-0.00343464364849161,-3.1046213873856e-05,-0.00173336888344416,-0.00180556891861521,-7.22000351710411e-05,-0.00033321029403803,-0.000404432437883226,-7.12221438451954e-05,1.77335815382262e-06,-5.01468591345838e-05,-5.19202172884065e-05
scenario_05_strong_io,Stronger input-output linkages,Real wage,w1,w2,-0.247321891587224,-0.248013301582119,-0.000691409994894698,-0.0651778353797816,-0.0666152880455853,-0.00143745266580364,-0.00845316271358598,-0.00985104763397171,-0.00139788492038573,-0.00538399125636335,-0.00659554701783804,-0.00121155576147469
scenario_05_strong_io,Stronger input-output linkages,Consumption,c1,c2,-0.0109502517310409,-0.0109553613742107,-5.10964316979834e-06,-0.00189508369471958,-0.00189664035559511,-1.55666087553463e-06,-0.000117381835638586,-0.000117699927924209,-3.1809228562274e-07,-0.000328238889596877,-0.000340132296397289,-1.18934068004117e-05
scenario_05_strong_io,Stronger input-output linkages,Inflation,pinf1,pinf2,-0.0174440612759106,-0.0174976338104778,-5.357253456717e-05,-0.00393311516777639,-0.00395819554536825,-2.50803775918573e-05,4.25614884758119e-05,5.39591589281407e-05,1.13976704523289e-05,0.000331655172241874,0.000356998014016785,2.53428417749113e-05
scenario_06_weak_io,Weaker input-output linkages,Local bond rate,rb1,rb2,0.0029348968219487,0.0029348968219487,0,0.000472350429125301,0.000472350429125301,0,-0.000231609934581378,-0.0002316099345816,-2.22044604925031e-16,0.000113153106697572,0.000113153106697572,0
scenario_06_weak_io,Weaker input-output linkages,Central transfer,z1,z2,0,0,0,0,0,0,0,0,0,0,0,0
scenario_06_weak_io,Weaker input-output linkages,Debt service pressure,ds1,ds2,0.00618807057576524,0.0179656246586791,0.0117775540829139,0.0020349568993968,0.0059233572421557,0.0038884003427589,5.22185377635946e-05,0.000105305121067078,5.30865833034836e-05,1.73763897570629e-05,-2.51217119678453e-05,-4.24981017249082e-05
scenario_06_weak_io,Weaker input-output linkages,Fiscal space,fs1,fs2,-0.00749373727692579,-0.0192004651920749,-0.0117067279151491,-0.00273772174739575,-0.00666491111653178,-0.00392718936913602,-0.000262467620499987,-0.000401197654690669,-0.000138730034190682,-0.000106566891692125,-0.000143166870669037,-3.65999789769117e-05
scenario_06_weak_io,Weaker input-output linkages,Public investment,ig1,ig2,-0.000596680059573265,-0.00112551662313616,-0.000528836563562896,-0.00129986391597889,-0.00289339572019855,-0.00159353180421966,-0.00142431091667491,-0.00348696304699619,-0.00206265213032128,-0.00128694377104133,-0.00318792374470396,-0.00190097997366263
scenario_06_weak_io,Weaker input-output linkages,Public capital,kg1,kg2,-0.000596680059572918,-0.00112551662313631,-0.000528836563563395,-0.00391012623889608,-0.0082003716613821,-0.00429024542248602,-0.00896042374128214,-0.0203774567396096,-0.0114170329983274,-0.0133041605309634,-0.0312975465206051,-0.0179933859896417
scenario_06_weak_io,Weaker input-output linkages,Intermediate output,ym1,ym2,-0.0171779699744513,-0.0175635310177114,-0.000385561043260041,-0.00947994206222202,-0.0103197094015841,-0.000839767339362085,-0.00306687588681842,-0.00391589346960008,-0.000849017582781664,-0.00141632668536051,-0.00215769805389432,-0.000741371368533805
scenario_06_weak_io,Weaker input-output linkages,Final output,y1,y2,-0.0170754297773968,-0.0176660712147658,-0.000590641437368977,-0.00919071597779342,-0.0106089354860164,-0.00141821950822296,-0.00274962472799245,-0.00423314462843005,-0.0014835199004376,-0.00116642796454036,-0.00240759677471836,-0.00124116881017799
scenario_06_weak_io,Weaker input-output linkages,Private investment,inv1,inv2,-0.00551257790657422,-0.00560223476321486,-8.96568566406408e-05,-0.00592989129725585,-0.00588591060366955,4.39806935862985e-05,-0.00112321538651322,-0.000714112738522343,0.000409102647990878,0.000521636393665204,0.00104705909523073,0.000525422701565526
scenario_06_weak_io,Weaker input-output linkages,Labor demand,n1,n2,-0.00338122394344373,-0.00345711581152064,-7.58918680769105e-05,-0.00169364725429014,-0.00184578832600099,-0.000152141071710854,-0.000302851444083499,-0.000435191382955738,-0.000132339938872239,2.4531029607866e-05,-7.30737301662537e-05,-9.76047597741198e-05
scenario_06_weak_io,Weaker input-output linkages,Real wage,w1,w2,-0.247147227653298,-0.248171381392947,-0.00102415373964826,-0.0654886617080708,-0.0662954725110501,-0.000806810802979285,-0.00925807149310209,-0.00903886529424636,0.000219206198855737,-0.00614215482636471,-0.00583213275375982,0.000310022072604887
scenario_06_weak_io,Weaker input-output linkages,Consumption,c1,c2,-0.0109661718112494,-0.0109383198284148,2.78519828346147e-05,-0.00196096076455798,-0.00182962916214757,0.000131331602410412,-0.00020209842480412,-3.20688429112925e-05,0.000170029581892828,-0.00040112058716435,-0.000266732125244973,0.000134388461919377
scenario_06_weak_io,Weaker input-output linkages,Inflation,pinf1,pinf2,-0.0173326453308191,-0.0176093076999446,-0.000276662369125491,-0.00388196482469227,-0.00401010188359185,-0.00012813705889958,3.69276284204467e-05,5.88563424865907e-05,2.19287140661439e-05,0.000313238730668131,0.000374702986285058,6.14642556169276e-05
