batch_run_id,scenario_id,varied_parameter,level,gamma_g,alpha,phi_i,chi_ig,variable,scope,window_start,window_end,cumulative_A,cumulative_B,cumulative_B_minus_A,cancellation_index,Rcum,Rpath,effective_ratio,cumulative_denominator_status,materiality,sign_preserved_within_pair,A_signed_absolute_peak,A_peak_period,B_signed_absolute_peak,B_peak_period,B_minus_A_signed_absolute_peak,B_minus_A_peak_period,baseline_A_sign_preserved,baseline_B_sign_preserved,high_low_ordering_preserved
20260927_101616_608,baseline,baseline,baseline,0.1,0.45,2.5,20,ig,low_debt,1,12,-0.0580035274955849,-0.0585621021093921,-0.00055857461380715,1,0.00963001110319829,0.014034111865852,0.014034111865852,OK,SMALL,1,-0.00578664931089763,8,-0.0058287591233875,8,-8.38108289040462e-05,4,1,1,1
20260927_101616_608,baseline,baseline,baseline,0.1,0.45,2.5,20,ig,high_debt,1,12,-0.141940831046148,-0.142935545847746,-0.000994714801598684,1,0.00700795390774683,0.0107872462298772,0.0107872462298772,OK,SMALL,1,-0.014352764125888,8,-0.0144359130384297,8,-0.000140963720433873,4,1,1,1
20260927_101616_608,baseline,baseline,baseline,0.1,0.45,2.5,20,ig,high_minus_low,1,12,-0.0839373035505628,-0.0843734437383544,-0.000436140187791534,1,0.00519602333340156,0.00861799884044767,0.00861799884044767,OK,SMALL,1,-0.0085661148149904,8,-0.00860715391504223,8,6.08678376801813e-05,22,1,1,1
20260927_101616_608,baseline,baseline,baseline,0.1,0.45,2.5,20,kg,low_debt,1,12,-0.00779430975642148,-0.00790077706520361,-0.000106467308782127,1,0.013659619916236,0.00664864464781716,0.013659619916236,OK,SMALL,1,-0.0017800756954095,23,-0.00177647216178375,23,1.25455323468637e-05,36,1,1,1
20260927_101616_608,baseline,baseline,baseline,0.1,0.45,2.5,20,kg,high_debt,1,12,-0.0189254498044953,-0.0191074887189076,-0.000182038914412298,1,0.00961873647880533,0.00537580629669953,0.00961873647880533,OK,SMALL,1,-0.00431610909149597,22,-0.00431113908512396,22,2.61471432368618e-05,36,1,1,1
20260927_101616_608,baseline,baseline,baseline,0.1,0.45,2.5,20,kg,high_minus_low,1,12,-0.0111311400480738,-0.011206711653704,-7.55716056301727e-05,1,0.00678920625414733,0.00451228682378065,0.00678920625414733,OK,SMALL,1,-0.00253778138822177,22,-0.00253497764820587,22,1.36016108899979e-05,36,1,1,1
20260927_101616_608,baseline,baseline,baseline,0.1,0.45,2.5,20,xloc,low_debt,1,12,-0.0111403615615683,-0.011152029395346,-1.16678337777065e-05,1,0.00104734785430644,0.00292667342248924,0.00292667342248924,OK,SMALL,1,-0.00217106368639097,1,-0.00217360736241301,1,-3.7904911253106e-06,3,1,1,1
20260927_101616_608,baseline,baseline,baseline,0.1,0.45,2.5,20,xloc,high_debt,1,12,-0.0166920652691072,-0.0167174638163866,-2.53985472794538e-05,1,0.00152159405501847,0.00427186750243349,0.00427186750243349,OK,SMALL,1,-0.00235809765349249,1,-0.00236198558915357,1,-6.364569372308e-06,3,1,1,1
20260927_101616_608,baseline,baseline,baseline,0.1,0.45,2.5,20,xloc,high_minus_low,1,12,-0.00555170370753888,-0.00556543442104063,-1.37307135017473e-05,1,0.00247324321056647,0.00630570661511847,0.00630570661511847,OK,SMALL,1,-0.00054742769633831,7,-0.000548970835614782,7,3.17093228818788e-06,20,1,1,1
20260927_101616_608,gamma_low,gamma_g,low,0.05,0.45,2.5,20,ig,low_debt,1,12,-0.0582124456585525,-0.0588374620131381,-0.000625016354585554,1,0.0107368166294131,0.014440042210429,0.014440042210429,OK,SMALL,1,-0.0058075835434652,8,-0.00585638928504092,8,-8.97402596955477e-05,4,1,1,1
20260927_101616_608,gamma_low,gamma_g,low,0.05,0.45,2.5,20,ig,high_debt,1,12,-0.144312125608562,-0.145466015980752,-0.00115389037218933,1,0.00799579638456148,0.0111016558841204,0.0111016558841204,OK,SMALL,1,-0.0145963922659456,8,-0.0146953474816539,8,-0.00015602843077602,4,1,1,1
20260927_101616_608,gamma_low,gamma_g,low,0.05,0.45,2.5,20,ig,high_minus_low,1,12,-0.08609967995001,-0.0866285539676137,-0.00052887401760375,1,0.00614257820599122,0.00892012026881366,0.00892012026881366,OK,SMALL,1,-0.00878880872248039,8,-0.00883895819661293,8,-6.7838289700973e-05,5,1,1,1
20260927_101616_608,gamma_low,gamma_g,low,0.05,0.45,2.5,20,kg,low_debt,1,12,-0.00782808762572714,-0.00794385143734496,-0.000115763811617819,1,0.0147882621085334,0.00666897483024335,0.0147882621085334,OK,SMALL,1,-0.00177632979351324,23,-0.00177527776805445,22,-1.37455039744827e-05,10,1,1,1
20260927_101616_608,gamma_low,gamma_g,low,0.05,0.45,2.5,20,kg,high_debt,1,12,-0.0192394999035491,-0.0194445046695043,-0.000205004765955197,1,0.0106554103268235,0.00530042535611842,0.0106554103268235,OK,SMALL,1,-0.00438237455846147,22,-0.00438080417193028,22,-2.50919939690877e-05,10,1,1,1
20260927_101616_608,gamma_low,gamma_g,low,0.05,0.45,2.5,20,kg,high_minus_low,1,12,-0.0114114122778219,-0.0115006532321593,-8.92409543373791e-05,1,0.00782032514159695,0.00438649125911697,0.00782032514159695,OK,SMALL,1,-0.00260655013126147,22,-0.00260552640387583,22,1.25325493066657e-05,36,1,1,1
20260927_101616_608,gamma_low,gamma_g,low,0.05,0.45,2.5,20,xloc,low_debt,1,12,-0.0109360479150032,-0.0109412463501241,-5.19843512081231e-06,1,0.000475348605018504,0.00363191902752845,0.00363191902752845,OK,SMALL,1,-0.00215692159939562,1,-0.00215936409982997,1,-3.63962313998378e-06,3,1,1,1
20260927_101616_608,gamma_low,gamma_g,low,0.05,0.45,2.5,20,xloc,high_debt,1,12,-0.0166693198041621,-0.016689792851883,-2.04730477209036e-05,1,0.0012281873502596,0.0051189532680828,0.0051189532680828,OK,SMALL,1,-0.00235847262831046,1,-0.00236248845626663,1,6.85752874274304e-06,17,1,1,1
20260927_101616_608,gamma_low,gamma_g,low,0.05,0.45,2.5,20,xloc,high_minus_low,1,12,-0.00573327188915884,-0.00574854650175893,-1.52746126000913e-05,1,0.00266420516860092,0.0073527247762755,0.0073527247762755,OK,SMALL,1,-0.000570836805271813,6,-0.000573169014398078,6,3.60039460678419e-06,19,1,1,1
20260927_101616_608,gamma_high,gamma_g,high,0.15,0.45,2.5,20,ig,low_debt,1,12,-0.0577846664050024,-0.0582719351690743,-0.000487268764071812,1,0.00843249246533036,0.0136695120600795,0.0136695120600795,OK,SMALL,1,-0.00576470668961539,8,-0.00579961016843912,8,-7.7498328400598e-05,4,1,1,1
20260927_101616_608,gamma_high,gamma_g,high,0.15,0.45,2.5,20,ig,high_debt,1,12,-0.139657716866657,-0.140511098835458,-0.000853381968801831,1,0.0061105249888671,0.0106375930882625,0.0106375930882625,OK,SMALL,1,-0.0141182572858015,8,-0.0141873682930205,8,-0.000127647540194148,4,1,1,1
20260927_101616_608,gamma_high,gamma_g,high,0.15,0.45,2.5,20,ig,high_minus_low,1,12,-0.0818730504616541,-0.0822391636663841,-0.000366113204729984,1,0.00447171813759958,0.00858114776174539,0.00858114776174539,OK,SMALL,1,-0.00835355059618607,8,-0.00838775812458138,8,6.06252892853868e-05,22,1,1,1
20260927_101616_608,gamma_high,gamma_g,high,0.15,0.45,2.5,20,kg,low_debt,1,12,-0.00775946115932143,-0.00785599111376267,-9.6529954441241e-05,1,0.012440290950523,0.00676334401501365,0.012440290950523,OK,SMALL,1,-0.00178302818185076,23,-0.00177771628849114,23,1.36622771161146e-05,35,1,1,1
20260927_101616_608,gamma_high,gamma_g,high,0.15,0.45,2.5,20,kg,high_debt,1,12,-0.0186231724262683,-0.0187848727332574,-0.000161700306989067,1,0.00868274766983234,0.00561593076780766,0.00868274766983234,OK,SMALL,1,-0.00425188594047591,22,-0.00424378648828753,22,2.84654958426778e-05,36,1,1,1
20260927_101616_608,gamma_high,gamma_g,high,0.15,0.45,2.5,20,kg,high_minus_low,1,12,-0.0108637112669469,-0.0109288816194947,-6.51703525478258e-05,1,0.00599890322436205,0.00481714161057507,0.00599890322436205,OK,SMALL,1,-0.00247178546790572,22,-0.00246759571210342,22,1.48190742338405e-05,36,1,1,1
20260927_101616_608,gamma_high,gamma_g,high,0.15,0.45,2.5,20,xloc,low_debt,1,12,-0.0113213492187151,-0.0113381627025245,-1.68134838094414e-05,1,0.00148511308013071,0.00259632569223199,0.00259632569223199,OK,SMALL,1,-0.00218484393941498,1,-0.0021874534256392,1,-3.89391924182636e-06,3,1,1,1
20260927_101616_608,gamma_high,gamma_g,high,0.15,0.45,2.5,20,xloc,high_debt,1,12,-0.0166978541590308,-0.0167276012266664,-2.97470676355882e-05,1,0.00178149044495636,0.00386504518686944,0.00386504518686944,OK,SMALL,1,-0.00235802463841839,1,-0.0023618119154718,1,-6.17080841847084e-06,3,1,1,1
20260927_101616_608,gamma_high,gamma_g,high,0.15,0.45,2.5,20,xloc,high_minus_low,1,12,-0.00537650494031572,-0.00538943852414187,-1.29335838261468e-05,1,0.0024055746195199,0.00579211461909283,0.00579211461909283,OK,SMALL,1,-0.000525793907417582,7,-0.000527241089224861,7,2.97955772132763e-06,21,1,1,1
20260927_101616_608,phiI_low,phi_i,low,0.1,0.45,1.25,20,ig,low_debt,1,12,-0.0572686872550634,-0.0575646835969787,-0.000295996341915267,1,0.00516855468673409,0.0100984630507868,0.0100984630507868,OK,SMALL,1,-0.0057370455413059,8,-0.00574951173674375,8,-6.45840764866802e-05,3,1,1,1
20260927_101616_608,phiI_low,phi_i,low,0.1,0.45,1.25,20,ig,high_debt,1,12,-0.138701878016005,-0.139246764336136,-0.000544886320130944,1,0.00392847110597931,0.00791516958332431,0.00791516958332431,OK,SMALL,1,-0.0140427466756443,8,-0.0140761591384944,8,-0.000102938882151279,3,1,1,1
20260927_101616_608,phiI_low,phi_i,low,0.1,0.45,1.25,20,ig,high_minus_low,1,12,-0.081433190760942,-0.0816820807391577,-0.000248889978215691,1,0.00305637020838765,0.00652021462287514,0.00652021462287514,OK,SMALL,1,-0.00830570113433844,8,-0.00832664740175066,8,4.83751117971261e-05,20,1,1,1
20260927_101616_608,phiI_low,phi_i,low,0.1,0.45,1.25,20,kg,low_debt,1,12,-0.00765749584707561,-0.00772762799055545,-7.01321434798396e-05,1,0.00915862638131538,0.00482096670182757,0.00915862638131538,OK,SMALL,1,-0.00176976986114537,23,-0.00176376414257514,23,9.25071454049853e-06,32,1,1,1
20260927_101616_608,phiI_low,phi_i,low,0.1,0.45,1.25,20,kg,high_debt,1,12,-0.0184469575744539,-0.018566746677264,-0.000119789102810037,1,0.00649370511785237,0.00412089992927491,0.00649370511785237,OK,SMALL,1,-0.00424412932169845,22,-0.00423371253744087,22,2.00239845488115e-05,32,1,1,1
20260927_101616_608,phiI_low,phi_i,low,0.1,0.45,1.25,20,kg,high_minus_low,1,12,-0.0107894617273783,-0.0108391186867085,-4.96569593301972e-05,1,0.00460235742847046,0.00364772291024361,0.00460235742847046,OK,SMALL,1,-0.00247638633170085,22,-0.00247113013871629,22,1.0773270008313e-05,32,1,1,1
20260927_101616_608,phiI_low,phi_i,low,0.1,0.45,1.25,20,xloc,low_debt,1,12,-0.0126601175014061,-0.01266267152319,-2.55402178395148e-06,1,0.000201737605015737,0.00164148786364526,0.00164148786364526,OK,SMALL,1,-0.00266268948351434,1,-0.00266522816674475,1,-3.10757676535989e-06,2,1,1,1
20260927_101616_608,phiI_low,phi_i,low,0.1,0.45,1.25,20,xloc,high_debt,1,12,-0.0181146279206722,-0.0181196781047878,-5.05018411556257e-06,1,0.000278790386293243,0.00252092272190107,0.00252092272190107,OK,SMALL,1,-0.00287297237365447,1,-0.00287646027642663,1,-4.54489269563485e-06,2,1,1,1
20260927_101616_608,phiI_low,phi_i,low,0.1,0.45,1.25,20,xloc,high_minus_low,1,12,-0.00545451041926615,-0.00545700658159776,-2.4961623316111e-06,1,0.000457632700231771,0.00444099997116549,0.00444099997116549,OK,SMALL,1,-0.000533334325858559,6,-0.000534053773968424,6,2.34979298074922e-06,17,1,1,1
20260927_101616_608,phiI_high,phi_i,high,0.1,0.45,5,20,ig,low_debt,1,12,-0.0585379807211702,-0.0593271734776697,-0.000789192756499538,1,0.013481721555423,0.0178303730780993,0.0178303730780993,OK,SMALL,1,-0.0058231814011592,8,-0.00589207388520657,8,-0.000101658315075868,4,1,1,1
20260927_101616_608,phiI_high,phi_i,high,0.1,0.45,5,20,ig,high_debt,1,12,-0.144286347664983,-0.145651466215483,-0.00136511855050001,1,0.00946117614446562,0.0133078854011426,0.0133078854011426,OK,SMALL,1,-0.0145792475997245,8,-0.0147042387125993,8,-0.000171870176171712,5,1,1,1
20260927_101616_608,phiI_high,phi_i,high,0.1,0.45,5,20,ig,high_minus_low,1,12,-0.0857483669438123,-0.0863242927378128,-0.000575925794000495,1,0.00671646370102742,0.0102531235821325,0.0102531235821325,OK,SMALL,1,-0.00875606619856531,8,-0.00881216482739276,8,-7.1522485732672e-05,5,1,1,1
20260927_101616_608,phiI_high,phi_i,high,0.1,0.45,5,20,kg,low_debt,1,12,-0.00790016923165363,-0.00803645747799527,-0.000136288246341636,1,0.0172513071992901,0.00839946515835771,0.0172513071992901,OK,SMALL,1,-0.00178402022863474,23,-0.00178389713140215,22,-1.69966294174171e-05,11,1,1,1
20260927_101616_608,phiI_high,phi_i,high,0.1,0.45,5,20,kg,high_debt,1,12,-0.0192796589923109,-0.019510516493787,-0.000230857501476077,1,0.0119741485867643,0.00648129976652187,0.0119741485867643,OK,SMALL,1,-0.00436063466432268,22,-0.00436145376064715,22,3.16201266664651e-05,38,1,1,1
20260927_101616_608,phiI_high,phi_i,high,0.1,0.45,5,20,kg,high_minus_low,1,12,-0.0113794897606573,-0.0114740590157917,-9.45692551344406e-05,1,0.00831050048143619,0.00519643138267567,0.00831050048143619,OK,SMALL,1,-0.00257820581378891,22,-0.00257755662924501,22,1.59001311565246e-05,38,1,1,1
20260927_101616_608,phiI_high,phi_i,high,0.1,0.45,5,20,xloc,low_debt,1,12,-0.0100118929043042,-0.0100394952753778,-2.76023710736872e-05,1,0.00275695828326538,0.00486518930789501,0.00486518930789501,OK,SMALL,1,-0.00188250754233377,1,-0.00188499473407711,1,-5.01857066448341e-06,3,1,1,1
20260927_101616_608,phiI_high,phi_i,high,0.1,0.45,5,20,xloc,high_debt,1,12,-0.0156830120771265,-0.015735966174982,-5.29540978554399e-05,1,0.00337652598844024,0.00642821412415864,0.00642821412415864,OK,SMALL,1,-0.00205699102921764,1,-0.00206113043439438,1,-8.63591187993951e-06,4,1,1,1
20260927_101616_608,phiI_high,phi_i,high,0.1,0.45,5,20,xloc,high_minus_low,1,12,-0.00567111917282237,-0.00569647089960412,-2.53517267817527e-05,1,0.0044703216436088,0.00810082047876964,0.00810082047876964,OK,SMALL,1,-0.000563895242289947,7,-0.000566737991751776,7,3.96287511184035e-06,22,1,1,1
20260927_101616_608,chiIG_low,chi_ig,low,0.1,0.45,2.5,10,ig,low_debt,1,12,-0.0674365347426859,-0.0682506259452827,-0.000814091202596776,1,0.0120719607806519,0.0206337954982484,0.0206337954982484,OK,SMALL,1,-0.00663960496998228,7,-0.00673904376525941,6,-0.00014481862105053,3,1,1,1
20260927_101616_608,chiIG_low,chi_ig,low,0.1,0.45,2.5,10,ig,high_debt,1,12,-0.165637644013444,-0.167079759403233,-0.00144211538978939,1,0.00870644712667092,0.01546079917801,0.01546079917801,OK,SMALL,1,-0.0166432907821407,7,-0.0167920735496638,7,-0.000242155329214372,4,1,1,1
20260927_101616_608,chiIG_low,chi_ig,low,0.1,0.45,2.5,10,ig,high_minus_low,1,12,-0.0982011092707579,-0.0988291334579505,-0.000628024187192613,1,0.00639528608033377,0.011998193238292,0.011998193238292,OK,SMALL,1,-0.0100036858121584,7,-0.0100746234544594,7,-0.000100154667842639,4,1,1,1
20260927_101616_608,chiIG_low,chi_ig,low,0.1,0.45,2.5,10,kg,low_debt,1,12,-0.00954955825212563,-0.00972112814645339,-0.000171569894327761,1,0.0179662650143604,0.00954059656852841,0.0179662650143604,OK,SMALL,1,-0.00179321915419676,20,-0.00179191515863357,19,-1.95861263944479e-05,9,1,1,1
20260927_101616_608,chiIG_low,chi_ig,low,0.1,0.45,2.5,10,kg,high_debt,1,12,-0.0231940985298758,-0.023488367176661,-0.000294268646785133,1,0.0126872206913363,0.00758592143631229,0.0126872206913363,OK,SMALL,1,-0.00437113859799572,19,-0.00436979083194141,19,-3.42883341504971e-05,9,1,1,1
20260927_101616_608,chiIG_low,chi_ig,low,0.1,0.45,2.5,10,kg,high_minus_low,1,12,-0.0136445402777502,-0.0137672390302076,-0.00012269875245737,1,0.00899251641753381,0.00625743268199781,0.00899251641753381,OK,SMALL,1,-0.00257926098382433,19,-0.00257787567330784,19,1.73039819099481e-05,32,1,1,1
20260927_101616_608,chiIG_low,chi_ig,low,0.1,0.45,2.5,10,xloc,low_debt,1,12,-0.0113390184076352,-0.0113642066751498,-2.51882675146309e-05,1,0.00222137989454804,0.00478506146179709,0.00478506146179709,OK,SMALL,1,-0.00221259499002791,1,-0.00221781948975497,1,-7.60105183938986e-06,3,1,1,1
20260927_101616_608,chiIG_low,chi_ig,low,0.1,0.45,2.5,10,xloc,high_debt,1,12,-0.0174730235724703,-0.0175195287666617,-4.65051941914707e-05,1,0.0026615424627906,0.00653830865303046,0.00653830865303046,OK,SMALL,1,-0.00245107261249533,1,-0.00245904034111089,1,-1.25731529704298e-05,3,1,1,1
20260927_101616_608,chiIG_low,chi_ig,low,0.1,0.45,2.5,10,xloc,high_minus_low,1,12,-0.00613400516483509,-0.00615532209151193,-2.13169266768398e-05,1,0.00347520520508282,0.00923286694938073,0.00923286694938073,OK,SMALL,1,-0.000621039476838781,6,-0.000624401050544177,6,-4.97210113103996e-06,3,1,1,1
20260927_101616_608,chiIG_high,chi_ig,high,0.1,0.45,2.5,40,ig,low_debt,1,12,-0.0484054305491802,-0.0487101025298586,-0.000304671980678434,1,0.00629416941904659,0.00849193244067068,0.00849193244067068,OK,SMALL,1,-0.00505670664093111,10,-0.00506655553147647,10,-4.36625285125253e-05,4,1,1,1
20260927_101616_608,chiIG_high,chi_ig,high,0.1,0.45,2.5,40,ig,high_debt,1,12,-0.117961600634283,-0.118463362796394,-0.000501762162111771,1,0.00425360591424483,0.00641591221859013,0.00641591221859013,OK,SMALL,1,-0.0124136556401687,10,-0.0124336754068391,10,7.02777755531847e-05,23,1,1,1
20260927_101616_608,chiIG_high,chi_ig,high,0.1,0.45,2.5,40,ig,high_minus_low,1,12,-0.0695561700851024,-0.0697532602665357,-0.00019709018143331,1,0.00283353987420769,0.00501948143142137,0.00501948143142137,OK,SMALL,1,-0.00735694899923756,10,-0.00736711987536267,10,3.44035893485445e-05,24,1,1,1
20260927_101616_608,chiIG_high,chi_ig,high,0.1,0.45,2.5,40,kg,low_debt,1,12,-0.00623651692638968,-0.00629291956345757,-5.6402637067892e-05,1,0.00904393233171959,0.00410495242316437,0.00904393233171959,OK,SMALL,1,-0.00176069903460345,26,-0.00175632126190965,26,8.48576586739069e-06,38,1,1,1
20260927_101616_608,chiIG_high,chi_ig,high,0.1,0.45,2.5,40,kg,high_debt,1,12,-0.0151191490341133,-0.0152091250026015,-8.99759684882158e-05,1,0.00595112650091637,0.00329450822971946,0.00595112650091637,OK,SMALL,1,-0.00424744604330433,26,-0.0042380412142301,26,1.74638959021811e-05,37,1,1,1
20260927_101616_608,chiIG_high,chi_ig,high,0.1,0.45,2.5,40,kg,high_minus_low,1,12,-0.00888263210772363,-0.00891620543914395,-3.35733314203255e-05,1,0.00377966024182548,0.0027602062240588,0.00377966024182548,OK,SMALL,1,-0.00248674700870088,26,-0.00248171995232046,26,8.97887093639005e-06,37,1,1,1
20260927_101616_608,chiIG_high,chi_ig,high,0.1,0.45,2.5,40,xloc,low_debt,1,12,-0.0110412021892549,-0.0110459986598468,-4.79647059192789e-06,1,0.000434415610701863,0.00168608490203313,0.00168608490203313,OK,SMALL,1,-0.00215152319670342,1,-0.00215279904790799,1,-1.83180110513437e-06,3,1,1,1
20260927_101616_608,chiIG_high,chi_ig,high,0.1,0.45,2.5,40,xloc,high_debt,1,12,-0.0159965591685342,-0.0160059506617595,-9.39149322531918e-06,1,0.000587094582426989,0.00247749283820391,0.00247749283820391,OK,SMALL,1,-0.00230072957792649,1,-0.00230252903366523,1,3.27373482533755e-06,19,1,1,1
20260927_101616_608,chiIG_high,chi_ig,high,0.1,0.45,2.5,40,xloc,high_minus_low,1,12,-0.00495535697927929,-0.00495995200191268,-4.59502263339129e-06,1,0.000927283877348346,0.00362062235744472,0.00362062235744472,OK,SMALL,1,-0.000490002410990287,8,-0.000490317329905343,8,1.85455367385234e-06,21,1,1,1
20260927_101616_608,alpha_low,alpha,low,0.1,0.4,2.5,20,ig,low_debt,1,12,-0.0584351015786738,-0.0589409253618936,-0.000505823783219832,1,0.00865616332571645,0.0127777444808658,0.0127777444808658,OK,SMALL,1,-0.00582583450851731,8,-0.00586428046930471,8,-7.64857512823803e-05,4,1,1,1
20260927_101616_608,alpha_low,alpha,low,0.1,0.4,2.5,20,ig,high_debt,1,12,-0.14225062183875,-0.143126934714517,-0.000876312875766838,1,0.0061603447804973,0.00967865203389405,0.00967865203389405,OK,SMALL,1,-0.0143832469330474,8,-0.0144566937371745,8,-0.000125730036399397,4,1,1,1
20260927_101616_608,alpha_low,alpha,low,0.1,0.4,2.5,20,ig,high_minus_low,1,12,-0.0838155202600762,-0.0841860093526232,-0.000370489092546999,1,0.00442029222508417,0.0075901583197847,0.0075901583197847,OK,SMALL,1,-0.00855741242453007,8,-0.00859241326786978,8,5.47084120757864e-05,22,1,1,1
20260927_101616_608,alpha_low,alpha,low,0.1,0.4,2.5,20,kg,low_debt,1,12,-0.00785969600165526,-0.00795645540663488,-9.67594049796263e-05,1,0.0123108330092218,0.00604045368091841,0.0123108330092218,OK,SMALL,1,-0.00179200926740268,23,-0.00178828441843804,23,1.14482489442049e-05,35,1,1,1
20260927_101616_608,alpha_low,alpha,low,0.1,0.4,2.5,20,kg,high_debt,1,12,-0.018969575671026,-0.0191310659642861,-0.000161490293260069,1,0.00851312101338821,0.00483765459080467,0.00851312101338821,OK,SMALL,1,-0.0043265146995534,22,-0.00432103991724756,22,2.36173155099273e-05,35,1,1,1
20260927_101616_608,alpha_low,alpha,low,0.1,0.4,2.5,20,kg,high_minus_low,1,12,-0.0111098796693708,-0.0111746105576512,-6.47308882804429e-05,1,0.00582642568658075,0.0040208357729329,0.00582642568658075,OK,SMALL,1,-0.00253645463706061,22,-0.00253338772542762,22,1.21690665657224e-05,35,1,1,1
20260927_101616_608,alpha_low,alpha,low,0.1,0.4,2.5,20,xloc,low_debt,1,12,-0.0117274236376724,-0.0117414070989527,-1.39834612802314e-05,1,0.0011923728273371,0.00286294230677579,0.00286294230677579,OK,SMALL,1,-0.00222176113036909,1,-0.0022241503844932,1,-3.82282845701187e-06,3,1,1,1
20260927_101616_608,alpha_low,alpha,low,0.1,0.4,2.5,20,xloc,high_debt,1,12,-0.0174974910001181,-0.0175247717619843,-2.72807618661997e-05,1,0.00155912421192361,0.00400121208749751,0.00400121208749751,OK,SMALL,1,-0.00240858710002689,1,-0.00241217377980785,1,-6.17837364313978e-06,3,1,1,1
20260927_101616_608,alpha_low,alpha,low,0.1,0.4,2.5,20,xloc,high_minus_low,1,12,-0.00577006736244567,-0.00578336466303164,-1.32973005859682e-05,1,0.00230453125599769,0.00564563531223074,0.00564563531223074,OK,SMALL,1,-0.000570906756776735,7,-0.000572431858273159,7,2.99588550445318e-06,20,1,1,1
20260927_101616_608,alpha_high,alpha,high,0.1,0.5,2.5,20,ig,low_debt,1,12,-0.057600416439528,-0.0582113750306465,-0.000610958591118475,1,0.0106068432987788,0.0152859950306677,0.0152859950306677,OK,SMALL,1,-0.00575109572046063,8,-0.00579695538378474,8,-9.06256281429695e-05,4,1,1,1
20260927_101616_608,alpha_high,alpha,high,0.1,0.5,2.5,20,ig,high_debt,1,12,-0.141736475875785,-0.142849146380723,-0.00111267050493791,1,0.00785027635308943,0.0118929474505773,0.0118929474505773,OK,SMALL,1,-0.0143339240389655,8,-0.0144268753816384,8,-0.000155486723611939,4,1,1,1
20260927_101616_608,alpha_high,alpha,high,0.1,0.5,2.5,20,ig,high_minus_low,1,12,-0.0841360594362573,-0.0846377713500766,-0.000501711913819397,1,0.00596310211318491,0.00964566945207868,0.00964566945207868,OK,SMALL,1,-0.00858282831850491,8,-0.00862991999785364,8,6.69487044589281e-05,23,1,1,1
20260927_101616_608,alpha_high,alpha,high,0.1,0.5,2.5,20,kg,low_debt,1,12,-0.00773245032101466,-0.00784824094142378,-0.000115790620409117,1,0.01497463489606,0.00727015219567323,0.01497463489606,OK,SMALL,1,-0.00176859144167448,23,-0.00176527369460185,22,1.37276258703005e-05,37,1,1,1
20260927_101616_608,alpha_high,alpha,high,0.1,0.5,2.5,20,kg,high_debt,1,12,-0.0188941787150663,-0.0190962230775084,-0.000202044362442127,1,0.0106934715442813,0.00592237488676617,0.0106934715442813,OK,SMALL,1,-0.00430914654912943,22,-0.00430487722658616,22,2.88579879024571e-05,36,1,1,1
20260927_101616_608,alpha_high,alpha,high,0.1,0.5,2.5,20,kg,high_minus_low,1,12,-0.0111617283940516,-0.0112479821360847,-8.62537420330076e-05,1,0.00772763312167445,0.00501142306507656,0.00772763312167445,OK,SMALL,1,-0.00254206136913904,22,-0.00253960353198431,22,1.51382948811638e-05,36,1,1,1
20260927_101616_608,alpha_high,alpha,high,0.1,0.5,2.5,20,xloc,low_debt,1,12,-0.0104782704067811,-0.0104872613368251,-8.99093004402829e-06,1,0.00085805478337434,0.00301398557792531,0.00301398557792531,OK,SMALL,1,-0.00211400276689244,1,-0.00211667122847436,1,-3.76515113842402e-06,2,1,1,1
20260927_101616_608,alpha_high,alpha,high,0.1,0.5,2.5,20,xloc,high_debt,1,12,-0.0157974888404973,-0.0158200765491597,-2.25877086624804e-05,1,0.00142982906274168,0.00456651395315898,0.00456651395315898,OK,SMALL,1,-0.00230081361071954,1,-0.00230494867848952,1,-6.40321591494075e-06,3,1,1,1
20260927_101616_608,alpha_high,alpha,high,0.1,0.5,2.5,20,xloc,high_minus_low,1,12,-0.00531921843371619,-0.00533281521233464,-1.35967786184521e-05,1,0.0025561609826489,0.0069917981044496,0.0069917981044496,OK,SMALL,1,-0.000522309651529995,7,-0.000523806334706278,7,3.32570631689233e-06,20,1,1,1
