batch_run_id,run_id,scenario_id,scheme,start_time,end_time,status,template_path,generated_model_path,template_sha256,generated_model_sha256,gamma_g,alpha,phi_i,chi_ig,matlab_release,dynare_release,endogenous_count,equation_count,max_steady_residual,jacobian_rank,jacobian_dimension,unstable_roots,forward_looking_variables,bk_status,shock_std,approximation_order,horizon,validation_status,shadow_target_status,shadow_target_max_error,scheme_A_denominator_min,B_solver_status,B_solver_exitflag,B_solver_max_residual,B_solver_jacobian_rank,B_solver_scaled_condition_number,log_path,error_message
20260927_101616_608,20260927_101616_608_baseline_A,baseline,A,2026-09-27T10:16:17.008,2026-09-27T10:16:17.719,PASS,C:\Users\Chow\Desktop\codex\RANK_endo\code\stackelberg_B\robustness\scheme_A\RANK_two_region_scheme_A.mod,C:\Users\Chow\Desktop\codex\RANK_endo\code\stackelberg_B\robustness\sensitivity_sanity\generated\baseline\A\RANK_scheme_A_baseline.mod,a1b7cf0402edfe3bf7c5b0f22eda20c36b2b750682c30e5056823fc41dc6ff6f,a31e0bfd0cc32b13c3ce5688d2bbdb6f8f9e550087ce213f150450acb0d93bde,0.1,0.45,2.5,20,2026a,7.0,78,78,4.44089209850063e-16,78,78,24,24,PASS,0.0025,1,40,PASS,PASS,0,0.0331000000000001,NOT_APPLICABLE,NaN,NaN,NaN,NaN,C:\Users\Chow\Desktop\codex\RANK_endo\code\stackelberg_B\robustness\sensitivity_sanity\generated\baseline\A\validation\dynare_console_output.txt,
20260927_101616_608,20260927_101616_608_baseline_B,baseline,B,2026-09-27T10:16:17.860,2026-09-27T10:16:18.534,PASS,C:\Users\Chow\Desktop\codex\RANK_endo\code\stackelberg_B\baseline\RANK_two_region_stackelberg.mod,C:\Users\Chow\Desktop\codex\RANK_endo\code\stackelberg_B\robustness\sensitivity_sanity\generated\baseline\B\RANK_scheme_B_baseline.mod,09613b0c42538c3b2ee4953be3bfc310442c44194165f3f801d817ae599a1ae9,8482466b3aa6f181e49fb1bb18fb025f52e450e1ad95406b2f1508eee8d334f6,0.1,0.45,2.5,20,2026a,7.0,86,86,3.19744231092045e-14,86,86,32,32,PASS,0.0025,1,40,PASS,PASS,0,NaN,PASS,1,3.5527136788005e-15,6,13.204374545951,C:\Users\Chow\Desktop\codex\RANK_endo\code\stackelberg_B\robustness\sensitivity_sanity\generated\baseline\B\validation\dynare_console_output.txt,
20260927_101616_608,20260927_101616_608_gamma_low_A,gamma_low,A,2026-09-27T10:16:18.847,2026-09-27T10:16:19.520,PASS,C:\Users\Chow\Desktop\codex\RANK_endo\code\stackelberg_B\robustness\scheme_A\RANK_two_region_scheme_A.mod,C:\Users\Chow\Desktop\codex\RANK_endo\code\stackelberg_B\robustness\sensitivity_sanity\generated\gamma_low\A\RANK_scheme_A_gamma_low.mod,a1b7cf0402edfe3bf7c5b0f22eda20c36b2b750682c30e5056823fc41dc6ff6f,68c06611aa37ec3253bcdaa542b7be125c73be7719701e8fff0598aa1ee8cace,0.05,0.45,2.5,20,2026a,7.0,78,78,1.77635683940025e-15,78,78,24,24,PASS,0.0025,1,40,PASS,PASS,5.55111512312578e-17,0.0339250000000001,NOT_APPLICABLE,NaN,NaN,NaN,NaN,C:\Users\Chow\Desktop\codex\RANK_endo\code\stackelberg_B\robustness\sensitivity_sanity\generated\gamma_low\A\validation\dynare_console_output.txt,
20260927_101616_608,20260927_101616_608_gamma_low_B,gamma_low,B,2026-09-27T10:16:19.669,2026-09-27T10:16:20.274,PASS,C:\Users\Chow\Desktop\codex\RANK_endo\code\stackelberg_B\baseline\RANK_two_region_stackelberg.mod,C:\Users\Chow\Desktop\codex\RANK_endo\code\stackelberg_B\robustness\sensitivity_sanity\generated\gamma_low\B\RANK_scheme_B_gamma_low.mod,09613b0c42538c3b2ee4953be3bfc310442c44194165f3f801d817ae599a1ae9,2775e93bc48ddebaf16ff77c2076a774e06480821ada43817af79cf6bd4f5601,0.05,0.45,2.5,20,2026a,7.0,86,86,3.01980662698043e-14,86,86,32,32,PASS,0.0025,1,40,PASS,PASS,0,NaN,PASS,1,5.32907051820075e-15,6,9.34598984720626,C:\Users\Chow\Desktop\codex\RANK_endo\code\stackelberg_B\robustness\sensitivity_sanity\generated\gamma_low\B\validation\dynare_console_output.txt,
20260927_101616_608,20260927_101616_608_gamma_high_A,gamma_high,A,2026-09-27T10:16:20.478,2026-09-27T10:16:21.023,PASS,C:\Users\Chow\Desktop\codex\RANK_endo\code\stackelberg_B\robustness\scheme_A\RANK_two_region_scheme_A.mod,C:\Users\Chow\Desktop\codex\RANK_endo\code\stackelberg_B\robustness\sensitivity_sanity\generated\gamma_high\A\RANK_scheme_A_gamma_high.mod,a1b7cf0402edfe3bf7c5b0f22eda20c36b2b750682c30e5056823fc41dc6ff6f,0a48671f545fe0610f3e6f65d45b770d837236d1a223190c53bda78846169d09,0.15,0.45,2.5,20,2026a,7.0,78,78,4.44089209850063e-16,78,78,24,24,PASS,0.0025,1,40,PASS,PASS,1.11022302462516e-16,0.0322750000000001,NOT_APPLICABLE,NaN,NaN,NaN,NaN,C:\Users\Chow\Desktop\codex\RANK_endo\code\stackelberg_B\robustness\sensitivity_sanity\generated\gamma_high\A\validation\dynare_console_output.txt,
20260927_101616_608,20260927_101616_608_gamma_high_B,gamma_high,B,2026-09-27T10:16:21.159,2026-09-27T10:16:21.738,PASS,C:\Users\Chow\Desktop\codex\RANK_endo\code\stackelberg_B\baseline\RANK_two_region_stackelberg.mod,C:\Users\Chow\Desktop\codex\RANK_endo\code\stackelberg_B\robustness\sensitivity_sanity\generated\gamma_high\B\RANK_scheme_B_gamma_high.mod,09613b0c42538c3b2ee4953be3bfc310442c44194165f3f801d817ae599a1ae9,3e42ba9b90adc430cf4edb0e9201b09e793b5ac2093f1cb084943062b7aa56ce,0.15,0.45,2.5,20,2026a,7.0,86,86,5.6843418860808e-14,86,86,32,32,PASS,0.0025,1,40,PASS,PASS,0,NaN,PASS,1,7.105427357601e-15,6,20.4581591690615,C:\Users\Chow\Desktop\codex\RANK_endo\code\stackelberg_B\robustness\sensitivity_sanity\generated\gamma_high\B\validation\dynare_console_output.txt,
20260927_101616_608,20260927_101616_608_phiI_low_A,phiI_low,A,2026-09-27T10:16:21.891,2026-09-27T10:16:22.384,PASS,C:\Users\Chow\Desktop\codex\RANK_endo\code\stackelberg_B\robustness\scheme_A\RANK_two_region_scheme_A.mod,C:\Users\Chow\Desktop\codex\RANK_endo\code\stackelberg_B\robustness\sensitivity_sanity\generated\phiI_low\A\RANK_scheme_A_phiI_low.mod,a1b7cf0402edfe3bf7c5b0f22eda20c36b2b750682c30e5056823fc41dc6ff6f,ec6cee743461187ba956a21b0cae0e3b6f2629983244377bbfe631d84e0bdc1e,0.1,0.45,1.25,20,2026a,7.0,78,78,4.44089209850063e-16,78,78,24,24,PASS,0.0025,1,40,PASS,PASS,0,0.0331000000000001,NOT_APPLICABLE,NaN,NaN,NaN,NaN,C:\Users\Chow\Desktop\codex\RANK_endo\code\stackelberg_B\robustness\sensitivity_sanity\generated\phiI_low\A\validation\dynare_console_output.txt,
20260927_101616_608,20260927_101616_608_phiI_low_B,phiI_low,B,2026-09-27T10:16:22.533,2026-09-27T10:16:23.171,PASS,C:\Users\Chow\Desktop\codex\RANK_endo\code\stackelberg_B\baseline\RANK_two_region_stackelberg.mod,C:\Users\Chow\Desktop\codex\RANK_endo\code\stackelberg_B\robustness\sensitivity_sanity\generated\phiI_low\B\RANK_scheme_B_phiI_low.mod,09613b0c42538c3b2ee4953be3bfc310442c44194165f3f801d817ae599a1ae9,0e61ed5a1547f8286325a6e8268ba6c6328b4ca5fa88689930abf4ee9a7d4bd3,0.1,0.45,1.25,20,2026a,7.0,86,86,3.37507799486048e-14,86,86,32,32,PASS,0.0025,1,40,PASS,PASS,0,NaN,PASS,1,3.5527136788005e-15,6,13.2043745493262,C:\Users\Chow\Desktop\codex\RANK_endo\code\stackelberg_B\robustness\sensitivity_sanity\generated\phiI_low\B\validation\dynare_console_output.txt,
20260927_101616_608,20260927_101616_608_phiI_high_A,phiI_high,A,2026-09-27T10:16:23.379,2026-09-27T10:16:23.951,PASS,C:\Users\Chow\Desktop\codex\RANK_endo\code\stackelberg_B\robustness\scheme_A\RANK_two_region_scheme_A.mod,C:\Users\Chow\Desktop\codex\RANK_endo\code\stackelberg_B\robustness\sensitivity_sanity\generated\phiI_high\A\RANK_scheme_A_phiI_high.mod,a1b7cf0402edfe3bf7c5b0f22eda20c36b2b750682c30e5056823fc41dc6ff6f,54efe0ffd61cfb301693ebdb163516c1de28740784b4f72651b8d84a529b51fc,0.1,0.45,5,20,2026a,7.0,78,78,4.44089209850063e-16,78,78,24,24,PASS,0.0025,1,40,PASS,PASS,0,0.0331000000000001,NOT_APPLICABLE,NaN,NaN,NaN,NaN,C:\Users\Chow\Desktop\codex\RANK_endo\code\stackelberg_B\robustness\sensitivity_sanity\generated\phiI_high\A\validation\dynare_console_output.txt,
20260927_101616_608,20260927_101616_608_phiI_high_B,phiI_high,B,2026-09-27T10:16:24.086,2026-09-27T10:16:24.712,PASS,C:\Users\Chow\Desktop\codex\RANK_endo\code\stackelberg_B\baseline\RANK_two_region_stackelberg.mod,C:\Users\Chow\Desktop\codex\RANK_endo\code\stackelberg_B\robustness\sensitivity_sanity\generated\phiI_high\B\RANK_scheme_B_phiI_high.mod,09613b0c42538c3b2ee4953be3bfc310442c44194165f3f801d817ae599a1ae9,05e3aba9cb8d147aa0f1adf7ec2e2bfa425c83bcaaa7dc64d9554540008f83dd,0.1,0.45,5,20,2026a,7.0,86,86,3.19744231092045e-14,86,86,32,32,PASS,0.0025,1,40,PASS,PASS,0,NaN,PASS,3,4.02455846426619e-16,6,13.2043745388547,C:\Users\Chow\Desktop\codex\RANK_endo\code\stackelberg_B\robustness\sensitivity_sanity\generated\phiI_high\B\validation\dynare_console_output.txt,
20260927_101616_608,20260927_101616_608_chiIG_low_A,chiIG_low,A,2026-09-27T10:16:24.885,2026-09-27T10:16:25.430,PASS,C:\Users\Chow\Desktop\codex\RANK_endo\code\stackelberg_B\robustness\scheme_A\RANK_two_region_scheme_A.mod,C:\Users\Chow\Desktop\codex\RANK_endo\code\stackelberg_B\robustness\sensitivity_sanity\generated\chiIG_low\A\RANK_scheme_A_chiIG_low.mod,a1b7cf0402edfe3bf7c5b0f22eda20c36b2b750682c30e5056823fc41dc6ff6f,95875ab22b14b84df8a9bbc3068ee6c3120b473156365419b636c9a526ca8492,0.1,0.45,2.5,10,2026a,7.0,78,78,4.44089209850063e-16,78,78,24,24,PASS,0.0025,1,40,PASS,PASS,0,0.0331000000000001,NOT_APPLICABLE,NaN,NaN,NaN,NaN,C:\Users\Chow\Desktop\codex\RANK_endo\code\stackelberg_B\robustness\sensitivity_sanity\generated\chiIG_low\A\validation\dynare_console_output.txt,
20260927_101616_608,20260927_101616_608_chiIG_low_B,chiIG_low,B,2026-09-27T10:16:25.568,2026-09-27T10:16:26.229,PASS,C:\Users\Chow\Desktop\codex\RANK_endo\code\stackelberg_B\baseline\RANK_two_region_stackelberg.mod,C:\Users\Chow\Desktop\codex\RANK_endo\code\stackelberg_B\robustness\sensitivity_sanity\generated\chiIG_low\B\RANK_scheme_B_chiIG_low.mod,09613b0c42538c3b2ee4953be3bfc310442c44194165f3f801d817ae599a1ae9,daf40db45cd5c93ef0febc990212c500cc2cbac7354618e80d3bd82631d4f9a8,0.1,0.45,2.5,10,2026a,7.0,86,86,3.19744231092045e-14,86,86,32,32,PASS,0.0025,1,40,PASS,PASS,0,NaN,PASS,1,3.5527136788005e-15,6,13.204374545951,C:\Users\Chow\Desktop\codex\RANK_endo\code\stackelberg_B\robustness\sensitivity_sanity\generated\chiIG_low\B\validation\dynare_console_output.txt,
20260927_101616_608,20260927_101616_608_chiIG_high_A,chiIG_high,A,2026-09-27T10:16:26.398,2026-09-27T10:16:26.949,PASS,C:\Users\Chow\Desktop\codex\RANK_endo\code\stackelberg_B\robustness\scheme_A\RANK_two_region_scheme_A.mod,C:\Users\Chow\Desktop\codex\RANK_endo\code\stackelberg_B\robustness\sensitivity_sanity\generated\chiIG_high\A\RANK_scheme_A_chiIG_high.mod,a1b7cf0402edfe3bf7c5b0f22eda20c36b2b750682c30e5056823fc41dc6ff6f,52ea7fd378213e0082227632bae5b0d70637db684975bc8b264c22f2e59b4e0c,0.1,0.45,2.5,40,2026a,7.0,78,78,4.44089209850063e-16,78,78,24,24,PASS,0.0025,1,40,PASS,PASS,0,0.0331000000000001,NOT_APPLICABLE,NaN,NaN,NaN,NaN,C:\Users\Chow\Desktop\codex\RANK_endo\code\stackelberg_B\robustness\sensitivity_sanity\generated\chiIG_high\A\validation\dynare_console_output.txt,
20260927_101616_608,20260927_101616_608_chiIG_high_B,chiIG_high,B,2026-09-27T10:16:27.092,2026-09-27T10:16:27.708,PASS,C:\Users\Chow\Desktop\codex\RANK_endo\code\stackelberg_B\baseline\RANK_two_region_stackelberg.mod,C:\Users\Chow\Desktop\codex\RANK_endo\code\stackelberg_B\robustness\sensitivity_sanity\generated\chiIG_high\B\RANK_scheme_B_chiIG_high.mod,09613b0c42538c3b2ee4953be3bfc310442c44194165f3f801d817ae599a1ae9,59f969c3cb55ad85c10c51c961c70161a587d8d72098c7c08992fe05fee50ebf,0.1,0.45,2.5,40,2026a,7.0,86,86,3.19744231092045e-14,86,86,32,32,PASS,0.0025,1,40,PASS,PASS,0,NaN,PASS,1,3.5527136788005e-15,6,13.204374545951,C:\Users\Chow\Desktop\codex\RANK_endo\code\stackelberg_B\robustness\sensitivity_sanity\generated\chiIG_high\B\validation\dynare_console_output.txt,
20260927_101616_608,20260927_101616_608_alpha_low_A,alpha_low,A,2026-09-27T10:16:27.870,2026-09-27T10:16:28.413,PASS,C:\Users\Chow\Desktop\codex\RANK_endo\code\stackelberg_B\robustness\scheme_A\RANK_two_region_scheme_A.mod,C:\Users\Chow\Desktop\codex\RANK_endo\code\stackelberg_B\robustness\sensitivity_sanity\generated\alpha_low\A\RANK_scheme_A_alpha_low.mod,a1b7cf0402edfe3bf7c5b0f22eda20c36b2b750682c30e5056823fc41dc6ff6f,5098f14027611d8d55d6bfcfe5c878699b813ef2f737d6b2a85779d17c48975c,0.1,0.4,2.5,20,2026a,7.0,78,78,1.77635683940025e-15,78,78,24,24,PASS,0.0025,1,40,PASS,PASS,0,0.0331000000000001,NOT_APPLICABLE,NaN,NaN,NaN,NaN,C:\Users\Chow\Desktop\codex\RANK_endo\code\stackelberg_B\robustness\sensitivity_sanity\generated\alpha_low\A\validation\dynare_console_output.txt,
20260927_101616_608,20260927_101616_608_alpha_low_B,alpha_low,B,2026-09-27T10:16:28.556,2026-09-27T10:16:29.175,PASS,C:\Users\Chow\Desktop\codex\RANK_endo\code\stackelberg_B\baseline\RANK_two_region_stackelberg.mod,C:\Users\Chow\Desktop\codex\RANK_endo\code\stackelberg_B\robustness\sensitivity_sanity\generated\alpha_low\B\RANK_scheme_B_alpha_low.mod,09613b0c42538c3b2ee4953be3bfc310442c44194165f3f801d817ae599a1ae9,b385f9b9681a3dc3bdc062009b58774466e6109b713962e69823f2241f9cf1d3,0.1,0.4,2.5,20,2026a,7.0,86,86,2.66453525910038e-14,86,86,32,32,PASS,0.0025,1,40,PASS,PASS,0,NaN,PASS,1,7.105427357601e-15,6,11.8910625284134,C:\Users\Chow\Desktop\codex\RANK_endo\code\stackelberg_B\robustness\sensitivity_sanity\generated\alpha_low\B\validation\dynare_console_output.txt,
20260927_101616_608,20260927_101616_608_alpha_high_A,alpha_high,A,2026-09-27T10:16:29.337,2026-09-27T10:16:29.887,PASS,C:\Users\Chow\Desktop\codex\RANK_endo\code\stackelberg_B\robustness\scheme_A\RANK_two_region_scheme_A.mod,C:\Users\Chow\Desktop\codex\RANK_endo\code\stackelberg_B\robustness\sensitivity_sanity\generated\alpha_high\A\RANK_scheme_A_alpha_high.mod,a1b7cf0402edfe3bf7c5b0f22eda20c36b2b750682c30e5056823fc41dc6ff6f,8eda47fcf75bce82ba0256c609da534b1ec7a859f8f38efd4e970a6668184568,0.1,0.5,2.5,20,2026a,7.0,78,78,4.44089209850063e-16,78,78,24,24,PASS,0.0025,1,40,PASS,PASS,0,0.0331000000000001,NOT_APPLICABLE,NaN,NaN,NaN,NaN,C:\Users\Chow\Desktop\codex\RANK_endo\code\stackelberg_B\robustness\sensitivity_sanity\generated\alpha_high\A\validation\dynare_console_output.txt,
20260927_101616_608,20260927_101616_608_alpha_high_B,alpha_high,B,2026-09-27T10:16:30.021,2026-09-27T10:16:30.638,PASS,C:\Users\Chow\Desktop\codex\RANK_endo\code\stackelberg_B\baseline\RANK_two_region_stackelberg.mod,C:\Users\Chow\Desktop\codex\RANK_endo\code\stackelberg_B\robustness\sensitivity_sanity\generated\alpha_high\B\RANK_scheme_B_alpha_high.mod,09613b0c42538c3b2ee4953be3bfc310442c44194165f3f801d817ae599a1ae9,22a4cc391fb98ecbc00d88ee3da16d6c8cd1a71309116b8dadb79bb75099f524,0.1,0.5,2.5,20,2026a,7.0,86,86,1.17239551400417e-13,86,86,32,32,PASS,0.0025,1,40,PASS,PASS,0,NaN,PASS,1,1.4210854715202e-14,6,22.5231540561504,C:\Users\Chow\Desktop\codex\RANK_endo\code\stackelberg_B\robustness\sensitivity_sanity\generated\alpha_high\B\validation\dynare_console_output.txt,
