batch_run_id,scenario_id,phi_i,gamma_g,chi_ig,alpha,LambdaG,QG,muR,muK,muQ,muI,exitflag,iterations,function_count,max_raw_residual,jacobian_rank,jacobian_dimension,raw_condition_number,scaled_condition_number,muI_identity_error,private_steady_N,private_steady_W,status
20260927_101616_608,baseline,2.5,0.1,20,0.45,4.36893203883495,4.36893203883495,-0.167717916947058,0,-94.3689320388348,-2.35922330097087,1,2,39,3.5527136788005e-15,6,6,190196.807996761,13.204374545951,0,0.108259193121186,4.23366663023501,PASS
20260927_101616_608,gamma_low,2.5,0.05,20,0.45,1.8595041322314,1.8595041322314,-0.164650227759625,0,-80.3305785123963,-2.00826446280991,1,2,39,5.32907051820075e-15,6,6,126396.578069592,9.34598984720626,0,0.124852087327294,3.67101057855633,PASS
20260927_101616_608,gamma_high,2.5,0.15,20,0.45,7.94117647058819,7.94117647058819,-0.176224682689088,0,-114.35294117647,-2.85882352941175,1,3,52,7.105427357601e-15,6,6,295016.192334834,20.4581591690615,5.77315972805081e-15,0.0938715014393532,4.88256101485119,PASS
20260927_101616_608,phiI_low,1.25,0.1,20,0.45,4.36893203883492,4.36893203883492,-0.167717916947058,0,-94.3689320388346,-2.35922330097086,1,2,39,3.5527136788005e-15,6,6,190196.807990248,13.2043745493262,0,0.108259193121186,4.23366663023501,PASS
20260927_101616_608,phiI_high,5,0.1,20,0.45,4.36893203883496,4.36893203883496,-0.167717916947059,0,-94.3689320388351,-2.35922330097088,3,2,39,4.02455846426619e-16,6,6,190196.807863896,13.2043745388547,0,0.108259193121186,4.23366663023501,PASS
20260927_101616_608,chiIG_low,2.5,0.1,10,0.45,4.36893203883495,4.36893203883495,-0.167717916947058,0,-94.3689320388348,-2.35922330097087,1,2,39,3.5527136788005e-15,6,6,190196.807996761,13.204374545951,0,0.108259193121186,4.23366663023501,PASS
20260927_101616_608,chiIG_high,2.5,0.1,40,0.45,4.36893203883495,4.36893203883495,-0.167717916947058,0,-94.3689320388348,-2.35922330097087,1,2,39,3.5527136788005e-15,6,6,190196.807996761,13.204374545951,0,0.108259193121186,4.23366663023501,PASS
20260927_101616_608,alpha_low,2.5,0.1,20,0.4,3.89150943396224,3.89150943396224,-0.265134405657216,0,-74.7169811320749,-1.86792452830187,1,2,39,7.105427357601e-15,6,6,52250.7935310887,11.8910625284134,0,0.171693441722088,2.9121671450289,PASS
20260927_101616_608,alpha_high,2.5,0.1,20,0.5,4.97987927565389,4.97987927565389,-0.0964880118711765,0,-119.517102615693,-2.98792756539233,1,3,52,1.4210854715202e-14,6,6,847515.30419258,22.5231540561504,3.10862446895044e-15,0.0615577317198328,6.76871377527422,PASS
