scenario,label,debt_ratio,metric,variable,t1,t4,t8,t12
debt_intensity_b040,B2/(4X2) = 40%,0.4,Net real debt-service burden,ds2,0.00285400830535371,0.00124513422630004,8.32010970786348e-06,-1.27034749616214e-05
debt_intensity_b040,B2/(4X2) = 40%,0.4,Public investment,ig2,-0.000222260247576947,-0.000591073320326943,-0.000727832804887418,-0.000663540600201351
debt_intensity_b040,B2/(4X2) = 40%,0.4,Public capital,kg2,-0.000222260247577211,-0.0016538333970999,-0.00418782610922985,-0.0064715755144551
debt_intensity_b040,B2/(4X2) = 40%,0.4,Production GDP,xloc2,-0.00224921269104172,-0.00125083002394444,-0.000608492187784693,-0.000391315412735183
debt_intensity_b040,B2/(4X2) = 40%,0.4,Consumption,c2,-0.00126460334616818,-2.88186189445483e-06,7.74943586449028e-05,1.50606885099824e-05
debt_intensity_b040,B2/(4X2) = 40%,0.4,Inflation,pinf2,-0.00174342551202722,-0.000279691666849602,3.68282014775456e-05,5.31162156407472e-05
debt_intensity_b080,B2/(4X2) = 80%,0.8,Net real debt-service burden,ds2,0.005676331593565,0.00255756326950963,-5.69884333233989e-06,-8.24101307420957e-05
debt_intensity_b080,B2/(4X2) = 80%,0.8,Public investment,ig2,-0.000396277490601421,-0.00111427272570837,-0.00139574734928931,-0.00126480492603841
debt_intensity_b080,B2/(4X2) = 80%,0.8,Public capital,kg2,-0.000396277490601449,-0.00306444387260552,-0.00791781669224445,-0.012293800757015
debt_intensity_b080,B2/(4X2) = 80%,0.8,Production GDP,xloc2,-0.00232208065805384,-0.00153463712235458,-0.000929601780427558,-0.00066276312542235
debt_intensity_b080,B2/(4X2) = 80%,0.8,Consumption,c2,-0.00120345447236092,7.28233869067285e-05,0.000153073988012453,7.23419001407155e-05
debt_intensity_b080,B2/(4X2) = 80%,0.8,Inflation,pinf2,-0.00173289428017864,-0.000285984380989368,4.36735894742135e-05,6.55808117189238e-05
debt_intensity_b120,B2/(4X2) = 120%,1.2,Net real debt-service burden,ds2,0.00848140039386583,0.00393510334380322,-4.26676624275396e-05,-0.000207751654368878
debt_intensity_b120,B2/(4X2) = 120%,1.2,Public investment,ig2,-0.000568263308785247,-0.00162856443452376,-0.00204412181051608,-0.00183689784473134
debt_intensity_b120,B2/(4X2) = 120%,1.2,Public capital,kg2,-0.0005682633087849,-0.00445397456285068,-0.0115687346028244,-0.0179450071147036
debt_intensity_b120,B2/(4X2) = 120%,1.2,Production GDP,xloc2,-0.00239385097706613,-0.00180798930795767,-0.00123377401289837,-0.000913775133800088
debt_intensity_b120,B2/(4X2) = 120%,1.2,Consumption,c2,-0.00114528941537584,0.000145345267596242,0.000224715926901542,0.000125602784476708
debt_intensity_b120,B2/(4X2) = 120%,1.2,Inflation,pinf2,-0.00172535032146415,-0.00029370209826074,4.90379362882987e-05,7.64499632235349e-05
debt_intensity_b160,B2/(4X2) = 160%,1.6,Net real debt-service burden,ds2,0.011281962514083,0.00537338152899938,-0.000105585302743752,-0.000389096745475062
debt_intensity_b160,B2/(4X2) = 160%,1.6,Public investment,ig2,-0.00073831336700321,-0.00213427744478673,-0.00267364749943695,-0.0023810475783832
debt_intensity_b160,B2/(4X2) = 160%,1.6,Public capital,kg2,-0.000738313367003585,-0.00582326229928842,-0.0151434405965496,-0.0234317037329133
debt_intensity_b160,B2/(4X2) = 160%,1.6,Production GDP,xloc2,-0.00246460504538148,-0.00207164404924365,-0.00152219870450077,-0.0011458514099103
debt_intensity_b160,B2/(4X2) = 160%,1.6,Consumption,c2,-0.00108988392313791,0.000214902731973221,0.00029267537565103,0.000175105055400304
debt_intensity_b160,B2/(4X2) = 160%,1.6,Inflation,pinf2,-0.0017205325259434,-0.000302689428747671,5.31047301550736e-05,8.5928988266426e-05
