scenario,label,debt_ratio,metric,low_var,high_var,diff_t1,diff_t4,diff_t8,diff_t12
debt_intensity_b040,B2/Y2 = 40%,0.4,Debt service pressure,ds1,ds2,-3.12250225675825e-17,-3.98986399474666e-17,-1.90819582357449e-17,-5.20417042793042e-18
debt_intensity_b040,B2/Y2 = 40%,0.4,Public investment,ig1,ig2,8.32667268468867e-17,2.35922392732846e-16,3.7470027081099e-16,4.16333634234434e-16
debt_intensity_b040,B2/Y2 = 40%,0.4,Public capital,kg1,kg2,0,0,-8.88178419700125e-16,0
debt_intensity_b040,B2/Y2 = 40%,0.4,Final output,y1,y2,0,6.66133814775094e-16,1.11022302462516e-15,1.22124532708767e-15
debt_intensity_b040,B2/Y2 = 40%,0.4,Consumption,c1,c2,0,1.11022302462516e-16,1.11022302462516e-16,1.11022302462516e-16
debt_intensity_b040,B2/Y2 = 40%,0.4,Inflation,pinf1,pinf2,1.11022302462516e-16,1.11022302462516e-16,0,0
debt_intensity_b080,B2/Y2 = 80%,0.8,Debt service pressure,ds1,ds2,0.00334537905493178,0.00111476306570088,-3.91548053796983e-06,5.59970923325222e-06
debt_intensity_b080,B2/Y2 = 80%,0.8,Public investment,ig1,ig2,-0.000184130325303233,-0.000555726156640624,-0.00072057683210211,-0.000665855538702478
debt_intensity_b080,B2/Y2 = 80%,0.8,Public capital,kg1,kg2,-0.0001841303253034,-0.00149561316518465,-0.00398368770213686,-0.00628595045234892
debt_intensity_b080,B2/Y2 = 80%,0.8,Final output,y1,y2,-0.00021353953100256,-0.000548956084269969,-0.000606956920285007,-0.000515536503346792
debt_intensity_b080,B2/Y2 = 80%,0.8,Consumption,c1,c2,3.94344878140718e-06,2.40814212858487e-05,3.26174402657253e-05,2.3383745696659e-05
debt_intensity_b080,B2/Y2 = 80%,0.8,Inflation,pinf1,pinf2,-6.34910386417831e-05,-3.08538297014715e-05,6.15477834942091e-06,1.78979277447588e-05
debt_intensity_b120,B2/Y2 = 120%,1.2,Debt service pressure,ds1,ds2,0.00668224460841483,0.00225281870900289,-1.22647808077792e-05,-3.03430419228493e-06
debt_intensity_b120,B2/Y2 = 120%,1.2,Public investment,ig1,ig2,-0.000367876461137104,-0.00110954332127755,-0.00143639030008919,-0.00132401715283229
debt_intensity_b120,B2/Y2 = 120%,1.2,Public capital,kg1,kg2,-0.000367876461137229,-0.0029868793786223,-0.00794932441155805,-0.0125299491650468
debt_intensity_b120,B2/Y2 = 120%,1.2,Final output,y1,y2,-0.000425552427855691,-0.00109321648503624,-0.00120653958133254,-0.00102197331759679
debt_intensity_b120,B2/Y2 = 120%,1.2,Consumption,c1,c2,7.83420228522846e-06,4.79101240358215e-05,6.48478587319534e-05,4.63875661611546e-05
debt_intensity_b120,B2/Y2 = 120%,1.2,Inflation,pinf1,pinf2,-0.000126460063587408,-6.13655649402967e-05,1.24294496741673e-05,3.57815340619183e-05
debt_intensity_b160,B2/Y2 = 160%,1.6,Debt service pressure,ds1,ds2,0.010011763115125,0.00341375738382455,-2.53281133181541e-05,-2.59916471280442e-05
debt_intensity_b160,B2/Y2 = 160%,1.6,Public investment,ig1,ig2,-0.000551242627193957,-0.00166146422828406,-0.00214747116022106,-0.00197455149122649
debt_intensity_b160,B2/Y2 = 160%,1.6,Public capital,kg1,kg2,-0.000551242627193638,-0.00447383217803754,-0.0118970286668993,-0.0187323041174903
debt_intensity_b160,B2/Y2 = 160%,1.6,Final output,y1,y2,-0.000636065235830596,-0.00163285643066879,-0.00179885987684181,-0.0015194563308919
debt_intensity_b160,B2/Y2 = 160%,1.6,Consumption,c1,c2,1.16729147729977e-05,7.14897342990461e-05,9.66966969191407e-05,6.90167319339352e-05
debt_intensity_b160,B2/Y2 = 160%,1.6,Inflation,pinf1,pinf2,-0.000188915423423364,-9.15399929481975e-05,1.8822707664512e-05,5.36504938937199e-05
